user_id,first_name,last_name,email,phone,date_of_birth,street_address,city,state,zip_code,country,department,status,created_at
1a3d1fa7-bc89-60a9-23b8-c1e9392456de,Kenneth,Davis,kenneth.davis@gmail.com,+1-892-858-9935,1970-12-26,1425 Park Blvd,Dallas,TX,75201,US,Engineering,active,2024-02-07
b38a088c-a65e-d389-b74d-0fb132e70629,Joseph,Allen,joseph.allen@icloud.com,+1-758-529-4611,1985-03-05,7360 Pine Rd,New York,NY,10001,US,Engineering,active,2024-12-14
6142ea7d-17be-3111-1a2a-73ed562b0f79,Lisa,Moore,lisa.moore@yahoo.com,+1-299-467-6635,1994-04-01,9892 Pine Rd,San Antonio,TX,78201,US,Engineering,inactive,2024-09-04
dc98d2c1-e2ac-f72f-9e57-4f7aa0ee89ae,Matthew,Garcia,matthew.garcia@icloud.com,+1-570-691-4150,1997-03-15,1140 Main St,San Jose,CA,95101,US,Finance,active,2024-02-28
29a3b2e9-5d65-a441-d588-42dea2bc372f,Joseph,Miller,joseph.miller@hotmail.com,+1-579-463-4432,1980-05-03,4375 Oak Ave,Dallas,TX,75201,US,Sales,suspended,2024-12-08
af42e12f-3838-b326-8e94-4239b02b61c4,David,Robinson,david.robinson@hotmail.com,+1-532-963-1916,1988-09-15,3753 Main St,Dallas,TX,75201,US,Operations,inactive,2024-05-03
e27a984d-6548-21d0-7fcd-9eb1a7cad415,Susan,Torres,susan.torres@example.com,+1-858-569-3340,1969-07-15,4340 Maple Dr,Austin,TX,73301,US,Finance,suspended,2024-09-09
ff5e9ff0-ff50-bde4-3825-67b85cabcc97,Melissa,Nguyen,melissa.nguyen@hotmail.com,+1-341-621-9085,1977-11-30,1490 Main St,Denver,CO,80201,US,Marketing,active,2024-11-06
77d21e02-ff01-cf99-988c-24c961b1cd22,Carol,Ramirez,carol.ramirez@icloud.com,+1-741-357-1188,1977-04-05,1877 Pine Rd,Chicago,IL,60601,US,Operations,active,2024-05-14
e9a1fa6f-81f7-6d1c-2dbc-2134c30ff46e,David,Robinson,david.robinson@gmail.com,+1-308-991-5889,1982-06-15,8318 Cedar Ln,Dallas,TX,75201,US,Sales,active,2024-03-18
edd96831-1ca3-5cfb-04fc-6d827d154385,Deborah,King,deborah.king@gmail.com,+1-571-999-6038,1974-07-16,3924 Main St,Nashville,TN,37201,US,Finance,suspended,2024-02-03
79ac1b1e-a8e5-6e0c-20de-435d2031d750,George,Young,george.young@gmail.com,+1-762-269-5342,1994-05-09,8646 Park Blvd,Seattle,WA,98101,US,Finance,suspended,2024-12-23
e64d1bcb-7027-53a1-5f98-7c71a65e688e,Richard,Rivera,richard.rivera@outlook.com,+1-729-562-2982,1990-02-16,4062 Cedar Ln,Fort Worth,TX,76101,US,Marketing,active,2024-01-19
0f1259e0-a18f-f6b6-b535-106e122c9a56,Kimberly,Anderson,kimberly.anderson@icloud.com,+1-434-169-1514,1960-04-27,5414 Oak Ave,San Diego,CA,92101,US,Finance,active,2024-11-16
7914c120-c8dc-d19f-3e35-11287900f7f9,Susan,Wright,susan.wright@yahoo.com,+1-616-294-2545,1985-11-05,1589 Park Blvd,Denver,CO,80201,US,Operations,inactive,2024-07-15
ccf3a171-56dc-8907-ba6c-34ab6712303a,George,Brown,george.brown@example.com,+1-311-354-4139,1962-09-20,3117 Lake Dr,Houston,TX,77001,US,Sales,inactive,2024-03-09
19108be5-8ce2-1ea3-db20-a56edc815fe7,Sandra,Thomas,sandra.thomas@gmail.com,+1-251-767-9856,1996-03-30,242 Oak Ave,Charlotte,NC,28201,US,Finance,active,2024-07-16
63f2ae24-fc3d-3348-008d-4127610461e3,Donald,Wilson,donald.wilson@hotmail.com,+1-471-902-8454,1967-05-21,4674 Park Blvd,Los Angeles,CA,90001,US,Legal,active,2024-04-10
0cd620c2-0ea2-622b-5048-67babf7b539b,Susan,Brown,susan.brown@icloud.com,+1-798-588-9238,1962-09-25,8702 Maple Dr,Seattle,WA,98101,US,Engineering,suspended,2024-02-28
1eb0e38a-675d-d5af-3c36-5296dca02eec,Elizabeth,Jones,elizabeth.jones@icloud.com,+1-783-352-1651,1990-04-15,1344 Park Blvd,Chicago,IL,60601,US,Operations,active,2024-04-22
4ccc9bc2-a53f-8a28-abf3-e3fc21813d25,Amanda,Lee,amanda.lee@yahoo.com,+1-668-423-2188,1977-10-02,153 Lake Dr,Dallas,TX,75201,US,Marketing,active,2024-09-07
5e9953d2-3e89-6c64-e117-dac3119c4ea3,Steven,Taylor,steven.taylor@yahoo.com,+1-491-261-8179,1999-07-07,8901 Pine Rd,Jacksonville,FL,32099,US,Engineering,suspended,2024-05-22
27cb6f2a-8da0-1097-be0f-051b1b66b5a9,Michael,Rodriguez,michael.rodriguez@outlook.com,+1-478-388-4450,1999-11-29,5618 Cedar Ln,Houston,TX,77001,US,HR,suspended,2024-08-09
5563f616-00e8-5ece-0b49-452d46d483f3,Patricia,Garcia,patricia.garcia@example.com,+1-989-233-5291,1997-03-15,2648 Lake Dr,Columbus,OH,43085,US,Product,suspended,2024-01-04
8d7248e2-951f-58d0-5e84-f058d5a804eb,Robert,Hall,robert.hall@yahoo.com,+1-351-540-3088,1961-08-13,686 Pine Rd,Seattle,WA,98101,US,Operations,active,2024-06-07
dfed2c43-e256-a6dc-8f54-86b7c7b5b2bc,Carol,Thomas,carol.thomas@example.com,+1-616-735-3532,1975-11-12,3879 Maple Dr,Houston,TX,77001,US,Sales,inactive,2024-01-06
1bac27a7-b386-f7a4-c991-603f28c13091,Melissa,Perez,melissa.perez@hotmail.com,+1-591-993-1634,1971-12-20,7712 Cedar Ln,San Diego,CA,92101,US,Finance,inactive,2024-06-10
11c58ef0-dd46-3c09-4752-87aa5408f9ac,Joseph,Anderson,joseph.anderson@gmail.com,+1-991-385-6753,1977-11-15,8347 Park Blvd,San Antonio,TX,78201,US,Operations,active,2024-02-09
ba81edd9-587e-f344-6f3f-920c98b8e4cc,Elizabeth,Nguyen,elizabeth.nguyen@outlook.com,+1-521-546-9379,1964-11-11,1895 Park Blvd,Los Angeles,CA,90001,US,Finance,active,2024-01-23
bcae8081-bdf0-70aa-f0b5-156bb82c9074,Margaret,Smith,margaret.smith@icloud.com,+1-886-301-6967,1990-10-23,7067 Oak Ave,Seattle,WA,98101,US,Operations,suspended,2024-06-22
6703b636-5380-b904-688c-7015aab97e49,Linda,Campbell,linda.campbell@outlook.com,+1-913-402-3085,1973-11-15,3144 Park Blvd,San Francisco,CA,94102,US,Product,active,2024-10-19
c9277d9b-6e0d-2648-35ce-884149732d6c,Karen,Sanchez,karen.sanchez@icloud.com,+1-793-721-6279,1973-08-18,7619 Lake Dr,New York,NY,10001,US,Legal,active,2024-09-16
9e87e04c-a208-6977-a9f2-533683f4a9a9,Melissa,Hernandez,melissa.hernandez@example.com,+1-543-195-4848,1972-09-23,5086 Cedar Ln,Chicago,IL,60601,US,Finance,active,2024-01-02
935f2b0a-a138-4ddc-e2d9-de5d6a18ce4c,Jessica,Walker,jessica.walker@icloud.com,+1-399-835-7291,1980-06-05,8100 Park Blvd,Chicago,IL,60601,US,Finance,active,2024-11-23
b227462c-f53d-4330-cdda-24ba2d06e8cf,James,Carter,james.carter@gmail.com,+1-730-575-1822,1969-10-25,9133 Cedar Ln,Columbus,OH,43085,US,Marketing,inactive,2024-03-26
e4347d51-c158-1092-f335-cba3513a7052,Sandra,Nelson,sandra.nelson@icloud.com,+1-653-727-9270,1986-09-16,6992 Lake Dr,Seattle,WA,98101,US,Sales,inactive,2024-08-09
a07295e9-7c0e-8cd8-8573-e793c715b2b9,Timothy,Thomas,timothy.thomas@example.com,+1-444-381-8206,1994-05-09,1270 Pine Rd,Dallas,TX,75201,US,Finance,active,2024-06-11
b4d7e28e-271e-3ee2-b1a6-b1f1620e99d3,Paul,Garcia,paul.garcia@yahoo.com,+1-419-165-7797,1970-05-16,6679 Elm St,Phoenix,AZ,85001,US,Legal,inactive,2024-01-07
6160a6b4-9360-715f-c3fe-0183e172b725,Anthony,Harris,anthony.harris@icloud.com,+1-688-106-6763,1998-06-06,4893 Park Blvd,New York,NY,10001,US,Product,suspended,2024-12-24
076e2bba-7c53-08bf-6f92-f25e45df16b6,Paul,Hill,paul.hill@yahoo.com,+1-598-444-7624,1969-11-04,2705 Lake Dr,Indianapolis,IN,46201,US,Sales,suspended,2024-09-01
dde9f863-22bd-3388-6db9-9102a48b3dbe,Betty,Nguyen,betty.nguyen@icloud.com,+1-672-286-1823,1963-10-07,4263 Park Blvd,New York,NY,10001,US,Operations,active,2024-08-11
4094dded-6beb-ac31-d4f8-fd72f3821cfd,Lisa,Carter,lisa.carter@hotmail.com,+1-283-581-1317,1993-09-24,8838 Main St,Dallas,TX,75201,US,Operations,active,2024-11-03
9f0fda8d-0537-9ff6-d6d7-b3b833094d35,Deborah,Adams,deborah.adams@gmail.com,+1-356-344-3068,1971-02-03,7759 Oak Ave,New York,NY,10001,US,Finance,inactive,2024-12-09
1d5206ab-b7e6-427c-bf78-0e3ff6b751f7,Deborah,White,deborah.white@yahoo.com,+1-996-938-3683,1987-03-29,5097 Oak Ave,Nashville,TN,37201,US,Engineering,active,2024-10-22
a092f52a-d4a0-57a7-b0cc-1b3b9793b9b4,Matthew,Sanchez,matthew.sanchez@example.com,+1-448-204-5941,1963-05-30,9838 Oak Ave,San Antonio,TX,78201,US,Engineering,active,2024-09-14
6b88f83d-d97d-c9cd-033d-2bce575aed2c,Kevin,White,kevin.white@gmail.com,+1-701-208-8102,1989-01-17,5935 Lake Dr,San Francisco,CA,94102,US,Sales,inactive,2024-03-24
7bc67e1f-c64e-e6e3-89c5-b31aeb6c1016,Dorothy,Adams,dorothy.adams@outlook.com,+1-676-546-5397,1996-04-02,5281 Cedar Ln,Nashville,TN,37201,US,Marketing,active,2024-08-08
7e8adee7-0758-e201-561e-16d16105716b,Timothy,Robinson,timothy.robinson@icloud.com,+1-532-286-8988,1989-12-21,3476 Elm St,Nashville,TN,37201,US,HR,active,2024-05-20
3dc98290-15ea-bb27-30e9-12f2f2b43abf,Brian,Moore,brian.moore@icloud.com,+1-937-516-9004,1983-03-05,9097 Cedar Ln,New York,NY,10001,US,Legal,inactive,2024-08-26
a9f948b2-4e63-84bb-3e49-3f43b118f68d,Mary,Garcia,mary.garcia@outlook.com,+1-795-477-8753,1978-02-20,9069 Elm St,San Diego,CA,92101,US,Product,suspended,2024-06-12
314d3441-b8a6-171f-1ee3-4dc43b048a8b,Brian,Robinson,brian.robinson@outlook.com,+1-523-222-9779,1971-04-11,3034 Cedar Ln,San Jose,CA,95101,US,Finance,inactive,2024-05-24
31b1b099-d527-21e7-19bc-143efb02bebb,Emily,Carter,emily.carter@icloud.com,+1-503-332-6912,1972-09-10,2940 Pine Rd,Nashville,TN,37201,US,Engineering,suspended,2024-03-09
de53790a-a34b-6cf6-2053-da42f1afdb65,John,Brown,john.brown@icloud.com,+1-970-602-2680,1991-04-14,201 Pine Rd,San Jose,CA,95101,US,Legal,inactive,2024-08-11
7de31a51-6694-c343-10ba-58e3d2762bdc,Elizabeth,Brown,elizabeth.brown@outlook.com,+1-275-690-1878,1965-02-12,2486 Maple Dr,Indianapolis,IN,46201,US,HR,active,2024-04-04
c693da11-39c6-a1ca-9e50-aa42ca6dfda1,Kimberly,Carter,kimberly.carter@hotmail.com,+1-735-489-8381,1986-09-27,7254 Pine Rd,Nashville,TN,37201,US,Product,active,2024-10-20
43bfd931-3605-bf54-a021-c0ca3531968d,Patricia,Flores,patricia.flores@example.com,+1-876-183-3573,1994-03-19,3930 Maple Dr,Houston,TX,77001,US,Marketing,active,2024-01-14
b4fb0eb9-49c1-3de7-3b42-06c5085b15fb,Mark,Hall,mark.hall@icloud.com,+1-489-819-8438,1973-01-23,1167 Cedar Ln,Indianapolis,IN,46201,US,HR,suspended,2024-11-26
44007d5a-e88d-a719-2624-2b40a5cb63a2,Richard,Ramirez,richard.ramirez@gmail.com,+1-345-173-1977,1970-01-31,2719 Pine Rd,Seattle,WA,98101,US,HR,inactive,2024-02-15
7010f719-7e69-5d0d-8a3c-3b5e801ef1da,Brian,Martin,brian.martin@example.com,+1-282-712-1653,1972-03-18,7079 Elm St,Fort Worth,TX,76101,US,HR,active,2024-02-08
9384ec2b-44fe-acae-d248-a9a7ac1aa554,Carol,Torres,carol.torres@icloud.com,+1-241-881-3870,1994-04-21,7709 Lake Dr,New York,NY,10001,US,HR,active,2024-10-14
ab8ddeb4-5230-dfbd-5553-b2fe6889803e,Kenneth,Young,kenneth.young@gmail.com,+1-307-978-3634,1975-08-10,5404 Park Blvd,Indianapolis,IN,46201,US,Legal,active,2024-11-13
1dad09b2-52c2-1221-409d-360250843242,Timothy,Scott,timothy.scott@gmail.com,+1-991-513-9431,1963-12-13,19 Lake Dr,Charlotte,NC,28201,US,Product,active,2024-04-17
8c99a894-445d-cc38-341c-64940d366dfc,Nancy,Flores,nancy.flores@hotmail.com,+1-334-394-8178,1994-02-02,7942 Oak Ave,Charlotte,NC,28201,US,Engineering,suspended,2024-04-23
fe049059-3985-fb62-17dc-8eff687213f9,David,Martin,david.martin@icloud.com,+1-316-572-2924,1984-10-09,2523 Lake Dr,New York,NY,10001,US,HR,suspended,2024-12-09
30cbd755-6232-b17a-2507-41818d1fb540,Anthony,Walker,anthony.walker@hotmail.com,+1-813-620-3236,1980-06-27,1144 Pine Rd,San Diego,CA,92101,US,Product,active,2024-09-09
a8f1e091-ffb8-102d-9475-dbc996418ced,James,Jackson,james.jackson@example.com,+1-701-986-3434,1997-07-26,7317 Lake Dr,San Jose,CA,95101,US,Operations,active,2024-09-25
3d225c30-b28f-41de-fb14-0bc3304b8590,Paul,Harris,paul.harris@hotmail.com,+1-785-492-4826,1999-01-03,6731 Main St,Austin,TX,73301,US,Operations,inactive,2024-12-26
80962718-2051-acef-097a-1e10f6febc0e,Matthew,Harris,matthew.harris@example.com,+1-804-439-2644,1982-03-21,7214 Oak Ave,Phoenix,AZ,85001,US,Legal,active,2024-12-05
56abf2f1-43d8-8870-f81d-baa1c8120a8e,Anthony,Adams,anthony.adams@yahoo.com,+1-838-809-7512,1981-01-22,1316 Elm St,Chicago,IL,60601,US,Product,active,2024-11-23
af34cf65-a193-c4b2-3c19-e71d118405ad,Timothy,Young,timothy.young@icloud.com,+1-494-332-2480,1987-09-12,7111 Oak Ave,Los Angeles,CA,90001,US,Marketing,inactive,2024-03-23
5ff595ea-5bc4-40f1-4b1a-269b0e5dd462,Karen,Johnson,karen.johnson@gmail.com,+1-641-249-5000,1995-09-18,8703 Park Blvd,Austin,TX,73301,US,Sales,active,2024-03-03
3b70b3a1-24a3-5cf2-9549-c931e9af299d,Donna,Harris,donna.harris@icloud.com,+1-672-753-5161,1982-04-28,7530 Pine Rd,San Diego,CA,92101,US,Engineering,inactive,2024-05-22
a3917c99-4c95-5f6a-966b-1964fcd6bdca,Paul,Hernandez,paul.hernandez@gmail.com,+1-634-806-5097,1975-07-02,7485 Pine Rd,Charlotte,NC,28201,US,Finance,inactive,2024-08-04
4b943e30-b303-f438-fe21-10d04bbe4aff,Jessica,Harris,jessica.harris@icloud.com,+1-222-949-7484,1985-10-13,4498 Main St,Jacksonville,FL,32099,US,Engineering,suspended,2024-12-16
30ac7d7b-a2f9-63a3-3810-ae665a31b4cc,Charles,Roberts,charles.roberts@yahoo.com,+1-835-356-3240,1995-12-21,1592 Main St,Nashville,TN,37201,US,HR,inactive,2024-01-19
6a5e6920-bf5a-e7e6-53a3-dd5a4b8c5bdc,Nancy,Campbell,nancy.campbell@yahoo.com,+1-379-305-3165,2000-10-20,8838 Elm St,Chicago,IL,60601,US,HR,active,2024-05-27
1346d1a9-f680-2cdb-77e4-90c71d7bc313,Donald,Jackson,donald.jackson@example.com,+1-344-872-4696,1996-01-28,6512 Elm St,Austin,TX,73301,US,Marketing,inactive,2024-01-09
95a5bafa-431d-029f-ac1e-86d8bfbf397b,Paul,Davis,paul.davis@hotmail.com,+1-590-942-7086,1990-03-07,1776 Cedar Ln,Jacksonville,FL,32099,US,Legal,active,2024-10-18
b379cb1e-e8cd-a0cc-76da-3ca0d2e82f38,Christopher,Flores,christopher.flores@yahoo.com,+1-509-764-7689,1988-07-02,1912 Maple Dr,Chicago,IL,60601,US,Engineering,active,2024-05-16
aba4fc03-5efa-9c5b-7421-ff46637e4b01,Linda,Miller,linda.miller@yahoo.com,+1-960-813-9850,1966-01-31,6867 Maple Dr,Seattle,WA,98101,US,Product,active,2024-08-20
3c71e0be-f357-9560-71d7-966571818dcf,Anthony,Moore,anthony.moore@gmail.com,+1-571-201-7018,1969-09-29,8921 Elm St,Jacksonville,FL,32099,US,Engineering,inactive,2024-05-07
0577aea9-f899-9246-98de-8ebba3b5cece,Linda,Robinson,linda.robinson@gmail.com,+1-251-905-6464,1988-10-13,3991 Maple Dr,San Antonio,TX,78201,US,Finance,active,2024-09-07
989240ac-e689-33a9-c9e4-8e8c25c61c45,Emily,Wilson,emily.wilson@yahoo.com,+1-202-383-3370,1994-09-26,2130 Pine Rd,Austin,TX,73301,US,Sales,active,2024-11-28
52e2afd9-96bf-10ab-3ce9-15e7c9d6a63b,Mary,Rodriguez,mary.rodriguez@gmail.com,+1-216-278-5347,1995-06-09,859 Maple Dr,Jacksonville,FL,32099,US,Product,suspended,2024-02-24
80fb9296-73b6-a09b-1bea-f6ac97fa7f04,Robert,Walker,robert.walker@hotmail.com,+1-426-729-1710,1983-01-08,8544 Pine Rd,Jacksonville,FL,32099,US,Legal,active,2024-01-16
12d0498d-718d-4d05-e8e2-2743b65feea9,Betty,Ramirez,betty.ramirez@example.com,+1-282-429-3430,1981-12-28,1077 Maple Dr,Houston,TX,77001,US,HR,suspended,2024-11-19
816bcb9f-7426-b193-4b7e-6b3c87d292a6,Kimberly,Rivera,kimberly.rivera@outlook.com,+1-819-540-2624,1986-10-18,1875 Cedar Ln,Fort Worth,TX,76101,US,Product,inactive,2024-04-14
50018b7b-6d40-67f4-5003-2b3518578baf,Lisa,Robinson,lisa.robinson@hotmail.com,+1-881-361-7132,1992-09-22,2501 Lake Dr,Columbus,OH,43085,US,Marketing,active,2024-02-03
96229348-0f5a-e9d3-8e6e-5003214f3f12,Margaret,Miller,margaret.miller@example.com,+1-775-675-6400,1996-05-31,2003 Park Blvd,Jacksonville,FL,32099,US,Operations,inactive,2024-12-02
279c658a-3676-0ce5-81e5-c9f693f277cc,Charles,Hill,charles.hill@outlook.com,+1-872-593-4674,1964-08-24,1774 Elm St,Jacksonville,FL,32099,US,Operations,active,2024-05-19
06b89231-8e86-7f3c-a487-eeabaccb461a,Joseph,Ramirez,joseph.ramirez@icloud.com,+1-823-773-5381,1987-07-10,475 Maple Dr,Nashville,TN,37201,US,HR,active,2024-06-12
bdb025ff-2451-e5a4-11d0-59b26699cd99,James,Lopez,james.lopez@yahoo.com,+1-848-131-2503,1989-06-26,8692 Cedar Ln,Denver,CO,80201,US,Product,inactive,2024-08-11
15bfbe97-98a2-1f1c-914d-cfaef10013a7,David,White,david.white@outlook.com,+1-253-259-3579,1994-11-05,816 Oak Ave,Austin,TX,73301,US,HR,inactive,2024-11-14
1d2324e6-8329-20b7-c143-f426372f871a,Ashley,Hill,ashley.hill@hotmail.com,+1-553-540-2816,1972-04-02,4641 Lake Dr,Columbus,OH,43085,US,HR,active,2024-04-13
2321d1e1-c471-04c0-3613-6e15f200c261,Joshua,Brown,joshua.brown@gmail.com,+1-982-361-5742,1973-07-09,5376 Oak Ave,San Antonio,TX,78201,US,Engineering,inactive,2024-12-14
d556b37d-8f08-81ee-8011-316b3ae88926,Elizabeth,Rodriguez,elizabeth.rodriguez@hotmail.com,+1-884-925-6802,1991-07-25,1181 Park Blvd,Seattle,WA,98101,US,Engineering,inactive,2024-01-15
6aedfdc7-a3e0-5309-b5a1-b94967884209,Robert,Lee,robert.lee@icloud.com,+1-496-217-7636,1985-09-20,342 Elm St,Columbus,OH,43085,US,Sales,suspended,2024-08-27
96c044d0-6f88-7f28-3e49-fd091b19d8b8,Brian,White,brian.white@gmail.com,+1-610-636-2288,1997-11-18,6485 Pine Rd,Columbus,OH,43085,US,Operations,active,2024-06-25
c6b6e4ad-e7ea-8d5a-31a3-ac4d828c37e7,David,Jones,david.jones@icloud.com,+1-557-459-3419,1983-10-20,3872 Oak Ave,Houston,TX,77001,US,Sales,active,2024-04-06
7e7e7419-a0c1-4035-c5d9-5f51f387e1bd,Joshua,Martinez,joshua.martinez@example.com,+1-675-872-8354,1967-12-12,9249 Elm St,Chicago,IL,60601,US,Operations,active,2024-08-03
5a18e2a3-0e61-4bcd-9767-490046510367,Donald,Lewis,donald.lewis@example.com,+1-719-175-6085,1995-09-21,7566 Lake Dr,San Jose,CA,95101,US,Engineering,active,2024-06-27
7674456f-626d-719d-81cf-325298159d6c,Charles,Jones,charles.jones@example.com,+1-794-667-1672,1987-08-03,7369 Cedar Ln,Chicago,IL,60601,US,Operations,suspended,2024-08-17
fb7d9f1c-57eb-89b1-d65e-59dde62d2d06,Barbara,Brown,barbara.brown@hotmail.com,+1-931-186-9266,1996-05-17,2828 Main St,Houston,TX,77001,US,Finance,inactive,2024-08-17
68a51c68-632d-bb5e-486b-b6bfeafde7d9,Dorothy,Flores,dorothy.flores@yahoo.com,+1-993-446-1857,1976-09-21,5483 Oak Ave,Jacksonville,FL,32099,US,Operations,active,2024-09-22
952e6abb-14dd-5061-5557-36f8267eddce,Matthew,Jackson,matthew.jackson@outlook.com,+1-879-244-6731,1999-03-04,5083 Park Blvd,Nashville,TN,37201,US,Sales,suspended,2024-12-03
d436a7a8-b3ec-b951-ab8c-bf9720b71785,Karen,Scott,karen.scott@hotmail.com,+1-956-801-9624,1996-06-23,1532 Park Blvd,Austin,TX,73301,US,Operations,active,2024-06-10
27aa7cbc-2337-7bbc-fffe-77c839feb99c,Elizabeth,Wilson,elizabeth.wilson@outlook.com,+1-279-402-2657,1968-08-11,8318 Main St,Indianapolis,IN,46201,US,Operations,suspended,2024-03-20
cf1d7d3a-9fee-fdff-c566-aa81b15e54f6,Matthew,Martinez,matthew.martinez@yahoo.com,+1-369-838-8170,1997-04-16,716 Park Blvd,Philadelphia,PA,19101,US,Operations,active,2024-08-20
f7315749-4f39-49a8-3d3a-258288b4f474,Charles,Carter,charles.carter@example.com,+1-680-955-4178,1970-06-30,6027 Lake Dr,Charlotte,NC,28201,US,Legal,active,2024-07-17
400035f0-df7d-0dd7-236e-16089acb394a,Dorothy,Clark,dorothy.clark@yahoo.com,+1-253-756-8873,1995-12-10,6082 Oak Ave,San Antonio,TX,78201,US,Marketing,active,2024-02-25
f24823ab-177a-8a5f-6ffe-33b3d4bf7a4b,David,Moore,david.moore@hotmail.com,+1-427-936-8391,1966-08-11,5728 Main St,San Francisco,CA,94102,US,Product,active,2024-07-17
ee4a9b5d-5195-54e3-0737-4c86397b5f51,Nancy,Thomas,nancy.thomas@hotmail.com,+1-301-959-6493,1976-10-25,2393 Maple Dr,Chicago,IL,60601,US,Engineering,active,2024-08-23
144823f7-e7e6-46c7-0158-24639d8776a0,William,Carter,william.carter@example.com,+1-219-362-4533,1980-02-14,2450 Park Blvd,Indianapolis,IN,46201,US,Marketing,active,2024-04-10
10142131-7505-65f5-9f70-8368cb3cf8ca,Linda,Brown,linda.brown@yahoo.com,+1-313-956-9189,1988-08-29,9777 Main St,Columbus,OH,43085,US,Finance,active,2024-05-14
ab1021ce-aa14-3cd8-2ff3-cde46aa42c9f,James,Flores,james.flores@outlook.com,+1-287-636-6908,1985-08-06,1109 Main St,San Diego,CA,92101,US,Product,inactive,2024-01-21
3dba6da8-5844-f9fc-114b-9547c9dc72b8,Matthew,White,matthew.white@outlook.com,+1-950-772-2698,1976-01-07,9534 Elm St,New York,NY,10001,US,Sales,active,2024-06-18
cfbe4fe9-2ea9-c542-a1b9-70d07a8104de,Lisa,Adams,lisa.adams@yahoo.com,+1-338-164-8498,1991-03-12,606 Pine Rd,Charlotte,NC,28201,US,Finance,active,2024-04-02
095ffa81-40d9-2bce-7930-ba208b040f49,Christopher,Martin,christopher.martin@icloud.com,+1-971-762-4131,1996-07-29,4688 Elm St,Fort Worth,TX,76101,US,Engineering,active,2024-05-04
f945f2fd-56cb-1ab0-62fb-26d7f4dbca07,Nancy,Ramirez,nancy.ramirez@hotmail.com,+1-391-608-9151,2000-02-17,6019 Pine Rd,Charlotte,NC,28201,US,Marketing,inactive,2024-02-14
a9320094-53f2-8f11-147f-65701a43db54,Joshua,Lopez,joshua.lopez@icloud.com,+1-502-413-8305,1974-05-29,9874 Park Blvd,San Jose,CA,95101,US,Sales,inactive,2024-06-15
ca9e4a62-fae3-114b-a3b4-42bd46494296,John,Campbell,john.campbell@outlook.com,+1-258-176-7655,1979-07-06,5953 Maple Dr,Nashville,TN,37201,US,Engineering,active,2024-10-22
5cb5e69c-5dc7-b3e6-a529-64ffc74cc890,Mark,Williams,mark.williams@yahoo.com,+1-592-680-1530,1970-08-02,9914 Maple Dr,Chicago,IL,60601,US,Legal,active,2024-06-15
a6499cdc-507b-9072-65e5-8f345df06e8c,Timothy,Jones,timothy.jones@icloud.com,+1-485-355-2858,1983-10-01,425 Maple Dr,Phoenix,AZ,85001,US,Legal,suspended,2024-07-18
b1a8b71f-491b-90e9-9ca3-fbb3ff11c8ba,Linda,Taylor,linda.taylor@outlook.com,+1-702-304-3009,1969-08-16,2224 Oak Ave,Charlotte,NC,28201,US,Legal,active,2024-12-15
4a552ea0-8acb-be09-8ccc-9cea109fd8ee,Jennifer,Baker,jennifer.baker@outlook.com,+1-507-971-3580,1991-10-30,2853 Elm St,Jacksonville,FL,32099,US,Finance,active,2024-04-26
77a7e8b7-5e70-f65f-9280-c5aa8dd4595b,William,Thomas,william.thomas@hotmail.com,+1-764-232-2412,1976-03-09,1078 Pine Rd,New York,NY,10001,US,Product,inactive,2024-09-14
12fc7a87-a470-4d48-5128-b9b1f8ede0ca,Deborah,Clark,deborah.clark@icloud.com,+1-660-577-9476,1965-08-15,5645 Maple Dr,Chicago,IL,60601,US,Sales,active,2024-07-17
ef4afa88-5299-e505-2976-aab22a26f770,Patricia,Davis,patricia.davis@icloud.com,+1-926-330-6669,1973-08-22,8502 Pine Rd,Phoenix,AZ,85001,US,Marketing,active,2024-04-21
a417c093-80a8-a23d-17ea-ec838892042f,Kimberly,Moore,kimberly.moore@yahoo.com,+1-372-706-3526,1987-07-24,2805 Elm St,San Jose,CA,95101,US,Engineering,active,2024-02-02
6aa56e6d-9277-9574-c457-6cc335f789bc,Michelle,Roberts,michelle.roberts@icloud.com,+1-832-754-1496,1989-03-17,8160 Pine Rd,Dallas,TX,75201,US,HR,inactive,2024-04-26
7089fc6d-2877-f5d9-0f56-75f8b048faa1,Carol,Sanchez,carol.sanchez@outlook.com,+1-625-595-8609,1963-04-10,3343 Elm St,Charlotte,NC,28201,US,Sales,active,2024-12-11
1b2ededb-8fc8-5fc0-83d5-bceb5edbb8ee,George,Thompson,george.thompson@hotmail.com,+1-526-347-8642,1994-02-13,2008 Pine Rd,Phoenix,AZ,85001,US,Legal,active,2024-03-04
e6fdd7af-dd84-cacc-f672-94643f8ea40a,Patricia,Jackson,patricia.jackson@hotmail.com,+1-363-933-6364,1978-10-03,9465 Elm St,Nashville,TN,37201,US,Finance,active,2024-08-17
8164ceec-64ab-851b-f1fa-c6e7170d7507,Sandra,Young,sandra.young@outlook.com,+1-668-346-4524,1961-01-14,9558 Elm St,Indianapolis,IN,46201,US,Engineering,active,2024-05-16
1b84edc3-d8e0-49de-0217-ea0e896490ab,Joshua,Adams,joshua.adams@example.com,+1-641-237-5333,1972-10-25,5993 Park Blvd,Indianapolis,IN,46201,US,Operations,active,2024-07-02
8116e3fc-62e7-c1a6-12d2-fa0649e1cd13,Andrew,Scott,andrew.scott@yahoo.com,+1-661-882-5582,1984-10-25,1947 Maple Dr,Jacksonville,FL,32099,US,Marketing,inactive,2024-06-26
80051b10-66c1-4dca-8255-da619a3b0319,Lisa,Scott,lisa.scott@outlook.com,+1-241-146-1637,1968-12-05,2246 Elm St,Phoenix,AZ,85001,US,Legal,suspended,2024-08-05
fd98fe33-6498-abe9-2999-bbef518b2f21,Joshua,Allen,joshua.allen@yahoo.com,+1-831-857-5902,1987-07-02,9728 Elm St,Austin,TX,73301,US,Legal,suspended,2024-05-16
e61599c8-cbf8-1f86-4ec3-f970956d80e4,Mary,White,mary.white@outlook.com,+1-942-993-1436,1978-09-07,9780 Lake Dr,Houston,TX,77001,US,HR,suspended,2024-10-08
9ea7017c-b89f-7039-a107-cc4686341718,George,Brown,george.brown@icloud.com,+1-993-961-7229,1967-08-25,2422 Cedar Ln,Indianapolis,IN,46201,US,Engineering,suspended,2024-12-04
34323ec6-b0c4-a01c-69b7-c0fa26c432f6,Richard,Johnson,richard.johnson@hotmail.com,+1-620-613-8726,1978-10-14,1021 Maple Dr,Austin,TX,73301,US,Finance,suspended,2024-06-22
57a2be4e-887b-03e5-e980-f80875ac824c,Donald,King,donald.king@hotmail.com,+1-759-462-5331,1967-10-08,9996 Lake Dr,Austin,TX,73301,US,Finance,active,2024-05-18
7d2f4e58-b47a-1c5b-b0b3-901535102852,Karen,Anderson,karen.anderson@outlook.com,+1-524-591-6714,1991-08-15,9184 Pine Rd,San Jose,CA,95101,US,HR,active,2024-10-22
0ac4de85-4a5b-1aff-257f-7595cdfb4db9,Paul,Harris,paul.harris2@hotmail.com,+1-494-831-2294,1994-09-04,5675 Lake Dr,Jacksonville,FL,32099,US,HR,inactive,2024-04-07
963a8617-bdab-07e7-9d9d-028e1bf645f6,Paul,Moore,paul.moore@icloud.com,+1-445-348-1831,1966-02-27,8701 Cedar Ln,Dallas,TX,75201,US,Finance,active,2024-02-14
f6eab3a0-0153-9221-2331-0a28c550eca8,Lisa,Rivera,lisa.rivera@hotmail.com,+1-763-261-7666,1990-07-22,7794 Lake Dr,Houston,TX,77001,US,Finance,active,2024-06-10
d9af6e09-b91e-3d6e-bd1a-8f4b88ffbd40,Michelle,Brown,michelle.brown@gmail.com,+1-238-279-7846,1970-06-01,2881 Main St,Denver,CO,80201,US,Product,inactive,2024-03-24
fba57cc8-edaf-3766-1b78-0ede9a4ffc0c,Charles,Williams,charles.williams@gmail.com,+1-543-391-8444,1985-06-23,8902 Lake Dr,San Jose,CA,95101,US,Sales,suspended,2024-08-09
b7f60cdf-41dc-1c60-a5f6-0735757b6b29,Richard,Davis,richard.davis@outlook.com,+1-390-114-6523,1992-10-17,4834 Cedar Ln,Philadelphia,PA,19101,US,Sales,suspended,2024-11-13
fb4fb88a-2f4d-d219-186b-2880ab545a15,Margaret,Allen,margaret.allen@outlook.com,+1-343-588-6301,1977-12-24,4065 Main St,Chicago,IL,60601,US,HR,inactive,2024-04-15
42f525b9-02ed-73ce-92a8-1713b90ed44b,Timothy,Moore,timothy.moore@outlook.com,+1-869-468-4871,1986-02-16,1018 Oak Ave,San Jose,CA,95101,US,Legal,active,2024-03-13
f0cd7f05-ea87-855e-a382-95d31e0ef546,Carol,Allen,carol.allen@example.com,+1-502-476-4618,1990-12-18,3591 Maple Dr,San Jose,CA,95101,US,Legal,active,2024-08-24
cd4f8b2b-899a-c252-c1e1-b94a78883058,Joshua,White,joshua.white@hotmail.com,+1-880-945-4578,2000-12-11,4055 Oak Ave,Seattle,WA,98101,US,Legal,suspended,2024-12-12
33c08bf1-8167-999f-e723-ada38c32bdb2,Robert,Torres,robert.torres@gmail.com,+1-786-649-3455,1997-03-05,2696 Elm St,Los Angeles,CA,90001,US,Legal,active,2024-11-07
0e3e25f2-cf06-71c7-720b-274b82a7f586,Amanda,Nguyen,amanda.nguyen@hotmail.com,+1-664-235-9409,2000-04-27,6807 Lake Dr,Chicago,IL,60601,US,Engineering,suspended,2024-08-22
37c86152-beed-0af9-00c5-9f30d1031424,Karen,Campbell,karen.campbell@gmail.com,+1-792-174-1742,1971-06-01,6942 Elm St,Fort Worth,TX,76101,US,Marketing,suspended,2024-01-03
a43afb7a-c40d-4874-22ab-7752c4db5a62,Donald,Williams,donald.williams@outlook.com,+1-946-761-7887,1968-01-27,6136 Park Blvd,Columbus,OH,43085,US,Legal,inactive,2024-07-03
2db0728d-1e5e-be54-5907-7299dc3bbdd8,Carol,Nelson,carol.nelson@icloud.com,+1-750-502-9664,1989-04-25,2087 Cedar Ln,Phoenix,AZ,85001,US,Engineering,active,2024-05-15
3f5cf2f3-3acb-43a3-d2c7-bffb6118433b,Carol,Campbell,carol.campbell@icloud.com,+1-671-454-3541,1983-11-11,4517 Cedar Ln,Columbus,OH,43085,US,Marketing,active,2024-11-14
08987462-980c-b95c-19d4-5deb1139fa12,Donna,Roberts,donna.roberts@gmail.com,+1-657-712-1797,1969-03-30,4010 Main St,San Diego,CA,92101,US,Product,inactive,2024-04-18
d0d75e37-3bf2-025f-4a0d-2b73fe54ee4b,Susan,Carter,susan.carter@gmail.com,+1-949-689-6224,1982-08-08,9462 Elm St,Phoenix,AZ,85001,US,Finance,active,2024-03-22
97777f10-f2d2-393f-8e85-140d0f9aeb70,Dorothy,Anderson,dorothy.anderson@hotmail.com,+1-952-279-7999,1972-05-05,9108 Lake Dr,San Jose,CA,95101,US,Engineering,active,2024-11-22
2f12b150-605f-b1eb-4cc5-7e0d26332018,Matthew,King,matthew.king@outlook.com,+1-972-650-8758,1978-04-24,3949 Cedar Ln,Columbus,OH,43085,US,HR,active,2024-08-02
41476506-3e2b-f9c9-636f-6e5c2253e706,Kimberly,Clark,kimberly.clark@hotmail.com,+1-408-438-2295,1983-10-10,7370 Elm St,Seattle,WA,98101,US,Marketing,suspended,2024-12-27
dfa59722-0a1f-c9df-9a59-19749adf4709,Richard,Brown,richard.brown@outlook.com,+1-274-292-4555,1990-03-21,7855 Cedar Ln,Fort Worth,TX,76101,US,Operations,active,2024-01-07
345af934-b42a-2d93-9aba-0f15b2149062,Richard,Mitchell,richard.mitchell@gmail.com,+1-606-345-6269,1970-11-18,4638 Park Blvd,Indianapolis,IN,46201,US,Legal,suspended,2024-11-12
cd8563ca-193e-638d-774c-0afa7f4d908c,Karen,Taylor,karen.taylor@outlook.com,+1-939-580-6246,1999-08-07,3329 Elm St,San Francisco,CA,94102,US,Operations,inactive,2024-01-19
9442b5e6-9583-1d58-ef4c-51198da5d39b,Joseph,Mitchell,joseph.mitchell@yahoo.com,+1-937-527-5836,1971-09-12,2498 Cedar Ln,New York,NY,10001,US,Operations,active,2024-07-19
f76d15fd-7d16-45a0-d253-d966c36b9a0a,Jessica,Young,jessica.young@icloud.com,+1-940-757-9037,1971-07-18,7551 Maple Dr,Austin,TX,73301,US,Operations,active,2024-03-24
08a8ac7f-8621-38ad-0f09-105cf50d7a37,Paul,Young,paul.young@yahoo.com,+1-276-937-1794,1988-10-15,105 Park Blvd,Seattle,WA,98101,US,Sales,active,2024-02-23
a3422e50-9e2a-7324-0f79-a8a75f8a14bd,Barbara,Smith,barbara.smith@yahoo.com,+1-882-731-8916,1980-06-15,7994 Main St,San Francisco,CA,94102,US,Engineering,suspended,2024-09-14
80913ac1-0463-750e-4964-6b96fa3c1628,James,Johnson,james.johnson@icloud.com,+1-914-790-8054,1984-01-12,2938 Oak Ave,Dallas,TX,75201,US,Marketing,suspended,2024-03-08
659b0105-cb80-f288-446f-64dd5abca6e5,Richard,Flores,richard.flores@icloud.com,+1-280-482-7652,1996-07-26,7521 Cedar Ln,Dallas,TX,75201,US,Finance,active,2024-11-27
8d7dd772-608e-2f5c-6117-727067c0518b,Jennifer,Adams,jennifer.adams@example.com,+1-687-157-1154,1964-03-11,2808 Oak Ave,Los Angeles,CA,90001,US,Legal,inactive,2024-11-26
de3ce88b-e6b9-d31a-361f-6d903ad1fa33,Lisa,Torres,lisa.torres@gmail.com,+1-908-680-8790,1961-11-28,4442 Main St,San Francisco,CA,94102,US,Marketing,active,2024-09-19
24e9bcfd-9647-ff9f-3508-507af622d842,Kevin,Williams,kevin.williams@yahoo.com,+1-970-940-7525,1960-09-13,1261 Pine Rd,Austin,TX,73301,US,Sales,suspended,2024-04-19
ca5e151b-23d3-cd4c-bd5f-f093c16f9bcc,Matthew,Baker,matthew.baker@icloud.com,+1-905-841-2284,1977-03-20,8205 Elm St,Austin,TX,73301,US,Engineering,active,2024-07-08
538d6b8c-c607-b1e9-f80b-2cea658e54a2,Robert,Perez,robert.perez@icloud.com,+1-230-749-5478,1986-09-19,7382 Lake Dr,Nashville,TN,37201,US,Finance,active,2024-09-13
9e5d9c7a-c5ac-c354-15f0-0cb4614c721d,Margaret,Lopez,margaret.lopez@example.com,+1-502-917-5037,1989-08-20,1205 Oak Ave,Denver,CO,80201,US,HR,active,2024-07-23
01547950-176d-e21f-1b46-ebdc5c56d9bc,Kenneth,Martinez,kenneth.martinez@example.com,+1-515-555-6896,1974-03-16,4420 Oak Ave,Fort Worth,TX,76101,US,Sales,active,2024-03-14
5a9a206a-16f1-42a2-06b9-19aa1a7167c7,Mark,Scott,mark.scott@icloud.com,+1-767-195-6315,1978-04-21,6312 Main St,San Francisco,CA,94102,US,HR,inactive,2024-07-25
6177a771-af70-de70-2b69-c95e85671b58,Jennifer,Campbell,jennifer.campbell@icloud.com,+1-373-242-5405,1985-08-27,4934 Pine Rd,San Diego,CA,92101,US,Legal,active,2024-02-06
406f64d6-5c72-aebd-13b1-1e59c85cd714,Margaret,Moore,margaret.moore@hotmail.com,+1-452-838-9123,1981-09-20,9729 Cedar Ln,San Jose,CA,95101,US,Legal,active,2024-03-10
70b27304-545c-d88d-dcb9-075ecdd7f460,James,Sanchez,james.sanchez@outlook.com,+1-542-540-3230,1977-01-15,4923 Elm St,Nashville,TN,37201,US,Finance,inactive,2024-06-06
60452909-536d-47d7-3e0f-84cec82f78fd,Betty,Lee,betty.lee@outlook.com,+1-487-936-7437,1985-10-31,5981 Oak Ave,Indianapolis,IN,46201,US,Finance,suspended,2024-09-06
35ab8466-b557-8b00-f166-cdcf762cdfbc,Carol,Roberts,carol.roberts@icloud.com,+1-648-916-5773,1992-08-14,1134 Park Blvd,New York,NY,10001,US,Legal,active,2024-11-10
12ef6101-6082-786f-ca00-ef586c521d13,Jessica,Taylor,jessica.taylor@example.com,+1-659-712-8851,1992-01-31,9540 Park Blvd,Phoenix,AZ,85001,US,Product,suspended,2024-01-26
c4da2c2e-1bff-a279-15c1-604fea163354,Nancy,Hall,nancy.hall@icloud.com,+1-454-773-6816,1988-08-16,2726 Main St,Nashville,TN,37201,US,Product,active,2024-07-04
949cd8d4-8ed8-a80d-84cf-ee39bf31c29f,James,Miller,james.miller@outlook.com,+1-904-689-4621,1982-11-27,7304 Elm St,San Diego,CA,92101,US,Product,inactive,2024-11-19
6a7d5d96-4ba1-7233-1ac3-bf317b96e2d1,Brian,Allen,brian.allen@yahoo.com,+1-287-218-3321,1961-02-06,5708 Pine Rd,Jacksonville,FL,32099,US,Operations,inactive,2024-04-17
51a40d2a-73d3-9457-b25f-13dfb8d49848,Donald,Thompson,donald.thompson@hotmail.com,+1-268-407-1732,1979-08-27,1886 Main St,Houston,TX,77001,US,Operations,active,2024-11-26
8f5242d3-54bb-bcf8-28fe-a7618d49fe3f,David,Mitchell,david.mitchell@yahoo.com,+1-636-573-4798,1967-10-29,6637 Maple Dr,San Francisco,CA,94102,US,Sales,inactive,2024-07-01
b4698db3-0123-a348-638a-bdf66df72cd3,Melissa,Flores,melissa.flores@yahoo.com,+1-419-310-5560,1986-07-25,1026 Oak Ave,Charlotte,NC,28201,US,Sales,active,2024-06-07
98d3148b-503b-4078-a39c-9ec6f7464c02,Sandra,Davis,sandra.davis@outlook.com,+1-597-725-7431,1983-09-03,9618 Oak Ave,Indianapolis,IN,46201,US,Operations,active,2024-08-20
224a66a6-ac0f-6801-15b2-4e1d97154633,Elizabeth,Baker,elizabeth.baker@example.com,+1-520-220-4908,1987-07-25,5004 Oak Ave,San Jose,CA,95101,US,Sales,active,2024-12-05
2f8d8ded-6c4c-450b-623a-d0fc93267d25,Steven,Harris,steven.harris@hotmail.com,+1-698-750-9804,1966-03-08,2839 Maple Dr,Nashville,TN,37201,US,Legal,active,2024-03-06
7c0f549d-0274-0f73-f3ab-ea0d5be9fdb3,Christopher,Lewis,christopher.lewis@icloud.com,+1-339-299-7290,1998-10-28,9201 Lake Dr,Los Angeles,CA,90001,US,Product,inactive,2024-07-23
38749f3c-c2d4-9b56-cbbe-d98007e67cb0,Mark,Young,mark.young@yahoo.com,+1-499-133-5503,1985-05-12,3684 Pine Rd,Chicago,IL,60601,US,Sales,inactive,2024-10-24
44945e09-1d3c-a5a4-929d-63771cfb655f,Deborah,Roberts,deborah.roberts@hotmail.com,+1-993-656-7010,1982-11-30,8881 Main St,Seattle,WA,98101,US,Legal,suspended,2024-04-14
7321a8b2-0840-405a-ffd2-f491dff389aa,Michael,Mitchell,michael.mitchell@example.com,+1-469-456-2425,1973-05-09,7194 Oak Ave,San Diego,CA,92101,US,Finance,active,2024-12-19
23a4e70e-9dbc-15c0-2a7d-c57c6d9c5b50,Brian,Thompson,brian.thompson@example.com,+1-411-933-4390,1988-05-20,973 Elm St,Nashville,TN,37201,US,HR,suspended,2024-09-06
83b0b35c-dba6-fdf8-f3d0-4ffb44709848,Christopher,Rivera,christopher.rivera@outlook.com,+1-895-934-2560,1985-09-09,2222 Park Blvd,San Jose,CA,95101,US,Engineering,active,2024-11-05
c2efeecb-3f5f-bf4f-d417-62305274ee11,Brian,Rodriguez,brian.rodriguez@yahoo.com,+1-892-502-9019,1991-11-29,2330 Pine Rd,Phoenix,AZ,85001,US,Product,inactive,2024-08-03
efb3b939-b1d8-1887-4739-cc7bbff30c8d,Kenneth,Roberts,kenneth.roberts@gmail.com,+1-577-565-8996,1983-02-16,5363 Main St,Fort Worth,TX,76101,US,Marketing,inactive,2024-11-22
d3293724-6dfd-171a-f7d7-465d37c3b3c9,Brian,Thompson,brian.thompson@gmail.com,+1-416-606-5399,1977-11-03,5290 Pine Rd,Seattle,WA,98101,US,Operations,suspended,2024-10-05
d6321d31-c8ac-ffcf-a04d-4d14197dbae1,Andrew,Young,andrew.young@outlook.com,+1-670-116-3035,1962-01-22,2589 Lake Dr,Los Angeles,CA,90001,US,Legal,active,2024-07-07
462623be-e068-8849-eec7-1a30dfda35b2,Brian,Rodriguez,brian.rodriguez@example.com,+1-295-770-6905,1967-02-17,4103 Oak Ave,San Jose,CA,95101,US,Operations,active,2024-01-13
185df528-b425-8e19-1758-d47ea7cde143,Kenneth,Martin,kenneth.martin@example.com,+1-201-318-8812,1979-04-03,1277 Maple Dr,San Diego,CA,92101,US,Finance,suspended,2024-11-15
6c1cc405-dc3f-42e0-fcf7-b8421edf3bfa,James,Smith,james.smith@example.com,+1-910-235-8826,1996-08-26,1161 Cedar Ln,Austin,TX,73301,US,Product,active,2024-12-26
c601818b-61fa-01ba-231a-e7c74c9bff5c,Michael,Miller,michael.miller@outlook.com,+1-971-995-3181,1999-07-09,2341 Oak Ave,Jacksonville,FL,32099,US,Engineering,suspended,2024-11-06
6965d1d1-eb7e-2e64-26c0-747ebf8e8bfa,Mark,Thompson,mark.thompson@example.com,+1-830-803-8248,1988-03-04,3560 Oak Ave,San Antonio,TX,78201,US,Marketing,active,2024-02-19
46e75a2c-3f6e-ed9d-23cb-e943ca840003,George,Harris,george.harris@outlook.com,+1-860-186-5065,1974-02-08,9067 Pine Rd,Columbus,OH,43085,US,Engineering,active,2024-04-17
e5dd98f1-c8a7-38ab-0df8-3e12a56b61e0,Joshua,Allen,joshua.allen2@yahoo.com,+1-445-606-7322,1973-04-04,1848 Cedar Ln,Fort Worth,TX,76101,US,Legal,suspended,2024-02-17
6bbdb66f-9181-6091-d6c6-f45cdc5e4e78,James,White,james.white@outlook.com,+1-574-659-3830,1977-05-08,7718 Oak Ave,Phoenix,AZ,85001,US,Engineering,suspended,2024-02-01
a0ea0251-4957-43a2-81b1-3b8065e1b0f5,Thomas,Wilson,thomas.wilson@gmail.com,+1-929-613-7806,1995-05-28,6940 Park Blvd,Los Angeles,CA,90001,US,Marketing,suspended,2024-09-20
f96c9a0a-3404-c02a-ebc1-bb5282e4dd4a,Barbara,Moore,barbara.moore@gmail.com,+1-359-649-6353,1963-07-18,6402 Oak Ave,San Jose,CA,95101,US,HR,inactive,2024-12-28
9bdc70d1-9cbf-7b8c-7410-2d5d1db14bfc,Jessica,Brown,jessica.brown@yahoo.com,+1-256-416-3877,1979-06-28,1957 Main St,Chicago,IL,60601,US,Sales,active,2024-03-16
c7f7bda1-bff1-5840-207e-863f5f32d5d8,Daniel,King,daniel.king@icloud.com,+1-475-850-2934,1967-06-28,481 Elm St,Dallas,TX,75201,US,Product,active,2024-09-03
0e3141ec-5c31-1464-82c2-99f07487d772,Thomas,Rivera,thomas.rivera@icloud.com,+1-711-979-3734,1982-04-03,6025 Maple Dr,Chicago,IL,60601,US,HR,active,2024-10-22
03254fbd-dce8-e1c5-dbd3-0aec0b461173,George,Davis,george.davis@yahoo.com,+1-450-147-8729,1960-02-12,5964 Park Blvd,San Francisco,CA,94102,US,Sales,active,2024-01-18
ea75752d-6a8f-cacb-3f8e-2d0d52619dec,Amanda,Mitchell,amanda.mitchell@example.com,+1-937-427-5444,1970-01-26,1277 Elm St,Columbus,OH,43085,US,Marketing,suspended,2024-11-02
ddb449dc-7710-6966-e082-7f7611a529b4,Elizabeth,Anderson,elizabeth.anderson@icloud.com,+1-489-892-6090,1977-12-25,5363 Oak Ave,Los Angeles,CA,90001,US,Legal,active,2024-06-07
f8cbab4c-9779-0e84-5e47-2e2276c3e642,Charles,Torres,charles.torres@outlook.com,+1-705-891-4201,1970-11-18,8955 Cedar Ln,Nashville,TN,37201,US,Sales,active,2024-07-01
60538c1b-a845-10a1-c249-2e5e005fd0e6,Joseph,Wright,joseph.wright@outlook.com,+1-955-844-6038,1975-01-10,1704 Cedar Ln,New York,NY,10001,US,Finance,inactive,2024-08-02
d872f72e-e5b4-a1ae-3b41-c943ebd8a3b1,Barbara,Rivera,barbara.rivera@outlook.com,+1-732-522-7102,1961-12-20,7512 Oak Ave,Chicago,IL,60601,US,Marketing,suspended,2024-03-21
21761930-f6d7-0248-a995-ecc36f5b09a6,Betty,Jones,betty.jones@icloud.com,+1-442-398-5276,1962-10-17,5162 Park Blvd,Denver,CO,80201,US,Operations,active,2024-08-09
27c8fc6c-1be5-a4c3-95af-6d0cc5285425,Joseph,Jones,joseph.jones@yahoo.com,+1-308-268-8365,1994-12-26,7636 Elm St,Phoenix,AZ,85001,US,Product,active,2024-09-12
1725d2c7-1eb2-a7b8-da3c-45ca43d78f2b,Deborah,Wilson,deborah.wilson@hotmail.com,+1-361-926-5984,1980-10-13,9885 Main St,San Jose,CA,95101,US,Finance,active,2024-03-03
429a4a7c-4c80-d33a-ad5b-e3c80c880714,Amanda,Thomas,amanda.thomas@outlook.com,+1-378-131-7625,1983-01-12,7409 Cedar Ln,Fort Worth,TX,76101,US,Marketing,inactive,2024-02-26
21768dd7-38e7-e019-fb89-86c8c7ecfe71,William,Davis,william.davis@gmail.com,+1-402-943-7563,1997-03-31,6099 Oak Ave,Los Angeles,CA,90001,US,HR,active,2024-01-03
cf133b65-d450-afa2-d8e7-0aebe7b33085,Richard,Adams,richard.adams@hotmail.com,+1-539-225-1699,1964-02-15,7553 Main St,Phoenix,AZ,85001,US,Sales,suspended,2024-07-27
5a9c0679-2c3d-17e2-6d39-da75aee70ab2,George,Sanchez,george.sanchez@hotmail.com,+1-419-291-5505,1977-03-02,4586 Lake Dr,New York,NY,10001,US,Sales,active,2024-10-20
7aa1c567-8cf9-eea9-e1fd-c6d169785221,Donna,Thomas,donna.thomas@example.com,+1-262-189-5583,1982-05-18,6276 Maple Dr,San Jose,CA,95101,US,Product,active,2024-11-26
c82ba1be-61eb-64e6-fd49-8e2004ffeab2,Dorothy,Thomas,dorothy.thomas@example.com,+1-930-467-8859,1995-08-27,8922 Lake Dr,Seattle,WA,98101,US,Operations,suspended,2024-09-11
e550d736-0780-6e71-3811-b51998dc9e0b,Matthew,Moore,matthew.moore@yahoo.com,+1-997-387-1959,1974-04-21,7729 Elm St,New York,NY,10001,US,Finance,active,2024-02-08
0e500785-bcaf-f931-ead1-8464ca8e858c,Kevin,Thomas,kevin.thomas@outlook.com,+1-982-324-7363,1996-08-13,5814 Maple Dr,Seattle,WA,98101,US,Sales,active,2024-10-11
f2933585-5a07-d758-b357-f3f9b4157cea,Melissa,Hall,melissa.hall@outlook.com,+1-781-677-3328,1961-04-07,9226 Cedar Ln,Denver,CO,80201,US,Legal,suspended,2024-05-06
86c5547c-051a-0039-3803-dcee9a069295,Ashley,Williams,ashley.williams@gmail.com,+1-689-100-6435,1970-06-08,3301 Maple Dr,Los Angeles,CA,90001,US,Operations,active,2024-06-02
dc54d59b-86bb-42c7-d8b2-f8b61c654aa2,Mary,Martinez,mary.martinez@icloud.com,+1-573-174-7120,1994-09-26,6482 Oak Ave,Phoenix,AZ,85001,US,Operations,active,2024-06-05
f7ff88d4-b509-f08a-2c98-8bca51397c06,David,Campbell,david.campbell@hotmail.com,+1-775-810-6846,1989-02-13,3658 Maple Dr,Indianapolis,IN,46201,US,Product,active,2024-12-23
d9cb3540-643f-fdae-92a5-4d04f2dde1f5,Charles,Rodriguez,charles.rodriguez@yahoo.com,+1-989-681-1530,1991-06-28,2984 Elm St,New York,NY,10001,US,Finance,suspended,2024-02-16
2afaab7b-51cb-f9e5-fb7d-3ba158c88c48,Barbara,Perez,barbara.perez@example.com,+1-851-190-6500,1970-09-04,7318 Main St,Chicago,IL,60601,US,HR,active,2024-04-23
702f31e5-62cc-c604-0c53-644b0053f649,Robert,Thompson,robert.thompson@outlook.com,+1-950-529-3725,1992-04-25,6784 Lake Dr,Houston,TX,77001,US,Product,active,2024-09-13
d883e3f8-cc98-03de-12de-9e5a7387928a,Michael,Walker,michael.walker@icloud.com,+1-234-401-1328,1967-04-18,5222 Pine Rd,San Diego,CA,92101,US,Marketing,active,2024-06-06
17d5b563-fa60-ede1-e5eb-772df11c0ac5,Matthew,Hernandez,matthew.hernandez@example.com,+1-546-708-8909,1984-07-15,508 Park Blvd,Chicago,IL,60601,US,Sales,suspended,2024-07-06
b8d77d2f-8dda-4ff2-b27b-7bb468c690b2,Patricia,Miller,patricia.miller@outlook.com,+1-947-653-5346,1968-07-09,4613 Pine Rd,San Antonio,TX,78201,US,Finance,active,2024-01-13
166ecfe3-6d77-9595-00fa-0eb45c5f48d4,Andrew,Scott,andrew.scott@hotmail.com,+1-501-943-8869,1962-06-12,3272 Oak Ave,Phoenix,AZ,85001,US,Engineering,active,2024-03-21
7d3572cc-788f-d0cd-65c0-6b93c8edabdd,Charles,Garcia,charles.garcia@hotmail.com,+1-876-371-2493,1973-10-31,8915 Park Blvd,Houston,TX,77001,US,Sales,active,2024-07-12
d64acb1f-39eb-038a-436e-3c49770e09db,Elizabeth,Lewis,elizabeth.lewis@gmail.com,+1-475-677-2009,1979-09-22,2477 Oak Ave,Dallas,TX,75201,US,Marketing,active,2024-09-14
85c7f3be-d183-010f-6319-629bd73e7bb9,Timothy,Nguyen,timothy.nguyen@yahoo.com,+1-628-648-8779,1962-09-26,9384 Cedar Ln,Seattle,WA,98101,US,Legal,active,2024-02-13
ad72ed05-924c-de09-ccea-5031844e250b,Amanda,Williams,amanda.williams@icloud.com,+1-835-250-2970,2000-05-23,7358 Maple Dr,Denver,CO,80201,US,Sales,active,2024-04-05
25db5946-a091-e5b4-d293-8e6eff4d0930,John,Ramirez,john.ramirez@gmail.com,+1-809-364-6238,1969-01-21,1098 Oak Ave,Columbus,OH,43085,US,Product,suspended,2024-07-18
9f80b96b-b34e-356a-c95b-61f8032a461a,Christopher,Moore,christopher.moore@icloud.com,+1-801-635-7874,1999-03-07,1844 Park Blvd,Charlotte,NC,28201,US,Sales,active,2024-10-19
493d6196-c926-a021-19da-8262c7903dc5,Emily,Carter,emily.carter@gmail.com,+1-748-452-7732,1985-03-29,4328 Park Blvd,Houston,TX,77001,US,Legal,suspended,2024-10-16
b193c8b8-ae49-c079-9bd0-d4c79e45455e,John,Lopez,john.lopez@outlook.com,+1-611-139-7484,1966-06-14,5432 Cedar Ln,Fort Worth,TX,76101,US,Engineering,inactive,2024-05-12
b23909f4-dbb5-4645-7dda-c1b6d7c4caed,Mary,Perez,mary.perez@outlook.com,+1-901-200-4734,1972-07-29,2202 Pine Rd,San Jose,CA,95101,US,Legal,active,2024-05-24
d2efa93b-e9d6-bb7e-361d-b014711456de,Anthony,Hill,anthony.hill@example.com,+1-616-858-8937,1968-06-06,8463 Elm St,Chicago,IL,60601,US,Engineering,suspended,2024-03-03
e11bf0d4-8637-9f04-d9ee-7dc9c7cfeca8,Karen,Rivera,karen.rivera@icloud.com,+1-782-129-3846,1966-01-31,3159 Cedar Ln,Fort Worth,TX,76101,US,Engineering,active,2024-01-15
814ff657-76d7-0561-d2d1-4ef55e4c4fd1,Patricia,White,patricia.white@example.com,+1-606-750-3029,1972-04-15,501 Cedar Ln,San Antonio,TX,78201,US,Operations,inactive,2024-10-15
e4fd6c34-d670-7a21-29dc-073e5820b3f2,Elizabeth,Walker,elizabeth.walker@icloud.com,+1-464-866-2480,1975-09-09,4671 Main St,Seattle,WA,98101,US,Product,active,2024-03-28
44e2a94b-34ec-5264-ad7d-6f8139a0f145,Andrew,Roberts,andrew.roberts@yahoo.com,+1-867-519-9409,1989-01-14,329 Main St,San Diego,CA,92101,US,Legal,active,2024-11-06
b676291d-4e32-9b4b-f168-c605ce1a1669,Joshua,Smith,joshua.smith@yahoo.com,+1-926-758-5511,1987-04-16,6944 Park Blvd,Dallas,TX,75201,US,Operations,inactive,2024-05-07
1a312044-95a0-f356-65ab-c9ff9fa4a627,Sandra,Martin,sandra.martin@example.com,+1-207-623-7131,1996-12-22,9199 Pine Rd,San Francisco,CA,94102,US,HR,active,2024-08-03
b60a3dcc-a7f7-7451-42da-860946e1ee40,Lisa,Moore,lisa.moore@example.com,+1-867-405-4086,1998-08-23,2457 Cedar Ln,Austin,TX,73301,US,Engineering,suspended,2024-07-22
4269c28c-4bac-bedf-ff5a-229e7f53d344,Christopher,Baker,christopher.baker@yahoo.com,+1-628-514-7361,1989-05-26,579 Cedar Ln,New York,NY,10001,US,Operations,active,2024-11-18
d73418fe-2b84-3ef3-d86d-655d4cd99164,Kenneth,Walker,kenneth.walker@example.com,+1-873-997-3967,1982-10-03,4814 Oak Ave,Jacksonville,FL,32099,US,Legal,active,2024-12-09
392c04da-5af3-da5a-38e5-9b2716dc5a6e,George,Scott,george.scott@yahoo.com,+1-962-992-6031,1989-05-10,6890 Elm St,Austin,TX,73301,US,Operations,active,2024-10-10
f1bdb598-948f-664a-9565-257ba267d32f,Sandra,Davis,sandra.davis@hotmail.com,+1-835-172-8736,1998-11-11,3188 Oak Ave,Los Angeles,CA,90001,US,Product,suspended,2024-05-14
e4917f7d-91c4-6efc-fcb8-96bb68c0cbef,Patricia,Martinez,patricia.martinez@yahoo.com,+1-668-246-6183,1975-05-16,2955 Oak Ave,San Antonio,TX,78201,US,Legal,active,2024-11-06
c606ddc4-c2dd-901d-359a-15334605ec0e,Christopher,Green,christopher.green@gmail.com,+1-372-690-3595,1980-04-11,8022 Oak Ave,New York,NY,10001,US,Sales,suspended,2024-07-21
330ccff5-88a5-fa0d-09a8-5dc50131ff3b,Margaret,Sanchez,margaret.sanchez@hotmail.com,+1-948-482-1230,1977-03-12,5280 Cedar Ln,Indianapolis,IN,46201,US,Engineering,active,2024-11-24
80daa8ca-6230-5d27-1a4b-160621019bff,Jessica,Anderson,jessica.anderson@example.com,+1-802-413-3736,1973-12-31,1070 Main St,Jacksonville,FL,32099,US,HR,active,2024-08-24
2240063b-fed7-47be-afd0-d2f7e3524444,Dorothy,Hill,dorothy.hill@icloud.com,+1-550-601-6885,1979-06-15,3088 Maple Dr,Austin,TX,73301,US,Product,active,2024-04-08
5dd8effc-1f87-8b32-2b42-9596812faa38,George,Rodriguez,george.rodriguez@yahoo.com,+1-928-766-1612,1986-06-14,6148 Pine Rd,New York,NY,10001,US,Engineering,suspended,2024-01-22
61584f88-71be-94c3-6ab1-cdb61da466fe,Michael,Adams,michael.adams@gmail.com,+1-326-660-5140,1990-12-09,7773 Maple Dr,Los Angeles,CA,90001,US,Finance,active,2024-05-14
231d260b-b362-cd55-9b0a-da0b9f6facc1,Kevin,Miller,kevin.miller@example.com,+1-628-950-2718,1972-02-10,8382 Oak Ave,San Francisco,CA,94102,US,HR,active,2024-02-16
5ba0c3e0-33a0-daa7-f91e-5fcd85ece729,Richard,Hill,richard.hill@yahoo.com,+1-920-519-5839,1997-04-19,2628 Main St,Dallas,TX,75201,US,Legal,active,2024-12-16
d5d1c669-1c45-3357-e829-4a6716c8e3d7,Lisa,Thomas,lisa.thomas@gmail.com,+1-787-785-9095,1990-02-16,2444 Oak Ave,New York,NY,10001,US,Marketing,active,2024-05-21
2cb941fc-d02c-75f9-198d-13a40cd20e43,Joseph,Robinson,joseph.robinson@outlook.com,+1-240-972-5760,1980-10-28,5902 Elm St,Dallas,TX,75201,US,Product,active,2024-02-28
5b86ea69-5423-1dbe-2ba6-b158a5aecf37,Timothy,Williams,timothy.williams@gmail.com,+1-648-736-5395,1989-10-03,1523 Elm St,Phoenix,AZ,85001,US,Operations,active,2024-02-13
6bf7240f-ccc6-2fed-7a6e-43d0d9c59cd9,Betty,Robinson,betty.robinson@outlook.com,+1-864-916-3732,1990-12-12,1853 Maple Dr,Fort Worth,TX,76101,US,Engineering,active,2024-02-14
5bcd236c-c777-4fae-6137-58c39c7faca6,Emily,Walker,emily.walker@icloud.com,+1-826-129-3140,1968-02-17,7915 Lake Dr,Charlotte,NC,28201,US,Marketing,inactive,2024-08-02
865a7766-ad8c-bfea-de4b-061eb45e9463,Robert,Taylor,robert.taylor@example.com,+1-985-861-4669,1960-07-21,5543 Oak Ave,Austin,TX,73301,US,Product,active,2024-08-12
e45e2ad0-8eef-a5dd-d391-6dcfd6cade2c,Kevin,Baker,kevin.baker@example.com,+1-827-155-1190,1966-09-01,2572 Lake Dr,Fort Worth,TX,76101,US,Legal,active,2024-02-25
8ced4707-3903-4b65-81c6-1eeb0ce3c8c8,Ashley,Lee,ashley.lee@yahoo.com,+1-858-487-7607,1972-06-23,3851 Oak Ave,Austin,TX,73301,US,Legal,inactive,2024-10-15
a7437402-bec7-fb11-7f53-dc0afb0d3cda,Jennifer,Young,jennifer.young@hotmail.com,+1-218-205-7609,1965-04-28,6756 Main St,Austin,TX,73301,US,Engineering,active,2024-10-20
f34a7949-74ca-0ad7-abe5-be96a7939a2e,Kenneth,Martin,kenneth.martin@icloud.com,+1-549-472-1889,1969-04-12,3653 Lake Dr,Seattle,WA,98101,US,Operations,suspended,2024-10-20
c262cad0-18f1-a1e4-1d30-a29073d92ace,Donald,Rivera,donald.rivera@example.com,+1-874-327-1035,1992-02-11,5593 Elm St,Jacksonville,FL,32099,US,HR,suspended,2024-09-12
be153187-b783-e1d5-d264-04b923f47a55,Brian,Miller,brian.miller@gmail.com,+1-938-519-2752,1982-02-01,4167 Cedar Ln,Philadelphia,PA,19101,US,Finance,active,2024-07-07
ed376567-0be7-728e-6a1a-ba9dc1d48a10,Sandra,Gonzalez,sandra.gonzalez@example.com,+1-848-957-3018,1964-10-31,7382 Lake Dr,Austin,TX,73301,US,Sales,inactive,2024-01-17
82221ad3-eca3-91d4-7ba1-6dd795ca788d,Melissa,Brown,melissa.brown@icloud.com,+1-999-281-3845,1997-08-17,2104 Oak Ave,Columbus,OH,43085,US,Product,suspended,2024-10-11
65daced0-460a-6125-3f8c-93d4c32afc4a,Steven,Harris,steven.harris2@hotmail.com,+1-551-401-8419,1991-01-24,2186 Maple Dr,Nashville,TN,37201,US,Product,suspended,2024-12-24
ef7db821-bca0-258e-b63d-65d5505c7527,Steven,Martin,steven.martin@example.com,+1-766-747-4560,1998-08-10,3292 Cedar Ln,Seattle,WA,98101,US,HR,active,2024-11-05
b5d9ad36-5287-964d-a30a-6658b1be6df2,Amanda,Adams,amanda.adams@yahoo.com,+1-318-879-6771,1984-05-02,9213 Lake Dr,San Francisco,CA,94102,US,Product,suspended,2024-05-28
ab95c72f-0d95-aaf5-2534-21bc6180b78a,Margaret,Smith,margaret.smith2@icloud.com,+1-257-304-5374,1961-02-18,2637 Pine Rd,Houston,TX,77001,US,HR,active,2024-01-23
9db94eee-1a3c-2131-73dd-3bc6d06405a8,Charles,Wilson,charles.wilson@icloud.com,+1-891-857-4675,1976-02-02,9196 Park Blvd,Los Angeles,CA,90001,US,Finance,suspended,2024-12-10
f9cf8499-c9c1-ad45-f4ea-6b976aa415b5,Brian,Nelson,brian.nelson@gmail.com,+1-901-420-1881,1977-05-20,213 Pine Rd,Fort Worth,TX,76101,US,Finance,suspended,2024-08-27
9a7791a2-bd0b-0fa2-8bee-f83f96a06bf2,Joseph,Green,joseph.green@example.com,+1-401-894-4170,1993-11-14,4820 Lake Dr,Jacksonville,FL,32099,US,Sales,active,2024-03-06
43a534d2-8e7d-3f5a-4773-e66a6db2b020,Melissa,Allen,melissa.allen@gmail.com,+1-333-264-5178,1961-10-27,93 Elm St,Fort Worth,TX,76101,US,Legal,active,2024-01-05
ca376c36-7d94-bf10-4d18-7b75a971a31f,Christopher,Hill,christopher.hill@gmail.com,+1-786-663-6866,1997-10-27,1195 Elm St,Nashville,TN,37201,US,Finance,active,2024-09-03
38a06ffe-5972-78c5-1789-be6367465743,Steven,Hernandez,steven.hernandez@hotmail.com,+1-418-779-6437,1984-02-02,5425 Elm St,Seattle,WA,98101,US,HR,active,2024-10-17
3d877034-7217-3fa3-5893-ef12ab3f8d22,Donald,Scott,donald.scott@example.com,+1-857-728-4994,1965-02-22,654 Elm St,New York,NY,10001,US,Product,active,2024-07-09
5ffd4015-c53f-1db3-d275-bd4384517303,Paul,Campbell,paul.campbell@outlook.com,+1-726-922-9335,2000-11-17,7301 Lake Dr,New York,NY,10001,US,Engineering,active,2024-11-07
89b8b7ee-c5f8-33cf-f4ce-8477f8bca9ac,Christopher,Allen,christopher.allen@gmail.com,+1-746-107-2072,1967-07-05,3454 Cedar Ln,Houston,TX,77001,US,Product,active,2024-04-18
758fc8fa-0614-ac41-275c-75dcafa08cbe,Brian,Mitchell,brian.mitchell@hotmail.com,+1-934-439-1620,1993-07-03,1434 Oak Ave,Chicago,IL,60601,US,Engineering,active,2024-05-18
6789e7d0-a155-eb2c-737c-f8b563561add,Robert,Torres,robert.torres@yahoo.com,+1-643-423-1276,1978-04-14,6382 Oak Ave,Dallas,TX,75201,US,Engineering,suspended,2024-02-25
4a32bb22-1b2b-b2ec-80b9-ec30ed94898b,Melissa,Nguyen,melissa.nguyen@gmail.com,+1-902-408-2417,1976-01-17,4613 Lake Dr,Chicago,IL,60601,US,Product,inactive,2024-11-01
cc27f386-cbf9-25b5-6418-16b7bf2b43b4,Donald,Hernandez,donald.hernandez@icloud.com,+1-758-402-3360,1966-02-12,4884 Elm St,San Diego,CA,92101,US,Engineering,suspended,2024-09-05
f26d3dd3-8c2a-a0b1-8982-cbf864e289c0,Linda,Williams,linda.williams@gmail.com,+1-287-412-4441,1986-10-06,5634 Cedar Ln,Denver,CO,80201,US,Product,suspended,2024-03-06
ccb68571-abc5-3545-2e6d-7a041d57e734,Elizabeth,Anderson,elizabeth.anderson2@icloud.com,+1-780-972-1891,1968-09-18,8993 Lake Dr,Dallas,TX,75201,US,Marketing,active,2024-11-03
20d2b528-5b6d-6b7c-54b2-a582f3981e9e,Thomas,Miller,thomas.miller@yahoo.com,+1-887-771-4842,1981-11-08,1640 Pine Rd,Denver,CO,80201,US,Marketing,active,2024-06-16
911ddc79-90c8-0420-2703-5b27958c2936,Mark,Perez,mark.perez@icloud.com,+1-573-927-6182,1991-02-08,7018 Maple Dr,San Jose,CA,95101,US,Engineering,active,2024-04-26
adf8f767-2261-ddef-5c07-4653d71173e4,Joseph,Rivera,joseph.rivera@example.com,+1-950-439-8863,1972-05-30,7584 Lake Dr,Columbus,OH,43085,US,Operations,active,2024-08-18
d391d017-dbd4-a86d-47d6-723cd77fbeeb,Michael,Lopez,michael.lopez@example.com,+1-343-651-4218,1963-09-05,4313 Oak Ave,Nashville,TN,37201,US,Marketing,active,2024-09-21
09624ec9-e803-82eb-3677-7be4970c9eb4,Mary,Nguyen,mary.nguyen@icloud.com,+1-764-366-9904,1994-07-03,8843 Lake Dr,Fort Worth,TX,76101,US,Sales,active,2024-07-08
172e8c68-82aa-5c46-8049-9bbf76f6a778,Deborah,Nguyen,deborah.nguyen@example.com,+1-606-472-9227,1966-01-02,174 Cedar Ln,San Jose,CA,95101,US,Sales,suspended,2024-03-15
bc653d94-256d-4d11-f7bd-8499df482e7c,David,Lopez,david.lopez@icloud.com,+1-949-595-6878,1989-07-30,663 Cedar Ln,Denver,CO,80201,US,Legal,active,2024-02-09
635a11f2-5c7a-f83d-ca9d-2704e860bcb1,Nancy,Anderson,nancy.anderson@gmail.com,+1-680-565-1760,1983-03-26,654 Elm St,San Antonio,TX,78201,US,Marketing,suspended,2024-11-27
a75743f9-606c-c2f5-2c81-6bf091f60406,Sarah,Mitchell,sarah.mitchell@outlook.com,+1-587-474-2275,1984-06-01,8466 Pine Rd,Denver,CO,80201,US,Product,active,2024-09-13
e1ccff0d-8078-636d-01b0-62c19aad9234,Daniel,Thompson,daniel.thompson@hotmail.com,+1-342-550-3713,1999-10-18,3769 Oak Ave,Indianapolis,IN,46201,US,HR,active,2024-03-06
54899c37-cfa9-026b-6a24-1f463af7fa21,David,White,david.white@icloud.com,+1-937-216-8889,1989-08-27,7845 Lake Dr,Houston,TX,77001,US,Finance,suspended,2024-03-21
227d4660-293f-c266-97a4-18b892d00319,Anthony,Johnson,anthony.johnson@yahoo.com,+1-844-624-1642,1965-09-26,9377 Maple Dr,Los Angeles,CA,90001,US,Engineering,active,2024-05-06
ba5c865d-b834-4070-e0e5-f6e504c44853,Dorothy,Sanchez,dorothy.sanchez@icloud.com,+1-877-941-5644,1988-08-07,1405 Cedar Ln,Denver,CO,80201,US,Legal,suspended,2024-08-28
d209383b-9528-4c0a-cb6b-f5622488c84d,Donald,Hernandez,donald.hernandez@yahoo.com,+1-985-286-9369,1986-12-14,4334 Maple Dr,Columbus,OH,43085,US,Operations,inactive,2024-10-19
85d0691c-33cd-1d56-043d-72db1bcb404c,Robert,Anderson,robert.anderson@hotmail.com,+1-716-800-7877,1965-12-06,2451 Oak Ave,Fort Worth,TX,76101,US,Sales,inactive,2024-10-20
e6e8790b-215d-3b1f-a8cd-f44d7b742440,John,Wright,john.wright@icloud.com,+1-817-652-1019,1964-03-06,7070 Park Blvd,Houston,TX,77001,US,Operations,active,2024-12-17
e869707c-bdcb-fffc-cdfb-a4e996cbdafb,Margaret,Anderson,margaret.anderson@hotmail.com,+1-979-957-2600,1975-09-21,6972 Maple Dr,Fort Worth,TX,76101,US,HR,inactive,2024-04-28
b58ac738-0166-7221-3063-ae7f41ff81d1,Jennifer,Jackson,jennifer.jackson@icloud.com,+1-961-908-1116,1978-05-01,9470 Oak Ave,Seattle,WA,98101,US,Engineering,inactive,2024-11-07
95dad216-a6cd-ae3c-6d13-0705279f91ab,Brian,Lee,brian.lee@hotmail.com,+1-459-367-9783,1964-10-12,6940 Elm St,Jacksonville,FL,32099,US,HR,inactive,2024-04-14
40f7924b-7bd7-b4bf-8e0e-abb78f20c5e7,Kimberly,Scott,kimberly.scott@hotmail.com,+1-514-691-6641,1976-08-09,6523 Maple Dr,Philadelphia,PA,19101,US,Marketing,active,2024-08-26
cd04c001-56a3-dccc-c93c-9cc6668b28da,Brian,Hernandez,brian.hernandez@gmail.com,+1-763-728-1852,1982-10-20,2634 Park Blvd,San Antonio,TX,78201,US,Engineering,active,2024-03-16
9be950c7-147d-7bfc-5eef-0d1e38c5ef5e,Joshua,Ramirez,joshua.ramirez@gmail.com,+1-238-841-7296,1971-10-20,6565 Pine Rd,Chicago,IL,60601,US,Engineering,active,2024-11-16
9979cf26-c8b1-90e1-089a-9f4f31dae817,Mark,Smith,mark.smith@yahoo.com,+1-722-628-4795,1972-10-29,2777 Main St,San Francisco,CA,94102,US,Operations,active,2024-11-01
9609598e-67cb-a27a-6528-1970ab6ef8dd,David,Garcia,david.garcia@outlook.com,+1-405-630-1251,1975-11-03,1125 Oak Ave,Fort Worth,TX,76101,US,HR,suspended,2024-10-12
932d1648-6769-b0f1-ee01-b9e0746b161a,Daniel,Moore,daniel.moore@yahoo.com,+1-204-367-3867,1968-09-22,6671 Oak Ave,Nashville,TN,37201,US,Marketing,suspended,2024-05-11
b1b68ecd-4009-45ce-932c-3ec9cb1b8eff,Linda,Allen,linda.allen@outlook.com,+1-653-486-8923,1996-06-22,3986 Elm St,Seattle,WA,98101,US,Legal,inactive,2024-10-28
fe83c32a-c9e5-5c47-a237-a8c161f6dfbe,Mary,Walker,mary.walker@gmail.com,+1-425-793-4767,1963-01-11,5173 Park Blvd,Dallas,TX,75201,US,Operations,suspended,2024-09-01
d231f372-bfb0-942c-ac77-776266205167,Brian,Taylor,brian.taylor@yahoo.com,+1-550-177-3924,1964-03-03,7808 Elm St,San Jose,CA,95101,US,Operations,active,2024-10-09
bc45144a-3c1f-dff0-331d-58bbbcb3636d,Elizabeth,Mitchell,elizabeth.mitchell@example.com,+1-447-993-5348,1982-05-20,3388 Cedar Ln,San Antonio,TX,78201,US,Finance,active,2024-10-12
7e1f48c4-a9d6-290d-f4ad-fa22ad0205f5,Barbara,Roberts,barbara.roberts@gmail.com,+1-828-106-9871,1963-07-09,693 Lake Dr,Houston,TX,77001,US,Operations,suspended,2024-06-16
65db6e43-47bf-8db7-82d9-a774ea7f6c7d,Andrew,Moore,andrew.moore@hotmail.com,+1-427-868-3101,1994-04-13,888 Park Blvd,Philadelphia,PA,19101,US,Legal,suspended,2024-01-17
84a91789-b2c0-27e8-1ed0-72e9f9fc6034,Daniel,Sanchez,daniel.sanchez@example.com,+1-671-423-1137,1980-07-04,194 Cedar Ln,Philadelphia,PA,19101,US,Product,suspended,2024-02-11
78aa16ea-44f7-f01a-3cb5-26d7434a130e,Nancy,Flores,nancy.flores@outlook.com,+1-827-451-6995,1984-08-09,3014 Lake Dr,Philadelphia,PA,19101,US,Product,active,2024-07-23
21925613-9247-e851-2e0d-38607362f9b7,Timothy,White,timothy.white@outlook.com,+1-789-802-4744,1972-07-17,1637 Pine Rd,Fort Worth,TX,76101,US,Finance,suspended,2024-07-28
6be8c756-2d36-226c-027e-789cce40483b,Matthew,Gonzalez,matthew.gonzalez@yahoo.com,+1-711-237-9470,1981-03-20,8749 Elm St,Phoenix,AZ,85001,US,Legal,active,2024-05-18
d0566199-3728-ddc2-0f5e-8b4729d0c613,Andrew,Brown,andrew.brown@hotmail.com,+1-460-587-2577,1990-12-22,7371 Elm St,Houston,TX,77001,US,HR,active,2024-06-18
adf9568b-de0b-de18-59e1-10eb1f096b9d,Kimberly,Taylor,kimberly.taylor@outlook.com,+1-820-303-9821,1978-06-21,2860 Pine Rd,New York,NY,10001,US,Operations,active,2024-11-17
49599bed-9d19-11a5-618d-de71141283fb,Ashley,Roberts,ashley.roberts@example.com,+1-674-746-3373,1999-11-27,2746 Elm St,Charlotte,NC,28201,US,Product,suspended,2024-10-13
4a965478-a72b-dddd-511e-eeb850405c43,Robert,Garcia,robert.garcia@yahoo.com,+1-927-373-7479,1970-03-28,4445 Lake Dr,Austin,TX,73301,US,Operations,suspended,2024-09-15
406bf02d-a97a-4f4e-3c10-871bba4f4b03,Anthony,Hernandez,anthony.hernandez@yahoo.com,+1-961-817-2311,1965-08-10,3451 Maple Dr,New York,NY,10001,US,Product,active,2024-02-03
fefac198-c3d6-cd54-8623-bc7465a29cc8,Donald,Scott,donald.scott@gmail.com,+1-285-206-5300,1994-07-31,2545 Oak Ave,New York,NY,10001,US,Product,active,2024-04-08
075072d6-2bac-f712-d6a9-19e886d895e5,Melissa,Jackson,melissa.jackson@hotmail.com,+1-235-779-6846,1965-11-20,5329 Lake Dr,Phoenix,AZ,85001,US,Legal,suspended,2024-05-18
a18c5492-74e0-079a-98fb-47279740b212,Mark,Rodriguez,mark.rodriguez@example.com,+1-966-751-8126,1967-12-10,8577 Pine Rd,Seattle,WA,98101,US,Operations,inactive,2024-09-08
02b3c948-4db6-f475-27dd-1ac44282b6e4,Jennifer,Lewis,jennifer.lewis@outlook.com,+1-200-635-3233,1978-06-28,5635 Pine Rd,Jacksonville,FL,32099,US,Legal,suspended,2024-01-23
4afcf9e8-cc47-6b72-6e31-0234c4100108,Ashley,Carter,ashley.carter@hotmail.com,+1-811-336-1118,1960-05-29,8982 Elm St,San Jose,CA,95101,US,Finance,inactive,2024-09-14
144716cc-4352-acea-3878-becf60dc12eb,Betty,Thomas,betty.thomas@yahoo.com,+1-632-740-4924,1997-02-27,8465 Pine Rd,Fort Worth,TX,76101,US,HR,suspended,2024-05-14
9e2383d0-7491-5c14-a30b-669c1c405045,Richard,Jones,richard.jones@yahoo.com,+1-663-378-9060,1972-12-27,3077 Elm St,Phoenix,AZ,85001,US,Engineering,active,2024-01-18
ba23b07a-703c-1286-b717-14cd200291bb,Mary,Lopez,mary.lopez@gmail.com,+1-208-338-2477,1972-01-28,2469 Main St,San Jose,CA,95101,US,Legal,active,2024-06-14
14898025-548b-2ce3-081f-ec82ca9acf77,Karen,Young,karen.young@outlook.com,+1-968-249-1918,1991-04-06,4367 Park Blvd,Charlotte,NC,28201,US,Marketing,suspended,2024-08-06
3fbbff57-b6f5-6f1c-c4a5-31cdf97f4994,Richard,Taylor,richard.taylor@hotmail.com,+1-594-889-8257,1965-06-21,4050 Main St,New York,NY,10001,US,Finance,inactive,2024-12-25
4fe66636-f612-1d2c-ae73-00eb639d8fe7,Michael,King,michael.king@example.com,+1-530-262-1691,1981-03-17,9005 Oak Ave,San Antonio,TX,78201,US,HR,inactive,2024-11-10
531350e0-6f25-37ce-a206-527c3c6841d6,Richard,White,richard.white@gmail.com,+1-215-271-5523,1965-01-24,9580 Oak Ave,San Antonio,TX,78201,US,Product,active,2024-01-02
3fac4317-16e8-27b0-c552-f3c55f13fb98,Emily,Hall,emily.hall@hotmail.com,+1-361-611-2497,1966-12-14,5545 Main St,Nashville,TN,37201,US,Engineering,active,2024-11-05
8ef00de1-fb4f-1972-5115-d7ee3b90908e,Brian,Wright,brian.wright@gmail.com,+1-860-874-6690,1981-11-18,7188 Cedar Ln,Phoenix,AZ,85001,US,Engineering,inactive,2024-06-24
8af09ec3-4b72-6a7c-8f1c-3fa070000009,William,Taylor,william.taylor@gmail.com,+1-913-601-4109,1991-09-12,9285 Maple Dr,Indianapolis,IN,46201,US,Operations,active,2024-12-15
4bb13407-730a-d7de-27af-bff987f89f62,Sarah,Hill,sarah.hill@icloud.com,+1-469-654-7014,1963-02-02,7440 Main St,Philadelphia,PA,19101,US,Product,active,2024-01-20
f7980131-a885-a7b4-1037-2a5cb893b08a,Nancy,Roberts,nancy.roberts@icloud.com,+1-751-938-7348,1974-05-21,3111 Lake Dr,San Diego,CA,92101,US,Sales,suspended,2024-05-11
0b34fc84-1111-ee29-a8ad-153985f0786a,Anthony,Adams,anthony.adams@outlook.com,+1-332-282-1512,1964-04-26,3311 Oak Ave,Houston,TX,77001,US,Legal,active,2024-02-02
4185300d-971d-f5fd-b389-50ce9fbc879e,Andrew,Adams,andrew.adams@hotmail.com,+1-250-475-4616,1983-08-03,9928 Oak Ave,Indianapolis,IN,46201,US,Engineering,active,2024-11-16
e3f342a8-f030-bfd4-be54-898e8eda6433,Jennifer,Robinson,jennifer.robinson@example.com,+1-625-941-7046,1976-03-10,956 Pine Rd,Los Angeles,CA,90001,US,Engineering,active,2024-05-03
30807a5d-62a5-0eec-881a-f04f3b23feed,Susan,King,susan.king@gmail.com,+1-397-638-5075,1992-07-12,9340 Maple Dr,Houston,TX,77001,US,Product,active,2024-11-19
2e2e77a4-cade-c379-2ab4-03f61aa67474,Daniel,Baker,daniel.baker@hotmail.com,+1-763-511-9268,1999-08-08,5530 Maple Dr,Columbus,OH,43085,US,Legal,active,2024-06-18
3d9ffe59-9bc0-fa93-52cd-adefb9d276f4,Christopher,White,christopher.white@hotmail.com,+1-776-658-4504,1997-01-21,6146 Pine Rd,Columbus,OH,43085,US,Operations,inactive,2024-08-13
fe503fdc-2294-fa0a-8482-0c08042c65ad,James,Campbell,james.campbell@gmail.com,+1-509-106-5920,1986-09-21,3636 Cedar Ln,San Jose,CA,95101,US,Operations,active,2024-12-27
18233383-279b-637c-9255-273fed0940f7,Sarah,Scott,sarah.scott@icloud.com,+1-238-571-6827,1985-08-06,2558 Maple Dr,Seattle,WA,98101,US,HR,active,2024-10-08
37a9f824-eafa-4d5b-91ae-3d4c66592d83,Joseph,Taylor,joseph.taylor@outlook.com,+1-951-179-6319,1985-08-03,7906 Maple Dr,Chicago,IL,60601,US,Legal,suspended,2024-02-20
ebffc53f-0e50-f355-c7b6-11cd1417182a,Michelle,Martin,michelle.martin@gmail.com,+1-989-442-6700,1977-02-11,7116 Park Blvd,Denver,CO,80201,US,Marketing,active,2024-12-21
51beba8e-0a8a-eb94-863d-fcd64e0648d0,Joshua,Smith,joshua.smith@example.com,+1-752-678-3450,1962-06-05,5355 Cedar Ln,Fort Worth,TX,76101,US,Sales,active,2024-11-24
4a2f3876-6e93-5615-38da-9a90170fad32,Betty,Lewis,betty.lewis@icloud.com,+1-603-251-3165,1982-08-22,5508 Oak Ave,Denver,CO,80201,US,Legal,suspended,2024-12-02
b2a7a475-c619-6773-6f3a-cf3380777ac5,Kimberly,Sanchez,kimberly.sanchez@outlook.com,+1-333-880-3209,1977-11-16,7880 Cedar Ln,Chicago,IL,60601,US,Legal,inactive,2024-11-19
c6da85f1-4429-6ca2-1257-429e3e085cb7,Richard,Scott,richard.scott@icloud.com,+1-640-431-2467,1971-01-17,1844 Park Blvd,San Francisco,CA,94102,US,Product,active,2024-06-07
5987038a-fcd6-c18e-2b54-500d4e089bb4,Christopher,Thompson,christopher.thompson@icloud.com,+1-831-941-8245,1994-07-11,2390 Lake Dr,New York,NY,10001,US,Engineering,active,2024-04-22
f2edcab0-3e38-69e2-0df6-3417bd5538c7,Nancy,Martinez,nancy.martinez@example.com,+1-835-251-5713,1965-01-15,226 Elm St,Chicago,IL,60601,US,Marketing,active,2024-08-16
c017466e-85f4-c0a2-8be2-7516342c5348,Mary,Perez,mary.perez@yahoo.com,+1-464-661-8913,1969-07-03,2316 Main St,Seattle,WA,98101,US,Product,suspended,2024-11-17
9e32f085-b24f-92b9-ca08-41de3360d115,John,Taylor,john.taylor@yahoo.com,+1-477-154-8617,1972-09-27,137 Oak Ave,Los Angeles,CA,90001,US,Product,active,2024-11-28
62f32fae-a63f-cf12-e226-a768de0e9c53,Kevin,White,kevin.white2@gmail.com,+1-436-489-9331,1973-02-13,1632 Elm St,New York,NY,10001,US,Legal,suspended,2024-09-03
0a2d36a6-0580-4493-b664-6199ed25459e,Elizabeth,Gonzalez,elizabeth.gonzalez@icloud.com,+1-453-642-5995,1985-02-24,5466 Lake Dr,Charlotte,NC,28201,US,Product,active,2024-01-12
80520405-fa84-bb5f-fa6e-3743fef97d57,Carol,Thompson,carol.thompson@outlook.com,+1-482-931-2015,1970-08-05,4222 Park Blvd,San Jose,CA,95101,US,Engineering,suspended,2024-05-08
f5ea4128-854d-c3bf-61d8-5365bada0c94,Barbara,Perez,barbara.perez@hotmail.com,+1-894-727-4726,1963-12-09,6838 Cedar Ln,Phoenix,AZ,85001,US,Sales,inactive,2024-05-20
8a962a11-94be-6d9f-2379-c05fa7087280,Lisa,Lewis,lisa.lewis@icloud.com,+1-900-919-4314,1969-04-10,2263 Pine Rd,Phoenix,AZ,85001,US,Sales,inactive,2024-03-21
1e4ea133-b82d-40de-f2d7-8d5388702ae7,Andrew,Hernandez,andrew.hernandez@outlook.com,+1-388-425-3384,1984-12-31,484 Elm St,Chicago,IL,60601,US,Product,inactive,2024-05-15
21acfdb5-1b55-5f6d-301c-6abfc7739d46,Melissa,Green,melissa.green@example.com,+1-389-126-5372,1966-10-25,9923 Cedar Ln,Dallas,TX,75201,US,Finance,active,2024-11-01
7800e27a-9ace-63cc-d89c-83f68098580d,Daniel,Garcia,daniel.garcia@example.com,+1-929-765-7126,1966-01-05,3015 Park Blvd,Indianapolis,IN,46201,US,Legal,inactive,2024-03-06
451575b9-ece9-504b-03d7-f962f80443ee,Richard,Anderson,richard.anderson@gmail.com,+1-622-327-4323,1994-04-18,3352 Oak Ave,Columbus,OH,43085,US,Sales,inactive,2024-10-16
9ba14c35-0ab5-207f-c6b6-020a67a55936,Brian,Lee,brian.lee2@hotmail.com,+1-952-944-7232,1979-03-07,5127 Park Blvd,San Diego,CA,92101,US,Engineering,suspended,2024-02-15
0a0c64e5-bc34-1b4f-fbdc-532e6546c66d,Sandra,Williams,sandra.williams@yahoo.com,+1-771-496-9456,1984-02-16,808 Cedar Ln,San Francisco,CA,94102,US,HR,inactive,2024-07-10
0df6c527-eb45-bc38-9cf6-5e334b5f174b,Deborah,Jackson,deborah.jackson@hotmail.com,+1-906-629-3330,1978-12-13,7596 Lake Dr,Philadelphia,PA,19101,US,Marketing,suspended,2024-02-06
736d417c-52ce-55e3-69df-05c764a0053f,Deborah,Nguyen,deborah.nguyen2@example.com,+1-225-283-8433,1966-01-25,9672 Cedar Ln,Seattle,WA,98101,US,Legal,active,2024-05-11
1d39e9c2-1758-4f23-1fa0-9802bbb71494,Brian,Adams,brian.adams@example.com,+1-923-560-6946,1992-03-22,1398 Park Blvd,Philadelphia,PA,19101,US,Sales,inactive,2024-09-13
266c47fb-dcd8-1a8b-a8d6-faf6df0ddef1,John,Roberts,john.roberts@yahoo.com,+1-366-989-3369,1985-05-14,2931 Main St,Austin,TX,73301,US,Product,active,2024-05-24
33ee16e7-f5de-feba-21ae-a39be606d7c2,Deborah,Lewis,deborah.lewis@outlook.com,+1-203-737-5146,1965-04-10,201 Lake Dr,Philadelphia,PA,19101,US,Legal,inactive,2024-09-26
74283491-79c8-42cb-a8d3-110e96bfae6e,James,Hill,james.hill@hotmail.com,+1-619-552-2300,1969-09-23,9851 Main St,San Diego,CA,92101,US,Finance,suspended,2024-05-20
59595d27-a73d-2746-0e18-ab9625f41dd6,Kenneth,Scott,kenneth.scott@yahoo.com,+1-237-248-1531,1968-04-16,9472 Pine Rd,Los Angeles,CA,90001,US,Operations,active,2024-01-04
984fe323-b329-2925-b107-094ea9325ae1,Anthony,Lopez,anthony.lopez@yahoo.com,+1-786-906-3906,1987-05-31,7461 Elm St,San Jose,CA,95101,US,Engineering,active,2024-05-11
788773ed-4af7-15b7-109e-fb408cebac57,Nancy,Harris,nancy.harris@gmail.com,+1-337-224-5496,1997-10-29,5394 Park Blvd,Columbus,OH,43085,US,Finance,active,2024-10-02
9ad2bb72-b04b-a584-b95c-ec2d7bd15655,Michael,Torres,michael.torres@example.com,+1-923-394-7996,1963-12-07,9976 Elm St,San Francisco,CA,94102,US,HR,suspended,2024-10-20
7f6bf62c-a1c1-6b96-baab-d9f2850b7073,Daniel,Rodriguez,daniel.rodriguez@icloud.com,+1-704-927-3947,1982-04-07,9985 Cedar Ln,Denver,CO,80201,US,HR,active,2024-01-04
9d84d303-ccb0-3fc5-3513-a238d91b1a04,Mary,Robinson,mary.robinson@example.com,+1-624-523-1745,1993-01-29,5469 Elm St,Houston,TX,77001,US,Finance,active,2024-11-07
52ecac27-8ccc-617e-81b6-69514cdf697f,Brian,Jackson,brian.jackson@outlook.com,+1-985-106-2865,1973-10-21,5461 Elm St,Chicago,IL,60601,US,Product,suspended,2024-10-01
cc18dd0e-7978-dc84-ea89-a9797aa6d6ea,Elizabeth,Gonzalez,elizabeth.gonzalez@outlook.com,+1-236-761-3224,1990-03-01,7889 Maple Dr,Austin,TX,73301,US,Legal,suspended,2024-06-15
50c4cb4b-ad9e-5c1e-b997-402490a014ab,Anthony,Mitchell,anthony.mitchell@gmail.com,+1-768-648-1306,1973-06-05,3413 Elm St,San Francisco,CA,94102,US,Operations,active,2024-03-09
63ba9d86-9b0e-70ad-922b-da482a7cf9e9,Mary,Perez,mary.perez@hotmail.com,+1-391-709-2914,1997-10-14,5051 Elm St,Seattle,WA,98101,US,Engineering,active,2024-07-03
866cfb2b-3754-f16f-4d79-132cf362d408,Ashley,Thomas,ashley.thomas@outlook.com,+1-509-279-2838,1997-03-16,6132 Main St,Charlotte,NC,28201,US,Finance,active,2024-08-17
bb8141f0-7bc4-d138-ec73-75985711d5fd,Mary,Walker,mary.walker@icloud.com,+1-736-417-6363,1968-07-13,2348 Oak Ave,Phoenix,AZ,85001,US,Sales,active,2024-12-02
0b458c23-eead-a90c-4f9c-78bf010d583f,Sandra,Harris,sandra.harris@example.com,+1-903-968-2426,1965-03-12,5461 Lake Dr,San Francisco,CA,94102,US,Engineering,active,2024-09-25
e462ff64-a38b-baa4-4fe8-98d8c22ca6a8,Kevin,Mitchell,kevin.mitchell@outlook.com,+1-414-428-4285,1985-11-27,3155 Pine Rd,New York,NY,10001,US,HR,suspended,2024-06-25
03e7dd21-1d4d-46d6-460d-113d2851a8be,Mark,Nelson,mark.nelson@gmail.com,+1-837-673-9422,1966-09-12,1678 Cedar Ln,Dallas,TX,75201,US,Operations,suspended,2024-06-09
9cfecbd8-4fb6-7094-123c-f9112bd8ad4d,Barbara,Rivera,barbara.rivera2@outlook.com,+1-546-653-8268,1970-12-25,832 Maple Dr,Denver,CO,80201,US,Engineering,inactive,2024-11-02
989b68c0-b465-c027-2dd1-d45b6454a82a,Michael,Harris,michael.harris@gmail.com,+1-806-744-8304,1979-02-17,5827 Pine Rd,Chicago,IL,60601,US,Operations,active,2024-12-25
cd66d79d-d017-0108-17c9-5aaa21bd55eb,Kevin,Wright,kevin.wright@gmail.com,+1-915-579-2593,1985-06-20,7465 Pine Rd,Charlotte,NC,28201,US,Legal,inactive,2024-04-08
aa4946f4-ead1-d758-b319-f18d2ef03a1b,Barbara,Flores,barbara.flores@outlook.com,+1-538-907-6320,1977-08-02,7427 Lake Dr,Jacksonville,FL,32099,US,Engineering,active,2024-08-04
931e1d4d-9abc-9859-593e-dc83c497d0a8,Daniel,Walker,daniel.walker@hotmail.com,+1-330-620-2686,1972-08-29,6647 Oak Ave,Philadelphia,PA,19101,US,Operations,suspended,2024-11-03
3e628981-9ef1-a74f-3d13-452669d75427,Karen,Wright,karen.wright@hotmail.com,+1-761-262-8903,1986-06-28,6289 Oak Ave,Fort Worth,TX,76101,US,Operations,active,2024-12-19
a9a0f4ef-2c4f-5416-3c74-9c16b1b2b5f8,Margaret,Ramirez,margaret.ramirez@icloud.com,+1-885-179-8972,1984-06-04,1874 Lake Dr,Austin,TX,73301,US,Operations,suspended,2024-02-27
d066ad21-af7d-7f21-1bd6-b03d9927839b,Mark,Lopez,mark.lopez@outlook.com,+1-810-889-7208,1963-02-14,5365 Lake Dr,Fort Worth,TX,76101,US,Engineering,active,2024-04-27
73f621a8-2633-0c43-a92f-85fe258fcafc,William,Nguyen,william.nguyen@example.com,+1-744-398-7389,1993-12-16,9469 Lake Dr,New York,NY,10001,US,Finance,active,2024-11-11
5821b9f8-ea45-2afd-fb8a-61ebb7c12a4c,Karen,Torres,karen.torres@example.com,+1-291-696-1133,1979-07-02,8363 Park Blvd,San Jose,CA,95101,US,Sales,active,2024-01-12
dc7abd16-1c15-3057-5bf7-74cffa8bd601,Kimberly,Brown,kimberly.brown@gmail.com,+1-488-986-1510,1996-10-25,3855 Park Blvd,Seattle,WA,98101,US,Product,active,2024-12-13
239a046d-7991-2c51-2c64-9adfa998c8e1,Betty,Harris,betty.harris@hotmail.com,+1-392-668-7301,1969-06-22,5903 Park Blvd,Seattle,WA,98101,US,Sales,active,2024-11-05
a86de251-7c98-756f-e288-109db8a9b014,William,Smith,william.smith@gmail.com,+1-647-239-2387,1966-06-17,2249 Park Blvd,New York,NY,10001,US,Legal,suspended,2024-07-20
5af56a23-627c-a9f7-7336-3302d1f03374,Elizabeth,Robinson,elizabeth.robinson@icloud.com,+1-431-290-7959,1984-10-05,9906 Main St,Columbus,OH,43085,US,Legal,active,2024-12-17
91724023-09b1-85d6-fa6d-81ee0890f506,Sarah,Clark,sarah.clark@icloud.com,+1-694-821-7038,1976-06-17,1855 Lake Dr,Denver,CO,80201,US,Marketing,active,2024-12-24
9c2d9672-e3d1-803c-85fa-b5ea14072edb,Dorothy,Carter,dorothy.carter@outlook.com,+1-290-351-8740,1983-03-10,1280 Pine Rd,Charlotte,NC,28201,US,Engineering,active,2024-09-25
54de19cd-bbdb-4536-92ef-63c1781f9d3f,James,Walker,james.walker@hotmail.com,+1-631-461-5827,2000-08-22,4739 Maple Dr,San Francisco,CA,94102,US,Engineering,suspended,2024-12-10
92a6f3e6-2b48-c6e6-9401-0dfe79210c7c,George,Torres,george.torres@outlook.com,+1-252-772-5780,1988-03-24,448 Pine Rd,Los Angeles,CA,90001,US,Legal,active,2024-03-17
41c7d9b3-db9c-9b7c-4674-a0eb47edc6dd,Robert,Moore,robert.moore@outlook.com,+1-214-859-2827,1987-08-16,9894 Maple Dr,Phoenix,AZ,85001,US,Sales,inactive,2024-06-26
dcacfa54-8702-f4ad-cca3-a4c42e4982cf,Elizabeth,Taylor,elizabeth.taylor@example.com,+1-233-451-2382,1981-10-01,2377 Maple Dr,San Diego,CA,92101,US,Legal,inactive,2024-07-08
5856e1fc-d782-5ea3-bbff-16e993e7e893,Kevin,Lewis,kevin.lewis@example.com,+1-255-757-5331,1969-06-16,1901 Main St,Philadelphia,PA,19101,US,Sales,inactive,2024-07-16
63dba8c8-b4a2-b699-aefa-823b613a9ff9,Karen,Walker,karen.walker@example.com,+1-685-368-3378,1970-06-25,8691 Park Blvd,Seattle,WA,98101,US,Engineering,active,2024-08-13
5a947a40-a32e-3ab5-8802-d74aeaef2ec2,Carol,Lee,carol.lee@icloud.com,+1-642-725-5466,1964-05-14,5489 Pine Rd,Los Angeles,CA,90001,US,HR,active,2024-05-21
31e6a645-c53f-4f7e-96b6-a287ac00f929,Emily,Sanchez,emily.sanchez@hotmail.com,+1-732-445-3947,1992-12-08,5133 Main St,San Diego,CA,92101,US,Engineering,active,2024-01-14
407c4370-4886-274c-b9aa-06f5382bab11,Michael,King,michael.king@gmail.com,+1-397-134-1388,1975-10-08,1507 Main St,Charlotte,NC,28201,US,Finance,suspended,2024-11-04
e65fa9fa-c38c-2eaf-a809-7a77603ecfef,Amanda,Davis,amanda.davis@gmail.com,+1-863-679-4027,1965-10-29,1817 Maple Dr,Nashville,TN,37201,US,HR,active,2024-08-22
aae6787e-e744-aa30-b135-6d676d4ec8a4,Robert,Green,robert.green@hotmail.com,+1-988-888-6298,1994-07-06,4217 Maple Dr,Dallas,TX,75201,US,Marketing,active,2024-01-13
11c4194a-70c9-8336-2d8c-c97343c1136c,Matthew,Perez,matthew.perez@gmail.com,+1-703-305-7432,1996-06-16,2924 Lake Dr,Dallas,TX,75201,US,Marketing,active,2024-09-25
1a71064d-424d-9430-b724-79b7710b7fa9,Margaret,Wilson,margaret.wilson@icloud.com,+1-235-174-2153,2000-12-08,9361 Pine Rd,Houston,TX,77001,US,Legal,active,2024-08-05
b336d143-26cf-bf51-4435-2e6f63f6bf77,Michelle,Green,michelle.green@gmail.com,+1-537-500-1060,1989-10-23,8445 Lake Dr,Los Angeles,CA,90001,US,Legal,inactive,2024-07-28
b0736dd1-f443-864c-6269-9a4400d8c046,George,Roberts,george.roberts@gmail.com,+1-998-593-2985,1970-02-17,9294 Elm St,Seattle,WA,98101,US,Operations,active,2024-07-02
1498d0dd-570e-5af5-f5ff-3705da74a056,Kenneth,Adams,kenneth.adams@gmail.com,+1-670-878-5750,1983-12-25,3328 Maple Dr,Jacksonville,FL,32099,US,Engineering,inactive,2024-11-07
15b98c20-7c8b-7f1e-5bf8-8967b057fcd4,Karen,Hall,karen.hall@hotmail.com,+1-847-548-4104,1988-04-15,2293 Main St,Houston,TX,77001,US,Finance,active,2024-12-19
7feb4cf3-4ec7-7371-a4b6-5cfa8a619e64,Jessica,Young,jessica.young@hotmail.com,+1-746-954-8361,1995-07-24,269 Main St,Chicago,IL,60601,US,Operations,active,2024-06-26
85eb2b3f-aad5-3fb8-a762-b59cce9e5929,George,Williams,george.williams@hotmail.com,+1-669-794-9791,1969-06-30,2441 Cedar Ln,Houston,TX,77001,US,Marketing,active,2024-12-05
3e20718a-0bb9-a8f6-9e4d-a214eb034c4e,Ashley,Adams,ashley.adams@gmail.com,+1-918-764-3138,2000-09-10,236 Maple Dr,Indianapolis,IN,46201,US,Engineering,active,2024-02-15
7f44cbca-1d3a-e131-1b38-8581d145bd7f,Donna,Hernandez,donna.hernandez@icloud.com,+1-809-918-4613,1996-09-06,1034 Cedar Ln,Chicago,IL,60601,US,Product,active,2024-12-22
f6f61488-d620-15f0-5253-b6f72328051e,Betty,Lee,betty.lee@gmail.com,+1-418-882-1746,1984-06-26,9718 Maple Dr,Denver,CO,80201,US,Operations,active,2024-02-09
704c19e2-2a3d-d769-8dac-210d5eb38ef5,Barbara,Carter,barbara.carter@hotmail.com,+1-449-695-1666,1991-03-27,2186 Oak Ave,Philadelphia,PA,19101,US,Product,active,2024-01-16
e30cdee2-97fe-b937-a6d9-77a1b4ecfe8d,Jennifer,Smith,jennifer.smith@gmail.com,+1-490-526-8798,1963-12-31,2080 Cedar Ln,Philadelphia,PA,19101,US,Sales,active,2024-09-15
b79a566b-2e14-82be-98a5-47b209a18b34,Anthony,Thomas,anthony.thomas@yahoo.com,+1-711-726-2442,1991-01-10,4935 Elm St,Nashville,TN,37201,US,Product,active,2024-09-08
fc9dc0d0-c2d9-4cc9-dcdb-f14e5ca59057,Richard,Davis,richard.davis@icloud.com,+1-752-619-4592,1987-10-06,7606 Cedar Ln,Houston,TX,77001,US,HR,active,2024-04-04
0b099fcc-ec34-4cf0-ab8e-77a128e60130,Barbara,Baker,barbara.baker@hotmail.com,+1-255-760-6966,1967-11-28,4671 Cedar Ln,Indianapolis,IN,46201,US,Product,active,2024-06-20
2d06f862-8990-779c-ecc3-b6990d6dcb42,Timothy,Robinson,timothy.robinson@gmail.com,+1-361-904-1476,1993-03-18,7948 Oak Ave,Houston,TX,77001,US,Marketing,active,2024-12-15
536016e7-e5fb-c1c0-ad46-3549bf4113cb,Emily,Nguyen,emily.nguyen@outlook.com,+1-435-897-2804,1968-11-30,5344 Cedar Ln,Columbus,OH,43085,US,Marketing,active,2024-12-14
e3f713a7-0de9-2f1b-7c02-24e595c89b2d,Richard,Harris,richard.harris@yahoo.com,+1-646-248-4541,1981-02-15,9985 Lake Dr,Chicago,IL,60601,US,Sales,inactive,2024-06-05
083759f8-2090-f35e-55fc-f99133c417d5,Sandra,Campbell,sandra.campbell@yahoo.com,+1-908-682-1977,1972-02-05,4598 Maple Dr,Jacksonville,FL,32099,US,Marketing,inactive,2024-08-14
ca1fbff2-2823-442c-9a87-e3574b8fb475,David,Carter,david.carter@outlook.com,+1-853-726-3784,1999-10-05,9472 Cedar Ln,San Diego,CA,92101,US,Marketing,inactive,2024-09-16
bc7637a0-6d98-a416-bae2-719803b68657,Susan,Nguyen,susan.nguyen@hotmail.com,+1-452-353-6362,1972-07-09,7115 Cedar Ln,Charlotte,NC,28201,US,Sales,suspended,2024-01-14
7ab16533-64f2-2a7c-87f7-97fa6cfa855f,John,Williams,john.williams@hotmail.com,+1-913-941-2605,1961-07-04,7413 Lake Dr,San Francisco,CA,94102,US,Finance,active,2024-09-25
3d333164-4bb8-ebe2-5bc0-798821f969e9,James,Hall,james.hall@example.com,+1-863-192-1260,1969-10-11,7861 Pine Rd,Columbus,OH,43085,US,Sales,inactive,2024-10-24
67c5b29b-b400-a5e1-dfcb-821b237cdb55,Emily,Johnson,emily.johnson@hotmail.com,+1-389-908-7068,1994-08-15,7608 Main St,Charlotte,NC,28201,US,Marketing,inactive,2024-12-11
9ccce19f-f233-5074-b2b3-bb394510eaad,Dorothy,Williams,dorothy.williams@outlook.com,+1-755-689-4393,1993-10-09,1327 Elm St,Columbus,OH,43085,US,Engineering,suspended,2024-11-12
5dce8d9b-5d96-120d-0a76-bd919e7f87a7,Patricia,Davis,patricia.davis@hotmail.com,+1-379-763-2097,1980-11-15,9188 Cedar Ln,Jacksonville,FL,32099,US,Sales,active,2024-04-18
c0cffa73-35b5-0ec5-b3ed-8f33f587d26d,Linda,Adams,linda.adams@hotmail.com,+1-962-879-4693,1999-01-28,5251 Elm St,Denver,CO,80201,US,HR,suspended,2024-11-14
86d4aba8-805f-0892-7c79-5dd973d12f3e,Sarah,Brown,sarah.brown@gmail.com,+1-325-581-9714,1975-06-27,8731 Pine Rd,Jacksonville,FL,32099,US,Legal,suspended,2024-06-26
14860c2d-1659-ddcc-7537-3d14e24c724b,Carol,Hall,carol.hall@gmail.com,+1-600-283-5724,2000-01-03,1261 Oak Ave,San Antonio,TX,78201,US,Sales,active,2024-02-23
4b0d2716-05cf-079e-a095-2c4df3bd2348,Barbara,Young,barbara.young@yahoo.com,+1-626-798-9870,1983-05-10,2164 Lake Dr,San Antonio,TX,78201,US,Operations,inactive,2024-08-24
3b79da1e-cd4f-2875-df2d-df2005a43113,Michelle,Johnson,michelle.johnson@outlook.com,+1-732-760-6503,1962-10-28,6746 Elm St,San Antonio,TX,78201,US,Operations,inactive,2024-10-22
e5f5cdc8-21c7-c0f6-9137-67ab4dd85715,Brian,King,brian.king@icloud.com,+1-513-275-5259,1980-07-17,3716 Lake Dr,Charlotte,NC,28201,US,Operations,active,2024-01-05
890a83b4-b639-529e-2929-8691ec93e43d,Daniel,Jackson,daniel.jackson@hotmail.com,+1-492-286-3873,1987-10-01,2515 Maple Dr,Philadelphia,PA,19101,US,Finance,active,2024-01-11
b506c24d-8fff-29f7-3485-0fcd2f3b2b18,Andrew,Rodriguez,andrew.rodriguez@hotmail.com,+1-235-781-6192,1976-07-31,5634 Maple Dr,Dallas,TX,75201,US,Operations,inactive,2024-09-06
2537e0d6-c4bd-9b59-7fd9-c96fee5a8856,Paul,Martin,paul.martin@gmail.com,+1-669-427-3556,1978-02-23,71 Elm St,New York,NY,10001,US,HR,inactive,2024-05-25
56b405d7-712d-d406-ec1b-55dde82956cf,Andrew,Nelson,andrew.nelson@yahoo.com,+1-905-215-8847,1992-09-05,657 Maple Dr,Denver,CO,80201,US,Marketing,active,2024-01-13
a42d10f5-9baf-cc20-0e16-af3f538cc0ca,Donna,Anderson,donna.anderson@hotmail.com,+1-399-697-9625,1964-02-24,3640 Pine Rd,Jacksonville,FL,32099,US,Finance,active,2024-02-18
51589375-7d8f-2350-31c7-7a4464f8f226,Mark,Baker,mark.baker@example.com,+1-817-719-9381,1982-12-16,919 Elm St,Chicago,IL,60601,US,Product,active,2024-12-28
4edeae5f-59f2-674c-584c-b0f748ded8be,Margaret,White,margaret.white@hotmail.com,+1-656-995-2435,1960-07-18,3534 Lake Dr,Jacksonville,FL,32099,US,Product,inactive,2024-05-06
160934d1-9912-5090-9651-6ec2d5e4157d,George,Ramirez,george.ramirez@example.com,+1-347-312-5968,1966-04-05,7777 Elm St,Columbus,OH,43085,US,Marketing,suspended,2024-07-03
b5d2bf7f-764d-7e7c-8e49-d0f92cc5c9de,James,Clark,james.clark@example.com,+1-781-873-3243,1978-08-05,3265 Maple Dr,Dallas,TX,75201,US,Product,active,2024-09-16
397a284f-76a4-c79b-bd67-34588f2d0b17,John,Martin,john.martin@icloud.com,+1-227-910-1040,1982-03-01,2524 Pine Rd,San Jose,CA,95101,US,HR,inactive,2024-02-21
3ea7f419-a510-af65-b016-7db8e8239943,Kevin,Jackson,kevin.jackson@hotmail.com,+1-229-222-5541,1982-01-24,8079 Oak Ave,Philadelphia,PA,19101,US,Operations,suspended,2024-08-19
8334e524-5f8a-2e3c-1e9d-095bd17ad9bd,Margaret,Taylor,margaret.taylor@example.com,+1-950-689-1287,1991-02-21,4253 Maple Dr,Indianapolis,IN,46201,US,Engineering,active,2024-06-15
a2e11798-6b65-450b-5c75-352c45cdb96b,Brian,Rodriguez,brian.rodriguez@outlook.com,+1-564-149-5749,1962-05-16,4779 Oak Ave,Philadelphia,PA,19101,US,Finance,active,2024-02-20
af5a01cc-d851-95ac-d3aa-9b2750f32ab5,Timothy,Hernandez,timothy.hernandez@icloud.com,+1-508-377-6939,1999-02-19,1571 Elm St,Austin,TX,73301,US,Sales,active,2024-03-17
1a380e8e-29bc-4734-e929-66beebc095f5,Charles,White,charles.white@hotmail.com,+1-423-258-9247,1975-04-07,3623 Cedar Ln,Columbus,OH,43085,US,Marketing,inactive,2024-08-03
23966b83-5cd1-4b22-b0e8-b2fa4fc34759,Linda,Rodriguez,linda.rodriguez@gmail.com,+1-652-711-9570,1975-08-15,5605 Maple Dr,Indianapolis,IN,46201,US,HR,active,2024-12-27
35b823e4-2016-8e6d-4eb3-9f633a00c83e,Linda,Anderson,linda.anderson@yahoo.com,+1-333-180-7960,1990-11-11,1831 Oak Ave,Phoenix,AZ,85001,US,Engineering,inactive,2024-07-02
e8956041-1e71-afa9-7815-c7df0f2c01b7,Richard,Miller,richard.miller@gmail.com,+1-459-144-2085,1986-08-10,4943 Main St,San Francisco,CA,94102,US,Marketing,active,2024-10-07
bf06d520-d88a-617b-2543-38df173d5030,Emily,Gonzalez,emily.gonzalez@yahoo.com,+1-484-693-6698,1961-04-24,5771 Maple Dr,Jacksonville,FL,32099,US,Finance,suspended,2024-10-03
4827c440-f6d9-fe17-3109-4211b73f6e64,Michael,Nguyen,michael.nguyen@gmail.com,+1-375-872-9800,1969-09-25,71 Oak Ave,San Francisco,CA,94102,US,Finance,suspended,2024-12-16
2e4c16e2-1b79-9e6b-f52e-f4a6ac6c2e1b,Nancy,Hall,nancy.hall2@icloud.com,+1-563-488-7948,1979-09-21,3511 Cedar Ln,Philadelphia,PA,19101,US,Product,active,2024-06-04
49cc253f-b469-3ec4-5c7a-e8efc3245e35,Sandra,Davis,sandra.davis@icloud.com,+1-770-839-1665,1982-03-29,1348 Elm St,Phoenix,AZ,85001,US,Legal,active,2024-07-10
39d2d74a-71a7-1782-d751-af9cf9e6debb,Sandra,Hill,sandra.hill@example.com,+1-767-517-5761,1990-10-26,7012 Cedar Ln,San Jose,CA,95101,US,Marketing,inactive,2024-11-12
85cd3384-7024-9792-6578-7d0c1aec8b70,Elizabeth,Smith,elizabeth.smith@example.com,+1-874-792-2392,1990-02-23,1954 Maple Dr,Indianapolis,IN,46201,US,Product,inactive,2024-12-19
334477eb-56b0-9052-32f7-5350f9a732dc,Michael,Mitchell,michael.mitchell@yahoo.com,+1-809-964-7623,1976-04-25,2012 Cedar Ln,Chicago,IL,60601,US,Product,inactive,2024-05-25
a4d21eae-cd0d-4d73-ca1c-3218c19d11c5,Amanda,Roberts,amanda.roberts@icloud.com,+1-609-464-8795,1972-03-30,9883 Park Blvd,Denver,CO,80201,US,Legal,suspended,2024-05-05
a0dcec7d-3b17-2319-7f4d-55b97d457a09,Deborah,Robinson,deborah.robinson@gmail.com,+1-337-130-2631,1971-03-31,866 Oak Ave,Houston,TX,77001,US,Legal,active,2024-03-13
c29a988f-18a9-5210-9f8c-2c519f3936a5,Joshua,Baker,joshua.baker@outlook.com,+1-278-776-9518,1973-07-31,8065 Lake Dr,Phoenix,AZ,85001,US,Finance,active,2024-11-16
8bef4a76-8a60-1b92-dc13-7c04cf3a2f8d,Ashley,Allen,ashley.allen@outlook.com,+1-218-882-1517,1975-05-31,7052 Oak Ave,Seattle,WA,98101,US,Product,inactive,2024-06-28
dc409942-a8cf-2936-8e81-b2f02d474c4f,Matthew,Lewis,matthew.lewis@hotmail.com,+1-998-410-3689,1961-06-22,8053 Park Blvd,Los Angeles,CA,90001,US,Sales,active,2024-12-13
af74ae63-8dc4-c81f-a8fa-e9047d94ed9f,Ashley,Carter,ashley.carter@gmail.com,+1-752-685-8697,1990-04-12,7798 Maple Dr,Denver,CO,80201,US,Engineering,inactive,2024-05-16
0fb97b5d-520b-28f6-48d0-e602fa4ffba8,Emily,Harris,emily.harris@icloud.com,+1-228-704-1739,1994-05-19,2101 Elm St,Jacksonville,FL,32099,US,Operations,suspended,2024-01-25
697437ea-5b7c-57e8-fdf0-2450585b4b17,Kenneth,Perez,kenneth.perez@hotmail.com,+1-559-157-5001,1979-03-16,4057 Cedar Ln,Houston,TX,77001,US,HR,suspended,2024-02-23
0991946d-537c-64b0-89d5-af23050bd848,Robert,Martin,robert.martin@gmail.com,+1-671-773-7921,1967-08-13,9307 Park Blvd,Austin,TX,73301,US,HR,active,2024-12-16
19048ca7-9291-e493-528a-34f363eac0a1,Emily,Johnson,emily.johnson@outlook.com,+1-700-202-4373,1985-08-01,5505 Lake Dr,Fort Worth,TX,76101,US,Operations,active,2024-10-10
13483fb3-c982-a300-f95f-17e6d8eae31b,Nancy,Ramirez,nancy.ramirez@yahoo.com,+1-748-319-5708,1988-07-03,4345 Main St,Indianapolis,IN,46201,US,HR,suspended,2024-07-26
9784713d-1840-7642-9404-7909d81ca1a0,Joseph,Flores,joseph.flores@example.com,+1-544-379-2102,1992-03-11,9281 Lake Dr,Chicago,IL,60601,US,Product,active,2024-06-26
8a3a0129-a9d8-4c4f-6ed3-38be4cc6d67e,Robert,Adams,robert.adams@outlook.com,+1-520-304-7788,1996-01-26,6592 Pine Rd,San Francisco,CA,94102,US,Legal,suspended,2024-03-01
f64d4de0-a92a-9880-3684-13397fcbcf31,Kenneth,Rivera,kenneth.rivera@icloud.com,+1-960-578-5389,1985-11-16,8729 Park Blvd,Philadelphia,PA,19101,US,Engineering,suspended,2024-04-12
d8186112-4cde-dddb-c3f9-c78caf704164,Sandra,Martinez,sandra.martinez@yahoo.com,+1-645-520-6220,1993-06-25,1056 Cedar Ln,Phoenix,AZ,85001,US,Product,active,2024-05-21
2663ed11-1d12-2ccf-3d0d-3ffd67e6d49a,David,Taylor,david.taylor@example.com,+1-396-128-5023,1970-08-04,5088 Lake Dr,Nashville,TN,37201,US,Legal,suspended,2024-07-14
ca27cd69-4226-4ba4-0775-d77822ed1e25,Michelle,Williams,michelle.williams@yahoo.com,+1-484-774-3883,1972-03-26,692 Lake Dr,Philadelphia,PA,19101,US,Engineering,active,2024-02-11
e2be80e1-a84d-5f25-abf2-b3695d0a06d3,Joshua,Martin,joshua.martin@gmail.com,+1-292-506-3302,2000-03-23,3868 Oak Ave,Columbus,OH,43085,US,Marketing,suspended,2024-11-27
998de3d8-3cf2-9ade-171a-8b65e272d7ca,Emily,Roberts,emily.roberts@icloud.com,+1-325-891-6134,1982-04-08,5396 Park Blvd,Dallas,TX,75201,US,Finance,inactive,2024-04-05
96e83922-dce7-0289-411a-315b688b4cfb,Michael,Lopez,michael.lopez@yahoo.com,+1-257-602-9740,1979-09-18,6140 Oak Ave,Dallas,TX,75201,US,Operations,suspended,2024-07-16
d2450039-5e24-296e-b736-3ad979a8226b,Carol,Thomas,carol.thomas@outlook.com,+1-515-121-1570,1976-04-13,896 Cedar Ln,Phoenix,AZ,85001,US,HR,suspended,2024-07-10
71414f58-db8e-c35b-3c83-861eddf0a0a2,Kenneth,Hall,kenneth.hall@outlook.com,+1-597-108-7438,1983-12-29,4187 Pine Rd,Houston,TX,77001,US,Marketing,active,2024-05-07
68028b3b-a4f9-54fc-c449-21b6cfef7811,David,Lewis,david.lewis@example.com,+1-234-380-2312,1999-06-14,8056 Lake Dr,Austin,TX,73301,US,Product,active,2024-12-14
9a244525-6bbe-2bd6-5a13-41e710fd7164,Michael,Hernandez,michael.hernandez@example.com,+1-946-932-9973,1982-09-17,5354 Lake Dr,Dallas,TX,75201,US,Engineering,active,2024-11-21
4e385d03-a0d8-0651-3338-22d16691c664,Elizabeth,Green,elizabeth.green@hotmail.com,+1-521-689-2347,1960-02-20,1816 Maple Dr,Phoenix,AZ,85001,US,Finance,suspended,2024-12-25
51c4243b-f07d-b671-caea-9ae5690a7b80,Michelle,Carter,michelle.carter@yahoo.com,+1-662-589-3187,1990-10-05,4271 Maple Dr,Nashville,TN,37201,US,Operations,active,2024-04-03
e2643336-d5ad-86bc-f1db-9ad860980b94,Anthony,White,anthony.white@yahoo.com,+1-784-329-1339,1999-04-24,377 Cedar Ln,Fort Worth,TX,76101,US,Marketing,inactive,2024-04-09
263553ba-4299-b351-99b3-568d6dcc9c60,Brian,Hernandez,brian.hernandez2@gmail.com,+1-291-476-3787,1987-09-21,9294 Oak Ave,Fort Worth,TX,76101,US,Engineering,suspended,2024-07-25
f2307c22-30c7-809b-3401-55bdb6ac1c8e,Sandra,Baker,sandra.baker@hotmail.com,+1-472-394-9096,1970-01-25,6260 Maple Dr,Houston,TX,77001,US,Product,active,2024-10-07
255c82c7-cade-e3ec-6895-09082e2cb850,Charles,Campbell,charles.campbell@example.com,+1-229-397-5289,1978-10-06,3859 Lake Dr,San Antonio,TX,78201,US,Finance,active,2024-10-22
f9723977-52c0-3f9b-df16-eb702219b7f7,Michelle,Robinson,michelle.robinson@gmail.com,+1-909-507-4476,1981-01-12,6284 Park Blvd,New York,NY,10001,US,HR,active,2024-02-18
9b3b5b4c-ff2a-50c0-5ab3-83c9e88188c3,Patricia,Brown,patricia.brown@outlook.com,+1-886-921-1745,1981-02-14,88 Pine Rd,San Diego,CA,92101,US,Product,active,2024-07-22
80f58b81-2b7c-5ee3-42a2-79502deb5687,Nancy,Rodriguez,nancy.rodriguez@icloud.com,+1-704-447-8669,1986-01-14,2162 Oak Ave,Los Angeles,CA,90001,US,Operations,suspended,2024-07-05
d5b5b7b0-f92e-dfa1-df26-64247fcc4456,Thomas,Davis,thomas.davis@outlook.com,+1-487-865-6907,1965-09-26,7047 Pine Rd,Los Angeles,CA,90001,US,HR,suspended,2024-05-17
f33685da-c380-3b4a-7dc4-2f12fe9bd0e1,Christopher,Ramirez,christopher.ramirez@yahoo.com,+1-354-669-8208,1993-01-19,872 Cedar Ln,Austin,TX,73301,US,Sales,active,2024-04-06
fec58a89-1db3-c075-6fb9-de377796048f,John,Walker,john.walker@outlook.com,+1-706-141-8233,1991-09-01,5842 Lake Dr,Philadelphia,PA,19101,US,Legal,inactive,2024-02-28
2e3f674c-48bb-db12-de40-97c33427e466,George,Martinez,george.martinez@gmail.com,+1-372-867-9335,1964-03-13,4470 Cedar Ln,Jacksonville,FL,32099,US,Engineering,suspended,2024-10-06
06a574ec-5422-ea97-e32a-878718246315,Anthony,Jones,anthony.jones@yahoo.com,+1-491-797-2998,1990-05-13,6459 Elm St,Indianapolis,IN,46201,US,Marketing,active,2024-03-01
981dc530-44f2-0d97-f488-1671a0dbfca2,Jennifer,Robinson,jennifer.robinson2@example.com,+1-873-105-6397,1980-05-14,719 Lake Dr,Indianapolis,IN,46201,US,Operations,suspended,2024-03-07
8c126e0e-121a-f952-be69-ad390e378b07,Patricia,Adams,patricia.adams@outlook.com,+1-816-490-2516,1995-10-20,6535 Pine Rd,Austin,TX,73301,US,Sales,active,2024-07-03
c0a7ad9c-a5ac-cd5a-48f1-8eed67037089,Mary,Wilson,mary.wilson@yahoo.com,+1-869-257-2975,1994-12-19,4892 Lake Dr,Fort Worth,TX,76101,US,Product,active,2024-11-20
7d57ef69-332a-c35a-833d-3df15e11a680,William,Thompson,william.thompson@example.com,+1-656-497-8805,1997-04-28,4399 Park Blvd,Houston,TX,77001,US,Marketing,inactive,2024-06-20
f9285706-577c-9717-836a-58870a5a2698,Elizabeth,Ramirez,elizabeth.ramirez@example.com,+1-674-792-4673,1964-03-02,2541 Lake Dr,Columbus,OH,43085,US,Marketing,active,2024-08-14
d76f0813-4ce7-94d7-e724-b119af2f32a7,Jennifer,Walker,jennifer.walker@outlook.com,+1-454-635-8007,1965-09-24,4842 Main St,Phoenix,AZ,85001,US,Marketing,active,2024-09-04
d0154898-9187-c9a0-b866-3c7ca92dcf4f,Steven,Ramirez,steven.ramirez@hotmail.com,+1-459-463-5175,1980-11-03,9594 Oak Ave,Houston,TX,77001,US,Engineering,active,2024-12-22
b4522738-e073-09de-6a8f-7654155287c7,Sandra,Lopez,sandra.lopez@yahoo.com,+1-504-421-8454,1962-01-11,7372 Pine Rd,Fort Worth,TX,76101,US,Operations,active,2024-04-06
88ccddbc-6f0d-7229-1b38-7c72ac648459,Jennifer,Mitchell,jennifer.mitchell@icloud.com,+1-218-105-7470,1999-02-05,1912 Main St,Dallas,TX,75201,US,Sales,inactive,2024-08-23
d029733c-9e55-f98d-4d84-4cb67c99d86e,Betty,Nelson,betty.nelson@example.com,+1-831-469-7471,1992-07-24,4959 Oak Ave,Nashville,TN,37201,US,Sales,active,2024-01-07
a60c2bed-7b2a-7f10-3590-103906dd5e19,Linda,Johnson,linda.johnson@example.com,+1-348-765-4961,1998-07-14,7140 Cedar Ln,San Antonio,TX,78201,US,Marketing,active,2024-08-05
b3dd7820-bd20-c36a-2705-24cbe704b115,Donald,Ramirez,donald.ramirez@gmail.com,+1-655-596-8724,1967-06-14,322 Lake Dr,Houston,TX,77001,US,Finance,active,2024-05-19
6e89a7a8-b68d-4037-d8fe-3fb8a1628abf,Betty,Brown,betty.brown@outlook.com,+1-625-968-9121,1964-08-09,9481 Pine Rd,New York,NY,10001,US,Engineering,inactive,2024-07-16
7ce71cca-de1d-4653-d112-8bb8e7b2df91,Steven,Nguyen,steven.nguyen@example.com,+1-437-831-1994,1990-06-11,8656 Main St,Nashville,TN,37201,US,Product,suspended,2024-06-18
9f690cde-7eaa-7a91-1def-d401792cad76,Robert,Moore,robert.moore@example.com,+1-861-455-8345,1999-11-19,7148 Main St,Columbus,OH,43085,US,Sales,active,2024-12-07
af5a7636-e8b8-d252-9670-cd19383e69a4,Donald,Thompson,donald.thompson2@hotmail.com,+1-547-716-8675,1982-10-09,2149 Pine Rd,San Diego,CA,92101,US,Product,inactive,2024-11-21
bfcf214e-b0d1-8df1-484f-1db9350b9f51,Melissa,White,melissa.white@hotmail.com,+1-288-783-8911,1987-11-23,2116 Maple Dr,Philadelphia,PA,19101,US,Finance,active,2024-10-16
ffcf956e-0c0b-6cd1-8e8c-71d8359d65ae,Michael,Clark,michael.clark@hotmail.com,+1-218-467-5273,1970-07-12,5850 Maple Dr,San Jose,CA,95101,US,Sales,suspended,2024-01-26
395e54f0-8fde-042a-1ee5-69303a085f6a,Robert,Perez,robert.perez@hotmail.com,+1-698-364-6575,1987-09-14,5821 Main St,Houston,TX,77001,US,HR,active,2024-12-28
7015693c-f23e-9a06-ed37-c2ce0ce87570,Steven,Hill,steven.hill@example.com,+1-668-961-2817,1991-09-08,1735 Oak Ave,Houston,TX,77001,US,Engineering,suspended,2024-02-06
7107514f-b54a-31ba-4ac8-927eba751921,Kenneth,Davis,kenneth.davis@yahoo.com,+1-980-618-9165,1967-01-16,1627 Maple Dr,Jacksonville,FL,32099,US,Operations,active,2024-03-04
5760c094-7942-000a-cf24-2413d5b65438,Richard,Lewis,richard.lewis@hotmail.com,+1-493-617-3805,1971-01-02,1397 Pine Rd,New York,NY,10001,US,Operations,inactive,2024-06-21
cd40b648-2353-98a6-3a6a-22d9c986f893,Kevin,Thomas,kevin.thomas@yahoo.com,+1-639-523-7706,1978-12-01,7517 Elm St,San Francisco,CA,94102,US,Engineering,inactive,2024-03-25
fb60be1c-66d2-9752-5097-0843569b111f,James,Rivera,james.rivera@icloud.com,+1-990-268-8111,1963-10-21,1008 Park Blvd,Chicago,IL,60601,US,Engineering,active,2024-10-02
ae4d8a19-e2c2-aa24-66e9-a80e6b579789,Kenneth,Rivera,kenneth.rivera@example.com,+1-917-666-5986,1973-04-07,5140 Elm St,San Francisco,CA,94102,US,Engineering,active,2024-09-20
9fd60922-8b5f-74aa-e338-6d523483a23b,Barbara,Hall,barbara.hall@hotmail.com,+1-833-767-8244,1988-11-18,5657 Park Blvd,Charlotte,NC,28201,US,Finance,active,2024-02-02
36b74e27-48af-7f10-8a71-3a73fdeebaa1,Paul,Perez,paul.perez@hotmail.com,+1-295-623-6115,1983-05-07,8542 Elm St,Phoenix,AZ,85001,US,Sales,active,2024-01-26
6c3912ef-b9fc-829f-4dcf-2615c62f3461,Paul,Nguyen,paul.nguyen@outlook.com,+1-717-213-1982,1997-05-01,6111 Pine Rd,San Diego,CA,92101,US,Operations,active,2024-01-25
56c76990-7401-73c1-0155-aa51bca2c581,Michelle,Davis,michelle.davis@hotmail.com,+1-441-924-9737,1985-09-04,9758 Cedar Ln,San Jose,CA,95101,US,Operations,active,2024-05-22
3f64e5ee-bccd-9b8c-8508-df9160aeb372,Amanda,Torres,amanda.torres@example.com,+1-307-435-9461,1992-01-16,9542 Cedar Ln,Phoenix,AZ,85001,US,Operations,inactive,2024-02-05
214bd473-e375-5867-6cc5-60710febecad,Amanda,Ramirez,amanda.ramirez@hotmail.com,+1-687-319-8309,1964-02-20,1280 Elm St,Chicago,IL,60601,US,Product,suspended,2024-09-17
70a91477-ff1b-654d-6c65-659da2ef1e21,Deborah,Sanchez,deborah.sanchez@outlook.com,+1-905-601-7830,1982-05-17,2669 Maple Dr,Denver,CO,80201,US,Sales,inactive,2024-12-15
792dd499-7497-375c-366f-bdddb1c8d50a,William,Rivera,william.rivera@icloud.com,+1-233-864-3569,1965-04-18,9160 Elm St,San Francisco,CA,94102,US,Marketing,suspended,2024-07-04
5f187c02-1e24-5a97-273e-f6f485d4bf0f,Linda,White,linda.white@icloud.com,+1-512-483-5968,1961-10-21,4817 Lake Dr,San Jose,CA,95101,US,Engineering,active,2024-03-26
d1b22e3c-2ede-2487-3730-58be48924bd6,Emily,Clark,emily.clark@gmail.com,+1-957-600-1034,1999-11-18,2005 Elm St,San Jose,CA,95101,US,Marketing,active,2024-07-16
79a8832f-6097-1a15-c806-82d3567b9583,Andrew,Martin,andrew.martin@icloud.com,+1-937-953-3175,2000-05-20,2270 Lake Dr,Charlotte,NC,28201,US,Legal,inactive,2024-03-28
3b9a3daf-6321-d753-68dd-66fd9fa38f4b,George,Lee,george.lee@gmail.com,+1-604-447-9863,1989-10-22,751 Lake Dr,Nashville,TN,37201,US,HR,active,2024-03-23
8f31bf2e-a4d7-8f64-1fb0-26cca5292f56,Mary,Torres,mary.torres@example.com,+1-287-297-9877,1985-03-02,9452 Main St,San Jose,CA,95101,US,Finance,inactive,2024-09-01
3ecb1bd6-34af-a2e1-c968-e8ee4663f1a1,Linda,Nelson,linda.nelson@icloud.com,+1-922-959-8278,1960-11-06,1387 Elm St,Philadelphia,PA,19101,US,Product,suspended,2024-01-16
513ff9a9-8724-91ca-dc11-eb1306289878,Mary,Perez,mary.perez2@hotmail.com,+1-591-363-2491,1978-08-12,1879 Oak Ave,Philadelphia,PA,19101,US,Sales,active,2024-03-06
2b501ad7-adb9-4a81-6843-44a1f3c1114d,Thomas,Roberts,thomas.roberts@gmail.com,+1-260-729-6329,1973-10-05,2974 Main St,Phoenix,AZ,85001,US,Engineering,active,2024-07-04
e645bb00-d3e6-dc21-f10b-394d6021a15b,Christopher,Martinez,christopher.martinez@hotmail.com,+1-323-153-4318,1971-07-27,3926 Cedar Ln,Austin,TX,73301,US,Legal,suspended,2024-09-13
7bf2aa06-10c1-de9c-6836-29ce8d9957fa,Linda,Moore,linda.moore@gmail.com,+1-229-517-4829,1980-11-06,306 Pine Rd,Austin,TX,73301,US,Marketing,active,2024-09-21
801c5617-a2c3-b917-d8a5-aa52157b0495,William,Martin,william.martin@icloud.com,+1-408-901-3332,1980-01-02,6117 Maple Dr,Columbus,OH,43085,US,Finance,suspended,2024-07-18
f8da5a79-a72e-dd5f-4a0c-408d9ee827fa,Mark,Williams,mark.williams@gmail.com,+1-371-100-1985,1997-03-15,7901 Pine Rd,Charlotte,NC,28201,US,HR,inactive,2024-06-27
88ba135e-bd3b-17eb-2952-94200ba4e32b,Kenneth,Wilson,kenneth.wilson@icloud.com,+1-776-171-5925,1972-08-14,1470 Park Blvd,San Francisco,CA,94102,US,Marketing,active,2024-12-18
e2495790-517c-5dec-cd53-9417f5194ab9,Sarah,Ramirez,sarah.ramirez@yahoo.com,+1-898-450-5282,1982-08-23,7418 Pine Rd,Nashville,TN,37201,US,Finance,active,2024-06-07
ec191606-a57d-4eb4-223b-d9beb11cc20e,Sandra,Hill,sandra.hill@outlook.com,+1-202-723-8807,2000-12-31,71 Main St,New York,NY,10001,US,Sales,inactive,2024-09-23
a6b96653-a62b-3d30-e070-bdb9c98cd5fb,Amanda,Young,amanda.young@hotmail.com,+1-279-651-1507,1963-08-22,7294 Oak Ave,Seattle,WA,98101,US,Operations,inactive,2024-10-12
3167d947-efad-f069-5ed7-d1a676730495,Matthew,Lopez,matthew.lopez@example.com,+1-655-109-4629,1965-08-06,325 Pine Rd,New York,NY,10001,US,Operations,active,2024-02-27
5ced83b3-f7a0-be7a-7e6a-3ea7fae91634,Donna,Green,donna.green@outlook.com,+1-237-387-9074,1970-07-05,9930 Cedar Ln,San Diego,CA,92101,US,Engineering,active,2024-11-13
a8eb2ba6-319a-ed6a-8d41-cb4c2ba46308,Linda,Moore,linda.moore@icloud.com,+1-956-679-3875,1982-02-27,1071 Maple Dr,San Francisco,CA,94102,US,Marketing,active,2024-05-19
fdf0861e-05eb-074d-ad90-0360d900b745,Joseph,King,joseph.king@example.com,+1-909-794-9731,1968-08-09,4144 Lake Dr,Dallas,TX,75201,US,Engineering,inactive,2024-11-22
1f28e417-4627-3272-6829-04cafebf4c56,Michelle,Brown,michelle.brown@outlook.com,+1-896-630-8644,1997-11-15,8120 Elm St,Columbus,OH,43085,US,Engineering,active,2024-01-09
14f16d92-55af-47da-31d1-d6cb6450dd3c,Anthony,Wright,anthony.wright@hotmail.com,+1-785-927-1415,1960-03-25,3697 Park Blvd,Austin,TX,73301,US,Marketing,active,2024-04-06
062667fc-cedc-f5bf-6e94-34ab7adf1458,Lisa,Martin,lisa.martin@gmail.com,+1-806-916-6477,1961-04-01,4103 Cedar Ln,Houston,TX,77001,US,Marketing,inactive,2024-04-11
704377c3-9e9b-e9e2-9997-496bc6978476,Patricia,Perez,patricia.perez@icloud.com,+1-982-197-8314,1963-04-09,9486 Oak Ave,San Diego,CA,92101,US,Marketing,active,2024-01-13
0e06a416-7121-9097-cd69-3dabeb4b2c0c,Christopher,Hall,christopher.hall@gmail.com,+1-508-725-8075,1962-10-12,1078 Oak Ave,Phoenix,AZ,85001,US,Engineering,suspended,2024-01-10
997dcd9a-dd55-4b7d-3bad-3a0d693e5fcf,Matthew,Sanchez,matthew.sanchez@gmail.com,+1-875-738-1173,1993-09-24,7429 Park Blvd,Nashville,TN,37201,US,Legal,inactive,2024-10-20
314674a6-967a-efbb-5404-801d84681060,Michael,Perez,michael.perez@example.com,+1-310-205-1201,1980-05-14,9752 Oak Ave,New York,NY,10001,US,Finance,suspended,2024-03-21
2f98ad33-71d2-e63f-9ef0-1577b980e521,Steven,Taylor,steven.taylor@outlook.com,+1-448-240-1722,1981-08-05,992 Maple Dr,Columbus,OH,43085,US,HR,suspended,2024-07-17
2547a8dc-c686-e251-8a88-64c7e29de722,Michelle,Carter,michelle.carter@outlook.com,+1-350-580-6057,1986-03-07,9885 Elm St,San Jose,CA,95101,US,HR,active,2024-01-17
d5ce0626-d1b6-0755-81d1-d2263cc56af3,Emily,Nelson,emily.nelson@example.com,+1-772-979-1894,1962-07-28,6916 Elm St,Phoenix,AZ,85001,US,Finance,active,2024-11-07
998a05a8-77a7-aed0-fb5f-5290b11c7dff,Robert,Perez,robert.perez@yahoo.com,+1-909-439-6499,1991-03-02,4910 Park Blvd,Indianapolis,IN,46201,US,Operations,active,2024-02-15
776ef3e6-3af3-3cc5-b176-e71f39182c16,John,Young,john.young@yahoo.com,+1-838-318-4916,1988-08-26,7877 Elm St,New York,NY,10001,US,Product,active,2024-07-06
247474b3-1d7d-0bb3-8e00-44e207af3b8a,James,White,james.white@gmail.com,+1-497-550-4185,1976-01-20,9596 Elm St,Chicago,IL,60601,US,Engineering,active,2024-04-07
8df4097b-d8f8-0018-56fe-47692c9de90a,Charles,Lopez,charles.lopez@yahoo.com,+1-451-282-4211,1992-03-30,353 Maple Dr,Dallas,TX,75201,US,HR,active,2024-01-27
74c9c3ad-4e19-392b-35d2-1deaefa52c8a,Carol,Rodriguez,carol.rodriguez@hotmail.com,+1-445-478-7100,1975-03-07,2808 Park Blvd,Houston,TX,77001,US,Marketing,active,2024-03-05
6df65800-997c-0dc9-5165-46ca5fcf3219,Richard,Gonzalez,richard.gonzalez@icloud.com,+1-851-350-1756,1991-02-23,9623 Cedar Ln,Fort Worth,TX,76101,US,HR,active,2024-06-08
e2c6093e-9586-6982-f7e8-08a2821df2cf,Patricia,Green,patricia.green@outlook.com,+1-700-314-2333,1998-03-13,7712 Oak Ave,Phoenix,AZ,85001,US,Sales,suspended,2024-07-25
52630028-2dd2-d8c0-76da-387584d62148,Michelle,Carter,michelle.carter@icloud.com,+1-929-482-9609,1982-05-13,7919 Lake Dr,Jacksonville,FL,32099,US,Legal,active,2024-10-13
73bb84e5-33f7-d722-e517-28b23832dfc1,Kenneth,Nguyen,kenneth.nguyen@example.com,+1-440-505-4581,1969-04-17,5014 Park Blvd,Los Angeles,CA,90001,US,Product,suspended,2024-03-27
71cb19b3-4b88-445a-1582-de78c06a5949,Nancy,Taylor,nancy.taylor@icloud.com,+1-731-460-4771,1966-01-09,9568 Main St,Chicago,IL,60601,US,Legal,suspended,2024-10-11
51284026-7f5e-fb6b-cdf4-01375e15433b,Margaret,Lewis,margaret.lewis@hotmail.com,+1-479-491-1404,1978-05-06,2943 Lake Dr,Columbus,OH,43085,US,Finance,active,2024-11-03
c92efe01-1402-3a93-a4c6-88ec8bf160df,Daniel,Garcia,daniel.garcia@outlook.com,+1-483-333-2612,1983-01-01,1943 Oak Ave,San Francisco,CA,94102,US,Operations,active,2024-09-07
c4bb4ace-d0c8-da67-bec6-2bbe4d7ec4b1,Lisa,Gonzalez,lisa.gonzalez@example.com,+1-899-965-5496,1971-03-20,3124 Maple Dr,Austin,TX,73301,US,HR,active,2024-05-10
a7728290-78d5-40ef-030b-4532a7c24c68,Daniel,Sanchez,daniel.sanchez@hotmail.com,+1-724-879-3445,1993-12-28,6513 Cedar Ln,Denver,CO,80201,US,Finance,active,2024-08-08
cabaef3c-5735-773c-761e-6287d07c5e53,Dorothy,Nguyen,dorothy.nguyen@icloud.com,+1-287-420-4077,1992-05-29,7026 Park Blvd,Charlotte,NC,28201,US,Finance,inactive,2024-08-28
f17fa5c0-4e39-f65a-20db-4294dfae1803,Kimberly,Johnson,kimberly.johnson@outlook.com,+1-955-109-9188,1985-11-26,5811 Elm St,Phoenix,AZ,85001,US,Finance,inactive,2024-07-22
914cc11c-05f3-0bc5-9642-b0525379f279,Timothy,Sanchez,timothy.sanchez@example.com,+1-232-242-3518,1973-06-10,5411 Park Blvd,Seattle,WA,98101,US,Product,active,2024-07-03
7397d1a1-f641-9405-91cb-bc49542ef29e,Paul,Harris,paul.harris@yahoo.com,+1-854-411-2527,1964-11-14,2809 Oak Ave,Indianapolis,IN,46201,US,Sales,active,2024-12-20
48a84587-62c9-f4fc-f686-cfa7e94ded1e,Ashley,Johnson,ashley.johnson@yahoo.com,+1-410-338-5769,1963-02-12,8592 Oak Ave,San Antonio,TX,78201,US,Legal,active,2024-06-17
210f2a8a-1c59-b736-fd56-1b27283379b8,James,Hernandez,james.hernandez@outlook.com,+1-749-528-8835,1977-07-17,1127 Park Blvd,Columbus,OH,43085,US,Finance,active,2024-04-10
4f70b88b-f06c-69d9-9339-304b9a8cb3d7,Margaret,Rivera,margaret.rivera@example.com,+1-801-307-9232,1967-02-14,7520 Pine Rd,Indianapolis,IN,46201,US,Finance,active,2024-03-15
e115d52b-91b8-ff07-e909-965454323b1c,Robert,Sanchez,robert.sanchez@icloud.com,+1-702-571-8580,1983-08-03,9440 Main St,San Diego,CA,92101,US,Marketing,active,2024-11-15
d98f5e83-cf5b-294d-d2cc-48539cef5ef4,Daniel,Hall,daniel.hall@example.com,+1-379-525-5081,1977-07-17,2943 Park Blvd,San Jose,CA,95101,US,Legal,inactive,2024-11-06
e2b2de4b-3d5c-ab0e-0b2d-983af2189128,Brian,Torres,brian.torres@gmail.com,+1-361-380-9810,1991-05-04,4783 Oak Ave,Fort Worth,TX,76101,US,Finance,inactive,2024-07-25
c78e0272-c43b-e7af-8120-053d1aefff21,Kimberly,Davis,kimberly.davis@outlook.com,+1-533-519-8388,1993-11-19,2701 Pine Rd,Chicago,IL,60601,US,Finance,suspended,2024-01-15
db13f2ec-663b-4427-bef7-110a57f9f3a7,Mary,Jones,mary.jones@example.com,+1-399-506-1618,1977-02-04,176 Pine Rd,Charlotte,NC,28201,US,Marketing,active,2024-06-22
3e06f427-a832-a228-8c65-d01b1521e825,Melissa,Robinson,melissa.robinson@hotmail.com,+1-930-548-3297,1963-01-22,7714 Pine Rd,Charlotte,NC,28201,US,Sales,active,2024-01-20
13dca154-2b1f-c2ab-640e-b68ebdcf6fd4,Michael,Lopez,michael.lopez@outlook.com,+1-887-881-1183,1983-12-25,4477 Maple Dr,Houston,TX,77001,US,Legal,active,2024-03-07
d624f055-0c39-bd0e-b25d-b530712ab8eb,Amanda,Williams,amanda.williams@example.com,+1-850-930-9566,1969-09-11,1685 Park Blvd,Seattle,WA,98101,US,HR,inactive,2024-01-20
3332432b-3d10-fa95-e8a4-42385fe8b710,James,Brown,james.brown@hotmail.com,+1-293-116-7908,1971-03-15,458 Main St,San Antonio,TX,78201,US,Operations,active,2024-11-22
833334f6-6a6a-0149-0b44-676d2ac39be9,Robert,Anderson,robert.anderson@gmail.com,+1-310-935-6359,1992-06-23,5287 Cedar Ln,Philadelphia,PA,19101,US,Finance,suspended,2024-07-14
66f29d1d-03d6-af3f-2c72-767552c83bfc,Linda,Anderson,linda.anderson2@yahoo.com,+1-869-423-1196,1975-12-30,6377 Cedar Ln,Houston,TX,77001,US,Legal,active,2024-02-22
693da46c-37f3-9aac-e2ad-828b113c9f25,Sarah,Adams,sarah.adams@icloud.com,+1-508-885-9185,1961-12-20,1669 Maple Dr,Jacksonville,FL,32099,US,HR,active,2024-10-11
e24ba9d4-c2ff-d690-a2a6-861a2ce27ec9,Kenneth,Hall,kenneth.hall@hotmail.com,+1-904-425-8899,1974-11-23,1107 Elm St,Phoenix,AZ,85001,US,Engineering,suspended,2024-10-15
03671560-fd06-875b-b462-931f966456be,Matthew,Allen,matthew.allen@example.com,+1-438-121-3032,1982-08-01,5061 Cedar Ln,San Diego,CA,92101,US,Product,active,2024-10-03
345298c4-6031-0461-26d3-e22233b70b63,Patricia,Rodriguez,patricia.rodriguez@outlook.com,+1-857-138-4900,1973-04-21,9799 Lake Dr,Indianapolis,IN,46201,US,Operations,active,2024-05-11
d00dcc4f-a5e6-5ec4-6a36-7425fa41dd2e,Michelle,Carter,michelle.carter@gmail.com,+1-495-868-1388,1995-07-08,3753 Elm St,San Francisco,CA,94102,US,Operations,active,2024-04-18
5256cd59-857f-2f3e-61a9-0fb1df69a560,Patricia,Nelson,patricia.nelson@yahoo.com,+1-387-552-1099,1987-04-11,1059 Lake Dr,San Diego,CA,92101,US,Marketing,active,2024-01-21
cb946541-d4ca-e432-8c81-3e5397b6a461,Barbara,Wilson,barbara.wilson@yahoo.com,+1-409-341-9313,1967-10-16,1281 Park Blvd,Chicago,IL,60601,US,Legal,active,2024-03-24
93906193-490c-e315-4d98-02023fbc75e0,Richard,Thomas,richard.thomas@hotmail.com,+1-659-750-4299,1987-03-06,4455 Lake Dr,Philadelphia,PA,19101,US,Marketing,active,2024-07-13
c2a49fd8-6ef5-4cee-bc24-3f9f9c014262,David,Walker,david.walker@hotmail.com,+1-359-939-8897,1982-08-31,325 Park Blvd,Columbus,OH,43085,US,Product,active,2024-05-20
741f5545-4e4c-01f6-76b1-d8fa61652fd3,Paul,Martinez,paul.martinez@icloud.com,+1-490-484-8878,1971-07-17,1179 Elm St,Philadelphia,PA,19101,US,Sales,inactive,2024-04-05
6790eee0-7dcf-e924-5fcf-5c22b9b03c1a,Richard,Smith,richard.smith@gmail.com,+1-625-504-7113,1992-10-05,6293 Lake Dr,San Francisco,CA,94102,US,HR,suspended,2024-02-14
f5044d15-6fb1-38c2-c350-bf4f31b8f079,John,Davis,john.davis@hotmail.com,+1-461-889-6711,1967-04-14,8350 Lake Dr,Denver,CO,80201,US,Operations,active,2024-11-13
5c85a58c-d029-0d6b-ebe5-5cc408d57cf7,Margaret,Mitchell,margaret.mitchell@yahoo.com,+1-846-823-1462,1981-06-06,2423 Pine Rd,San Diego,CA,92101,US,Legal,active,2024-05-08
a4f73a30-17a1-5a60-c55e-6efb1de20f2d,Joshua,Nguyen,joshua.nguyen@example.com,+1-928-493-7515,1960-07-21,9604 Oak Ave,Philadelphia,PA,19101,US,Finance,inactive,2024-03-27
e2fb8d66-a892-8ad4-887f-e19cf7ba19f9,Margaret,Taylor,margaret.taylor2@example.com,+1-591-700-6045,1982-06-16,6744 Oak Ave,San Jose,CA,95101,US,Marketing,suspended,2024-06-27
01a4c2d1-4edf-aa12-b2f2-40e365e1605b,Barbara,Moore,barbara.moore@example.com,+1-372-935-9056,1993-07-25,26 Oak Ave,San Antonio,TX,78201,US,Marketing,inactive,2024-09-14
b43c6fef-2fb7-e9bd-5fe9-27502d28a2a8,Michelle,Jackson,michelle.jackson@example.com,+1-337-302-8970,1967-08-27,2982 Oak Ave,Columbus,OH,43085,US,Legal,suspended,2024-04-06
fba26c21-4264-e318-311f-5d4ac2589de2,Richard,Brown,richard.brown@example.com,+1-618-551-2789,1996-04-18,2722 Oak Ave,Philadelphia,PA,19101,US,HR,active,2024-07-04
ac3cebe3-7c35-b274-7a57-772b3c1a8ce2,Sarah,Jones,sarah.jones@outlook.com,+1-978-203-1155,1986-04-09,1001 Pine Rd,New York,NY,10001,US,Engineering,suspended,2024-01-04
c2e8bfc2-f649-6cde-fca5-4576852393d7,Susan,King,susan.king2@gmail.com,+1-472-597-8753,1987-01-18,5522 Park Blvd,Fort Worth,TX,76101,US,Operations,active,2024-11-11
5b24bb54-f9ad-97ae-0ea7-61a69c5dfb8d,Christopher,Thomas,christopher.thomas@outlook.com,+1-538-925-2641,1976-12-22,51 Lake Dr,Fort Worth,TX,76101,US,Product,active,2024-01-20
a8ac1ab1-afa9-d02c-9e4c-4be773b0e73d,Linda,King,linda.king@outlook.com,+1-686-627-7768,1976-07-11,3080 Main St,San Diego,CA,92101,US,Operations,active,2024-11-12
bd3c83c3-6671-39de-7c0a-8f909b54d227,John,Mitchell,john.mitchell@outlook.com,+1-827-913-2333,1970-06-23,5708 Park Blvd,Charlotte,NC,28201,US,Legal,active,2024-12-13
c8ecb641-9267-8e10-e050-df248522496a,Charles,Hill,charles.hill@yahoo.com,+1-933-616-1520,1999-01-07,2095 Lake Dr,Phoenix,AZ,85001,US,Marketing,active,2024-11-18
3e4c943a-3dab-ba61-8a69-3650a9a2e9cd,Sandra,Hernandez,sandra.hernandez@hotmail.com,+1-416-274-2465,1981-08-17,1729 Park Blvd,Houston,TX,77001,US,Engineering,active,2024-06-13
abac8660-e5c3-45fc-f395-c21379eef2c0,Deborah,Moore,deborah.moore@yahoo.com,+1-326-781-3224,1989-11-14,8758 Lake Dr,Dallas,TX,75201,US,Marketing,active,2024-04-19
bc6aa8a7-be33-2380-b7aa-53b6e900b66f,Deborah,Hill,deborah.hill@gmail.com,+1-942-490-8159,1976-11-28,3824 Cedar Ln,Austin,TX,73301,US,HR,active,2024-05-03
92a593c8-1db9-2330-f127-6a5cbe9f44cb,Linda,Garcia,linda.garcia@outlook.com,+1-576-230-6134,1968-06-09,6230 Main St,Denver,CO,80201,US,HR,active,2024-10-18
ef15b821-ade6-bf3c-cc2a-261d5d7233db,Richard,Harris,richard.harris@hotmail.com,+1-329-632-4639,1994-08-06,1747 Park Blvd,Austin,TX,73301,US,Engineering,suspended,2024-08-11
488c6ea4-99f9-a338-25bd-ab1474ae4b96,Barbara,Jackson,barbara.jackson@yahoo.com,+1-349-864-1562,1990-07-02,9813 Elm St,Indianapolis,IN,46201,US,HR,suspended,2024-12-04
4a9f6c5c-7eb9-fe2d-3738-7270d424d9f3,Sarah,Rivera,sarah.rivera@icloud.com,+1-921-485-1963,1988-04-22,5459 Maple Dr,Indianapolis,IN,46201,US,Finance,active,2024-12-24
d0a4a31a-fc00-f3e7-4c91-ef0e644d852c,Patricia,Roberts,patricia.roberts@yahoo.com,+1-875-968-3608,1992-08-17,354 Park Blvd,Indianapolis,IN,46201,US,Operations,inactive,2024-11-16
4849032c-4875-4d16-ba0c-96e28720d00f,Daniel,Carter,daniel.carter@hotmail.com,+1-913-299-9978,1963-03-22,6452 Oak Ave,Fort Worth,TX,76101,US,Sales,active,2024-10-28
711f4ae4-2337-31e0-93c0-968729e7e176,Patricia,Rivera,patricia.rivera@outlook.com,+1-912-594-5769,1989-05-13,2373 Cedar Ln,Charlotte,NC,28201,US,Finance,active,2024-12-21
dbc21e42-fd0d-4cb1-c916-7a93ada63c4b,James,White,james.white@example.com,+1-351-485-7997,1964-07-28,2757 Main St,Denver,CO,80201,US,Marketing,active,2024-08-06
a08145d2-2608-92d6-f840-06f26f0eebef,Patricia,Davis,patricia.davis2@icloud.com,+1-939-513-5014,1986-08-14,557 Oak Ave,Austin,TX,73301,US,Finance,inactive,2024-08-10
abb558e1-cb9a-6ed5-fdbc-ebdbb119779c,Brian,Hill,brian.hill@yahoo.com,+1-874-191-8596,1994-10-20,6261 Pine Rd,Fort Worth,TX,76101,US,Legal,active,2024-01-04
399557cb-827e-e0b2-e892-0b25ab35f75a,Linda,Garcia,linda.garcia@gmail.com,+1-223-700-8856,1988-10-08,4485 Oak Ave,Indianapolis,IN,46201,US,Sales,inactive,2024-08-21
b6b98240-1041-6cbc-5342-34cf1974fb71,Brian,Ramirez,brian.ramirez@outlook.com,+1-750-289-7640,1965-08-13,324 Park Blvd,Denver,CO,80201,US,Legal,active,2024-09-27
a898dac4-f736-df7e-351c-586ac0c3d59e,Emily,Wright,emily.wright@example.com,+1-320-285-3948,1993-10-19,88 Lake Dr,Houston,TX,77001,US,Operations,active,2024-01-05
c0c91cd8-d9f8-a24e-41bb-0e0d8fffc06d,Andrew,Wilson,andrew.wilson@example.com,+1-235-186-3043,1963-12-09,8293 Pine Rd,Philadelphia,PA,19101,US,Operations,suspended,2024-03-14
e79524eb-84fa-3889-f21f-9823f23b1efb,Kevin,Smith,kevin.smith@yahoo.com,+1-500-774-9750,1962-01-26,7290 Maple Dr,San Jose,CA,95101,US,Legal,active,2024-09-12
0b73ca1c-d1dc-01e5-a9a1-44751958a981,Joshua,Wright,joshua.wright@icloud.com,+1-442-137-4081,1990-11-10,2322 Pine Rd,San Antonio,TX,78201,US,Finance,active,2024-10-18
13093c17-6c09-2d0a-9f4f-e355baa6961c,Susan,Nguyen,susan.nguyen@outlook.com,+1-763-361-5270,1965-10-06,6256 Maple Dr,Dallas,TX,75201,US,Product,inactive,2024-02-09
bb909511-a12b-61ae-1210-17873429ce3b,Carol,Ramirez,carol.ramirez@example.com,+1-475-748-4156,1984-01-15,6098 Maple Dr,Phoenix,AZ,85001,US,Product,active,2024-06-26
880e6ddd-1fe7-2d21-4526-ed6213d8a6e6,Margaret,Harris,margaret.harris@gmail.com,+1-312-800-9984,1971-02-07,6665 Oak Ave,Nashville,TN,37201,US,Operations,active,2024-06-11
fabf8aef-608d-4b54-1913-0b900286675d,Deborah,Moore,deborah.moore2@yahoo.com,+1-427-487-2720,1972-04-10,2024 Maple Dr,San Diego,CA,92101,US,HR,suspended,2024-08-04
9b82f430-4563-cafe-8d31-df344830effe,Dorothy,Thompson,dorothy.thompson@example.com,+1-301-149-3797,1998-10-26,5211 Park Blvd,Denver,CO,80201,US,Sales,active,2024-12-22
026e6d11-4251-d2f0-20a8-926097a1a2f6,Paul,Scott,paul.scott@icloud.com,+1-903-625-3547,1981-05-22,2071 Maple Dr,Fort Worth,TX,76101,US,Product,suspended,2024-12-09
9bd3f580-ad9f-835f-3fc5-c786c70c15e3,Patricia,Campbell,patricia.campbell@example.com,+1-628-823-8500,1991-09-26,3000 Lake Dr,Jacksonville,FL,32099,US,Operations,inactive,2024-09-10
f28c635f-1641-d960-dba0-bdeca2b8fdcc,Sarah,Ramirez,sarah.ramirez@icloud.com,+1-512-516-6123,1973-09-09,1477 Oak Ave,San Diego,CA,92101,US,Marketing,active,2024-02-06
dfd5988e-ceef-d2c9-7e2b-73ceedf98b8d,Andrew,Brown,andrew.brown@gmail.com,+1-210-534-9334,1984-11-09,2236 Lake Dr,San Jose,CA,95101,US,Legal,suspended,2024-11-22
d4d6761c-e92f-d9fd-30af-e6139dc4f583,Paul,Hall,paul.hall@gmail.com,+1-963-107-7962,1960-08-15,8755 Elm St,Fort Worth,TX,76101,US,Finance,suspended,2024-11-20
86052bef-c382-8725-e1c6-3384ee20a0b5,John,Hill,john.hill@hotmail.com,+1-430-279-2230,1990-04-04,6014 Maple Dr,Philadelphia,PA,19101,US,Operations,active,2024-07-16
d4ec0595-3ff0-9d13-add7-1599e9fedd48,Matthew,Hernandez,matthew.hernandez@outlook.com,+1-752-971-2931,1975-02-28,4753 Pine Rd,Houston,TX,77001,US,Legal,active,2024-05-07
edda1677-4e08-ab81-ec4d-6c0037abaaf8,James,Mitchell,james.mitchell@example.com,+1-858-627-1580,1977-08-28,7587 Lake Dr,Denver,CO,80201,US,Engineering,active,2024-01-20
b8f16861-e3e3-e73b-5987-5c7d0151ccb0,Sandra,Perez,sandra.perez@outlook.com,+1-390-511-6808,1964-10-21,146 Oak Ave,Jacksonville,FL,32099,US,Product,inactive,2024-04-03
27d764ce-01c4-e229-7cc7-0b17e9c184ce,Dorothy,Allen,dorothy.allen@yahoo.com,+1-987-772-5098,1965-07-22,3705 Lake Dr,Columbus,OH,43085,US,Product,active,2024-05-12
d6e0217c-a801-f15e-7046-425dfd474d95,Margaret,Lopez,margaret.lopez@icloud.com,+1-649-265-3291,1964-11-15,5796 Park Blvd,Dallas,TX,75201,US,Engineering,active,2024-12-07
54ca6897-be71-cd60-6bca-4f866500f793,Linda,Gonzalez,linda.gonzalez@outlook.com,+1-232-264-4260,1965-12-30,7853 Pine Rd,Los Angeles,CA,90001,US,Marketing,inactive,2024-08-18
e1bb7399-c7c4-32a0-c3af-3d93c0476d80,Ashley,Baker,ashley.baker@example.com,+1-609-613-7370,1974-07-28,2154 Oak Ave,Phoenix,AZ,85001,US,Marketing,active,2024-03-05
6dfe8745-5796-8d64-d470-1dd2ada5beb9,Daniel,Allen,daniel.allen@gmail.com,+1-811-855-1131,1962-05-02,7117 Lake Dr,San Diego,CA,92101,US,HR,active,2024-08-03
3fdd0e2b-2fd6-129a-82e0-9d39bab008df,Timothy,Ramirez,timothy.ramirez@yahoo.com,+1-487-885-2884,1966-11-03,4318 Cedar Ln,Nashville,TN,37201,US,Product,active,2024-08-23
dad8e2da-fe17-ddb3-304c-9c7b2e625a6f,Michael,Hall,michael.hall@example.com,+1-805-744-3436,1987-05-31,3759 Oak Ave,San Francisco,CA,94102,US,Sales,inactive,2024-01-09
0d0b6920-dd46-0c91-1747-8b5c331bd602,Richard,Martinez,richard.martinez@hotmail.com,+1-589-517-9601,1987-08-27,5021 Cedar Ln,New York,NY,10001,US,Finance,active,2024-07-16
47d28391-5d13-539c-44ed-4fd51c2c8fb1,Patricia,Allen,patricia.allen@hotmail.com,+1-559-828-7849,1973-08-25,4047 Elm St,Los Angeles,CA,90001,US,Engineering,active,2024-01-01
e892464d-47b8-85fa-78d8-cdd6490a886c,Patricia,Nelson,patricia.nelson@example.com,+1-821-203-8059,1969-07-05,3029 Pine Rd,Austin,TX,73301,US,Legal,active,2024-06-10
215bdef5-dcaa-5893-c53d-1af98d40aeb2,Linda,Miller,linda.miller@example.com,+1-539-469-6920,1990-08-20,9649 Elm St,New York,NY,10001,US,Finance,active,2024-04-19
0a81870a-1ecf-8aec-9a11-ddf4be1a35c9,Matthew,Garcia,matthew.garcia@gmail.com,+1-800-770-4120,1988-03-28,3161 Lake Dr,Phoenix,AZ,85001,US,Marketing,active,2024-09-20
27571245-b884-5902-8897-3a4a33b636dc,Lisa,Martin,lisa.martin@example.com,+1-244-230-4140,1994-02-19,6852 Pine Rd,Indianapolis,IN,46201,US,Operations,active,2024-08-21
f3d36295-ee6b-cb89-8615-50f66b43db40,Amanda,Davis,amanda.davis@hotmail.com,+1-715-909-1358,1981-08-28,2736 Pine Rd,Chicago,IL,60601,US,Sales,active,2024-01-19
8373edf3-dec9-1438-884f-f1a7af481fc0,Patricia,Hall,patricia.hall@yahoo.com,+1-276-269-8172,1982-03-16,8345 Park Blvd,Fort Worth,TX,76101,US,Product,inactive,2024-10-09
0244bc44-b25c-5b50-9794-b38937c23f27,Susan,Lopez,susan.lopez@gmail.com,+1-725-566-9254,1985-08-26,8603 Pine Rd,Philadelphia,PA,19101,US,HR,active,2024-05-23
4ab63e0f-3cfb-c642-8897-c4970bad4234,Sarah,Scott,sarah.scott@gmail.com,+1-240-754-3427,1970-01-16,4551 Maple Dr,Philadelphia,PA,19101,US,HR,active,2024-11-08
f8e351ea-9aeb-bc3e-a1f7-815758f34359,Susan,Wright,susan.wright@gmail.com,+1-577-432-2363,1989-02-04,9000 Pine Rd,New York,NY,10001,US,Sales,inactive,2024-10-10
f71925ae-bb00-84fa-3822-b51b5b00f1a0,Christopher,Brown,christopher.brown@example.com,+1-486-280-5194,1996-12-16,257 Oak Ave,New York,NY,10001,US,Product,active,2024-11-21
94e7eb2a-3434-02ef-44cf-a6ba5302e6e2,Joshua,Scott,joshua.scott@yahoo.com,+1-844-927-7479,1969-11-23,2551 Lake Dr,Charlotte,NC,28201,US,Finance,inactive,2024-06-05
2d1594cb-dcc3-1cb2-d0cb-079f2f5dff13,Donald,Garcia,donald.garcia@hotmail.com,+1-393-683-9036,1980-08-09,2956 Pine Rd,Philadelphia,PA,19101,US,Engineering,active,2024-03-06
3ec8f48e-6d28-3989-1271-c87324bde1a8,Betty,Baker,betty.baker@icloud.com,+1-665-760-7594,1963-02-11,1643 Maple Dr,San Antonio,TX,78201,US,Engineering,suspended,2024-02-13
0b328c23-ef47-0a44-a4fc-c79cd49cc547,Matthew,Johnson,matthew.johnson@gmail.com,+1-335-354-2369,1994-03-31,4386 Maple Dr,New York,NY,10001,US,Engineering,active,2024-02-18
901704a8-c279-d913-7afd-292323a49571,Melissa,Perez,melissa.perez@example.com,+1-654-935-3672,1969-01-27,5037 Elm St,Chicago,IL,60601,US,Legal,active,2024-04-02
1a521aa2-0b66-0bcd-d32e-4757056de195,Paul,Hall,paul.hall@outlook.com,+1-757-403-2680,1965-07-09,8382 Park Blvd,Seattle,WA,98101,US,Sales,active,2024-04-01
ebf3ef99-39d3-8f2b-496e-c0c9a7c5f960,Joseph,Ramirez,joseph.ramirez@hotmail.com,+1-900-493-2841,1975-11-06,8058 Maple Dr,Phoenix,AZ,85001,US,Marketing,active,2024-02-10
eb7cd628-ecb9-48f7-ec5e-ac705c494d63,Daniel,Jones,daniel.jones@icloud.com,+1-286-144-3475,1965-04-23,2918 Park Blvd,Austin,TX,73301,US,Operations,suspended,2024-03-22
e01a5b5e-592f-cdc6-4979-3220d14bc771,Margaret,Martinez,margaret.martinez@example.com,+1-306-377-9179,1988-01-10,6048 Pine Rd,San Jose,CA,95101,US,Marketing,active,2024-03-25
c9198c69-cbfe-68f0-b8a9-f704725aa10d,Michelle,Martinez,michelle.martinez@outlook.com,+1-689-934-2102,1977-07-09,1855 Park Blvd,Phoenix,AZ,85001,US,HR,active,2024-02-11
b184071c-7b35-b9f9-6c80-423a7e8450d7,William,Lopez,william.lopez@hotmail.com,+1-623-716-6463,1974-04-28,2265 Cedar Ln,Jacksonville,FL,32099,US,Product,inactive,2024-09-16
1567f88e-6276-ee87-3ae8-c8f8d2478bb2,Paul,Wright,paul.wright@hotmail.com,+1-794-832-7911,1984-01-20,8634 Cedar Ln,Seattle,WA,98101,US,Marketing,active,2024-06-01
1c33345d-ebc0-5f02-2233-212af5264ea2,Susan,Johnson,susan.johnson@outlook.com,+1-261-457-6912,1981-04-04,2284 Pine Rd,Seattle,WA,98101,US,Legal,active,2024-09-14
b21eafab-f649-09e8-1e03-2a652346f26d,Jessica,Wilson,jessica.wilson@yahoo.com,+1-920-246-7184,1993-07-04,432 Park Blvd,Los Angeles,CA,90001,US,Operations,active,2024-12-04
07ba408b-287e-09f1-ded7-945e980b82cb,Kevin,Nguyen,kevin.nguyen@gmail.com,+1-350-474-3314,1997-07-25,1295 Cedar Ln,Indianapolis,IN,46201,US,Marketing,active,2024-10-27
b2d515d1-8706-f724-bf83-f2d423de67fc,Anthony,Martinez,anthony.martinez@yahoo.com,+1-506-581-7742,1993-05-09,5527 Lake Dr,Indianapolis,IN,46201,US,Engineering,active,2024-02-05
02c837b6-290c-9e51-80d7-f8052c6fc084,Patricia,Adams,patricia.adams@gmail.com,+1-605-952-7940,1993-09-10,7444 Pine Rd,Nashville,TN,37201,US,HR,active,2024-07-06
9e79a6fe-6680-c5e3-363c-bc32be3e1402,Sarah,Garcia,sarah.garcia@icloud.com,+1-257-324-7427,1965-08-12,3010 Oak Ave,Fort Worth,TX,76101,US,Legal,inactive,2024-06-21
6c99ce56-a58a-abb5-5f19-30e0cda7a451,Michelle,Sanchez,michelle.sanchez@hotmail.com,+1-399-376-2776,1962-06-14,1711 Oak Ave,Philadelphia,PA,19101,US,Operations,suspended,2024-06-01
02cf63a8-98dc-4031-363f-bae910b8c1c5,Jessica,Jackson,jessica.jackson@yahoo.com,+1-974-416-4075,1964-10-10,9039 Cedar Ln,Seattle,WA,98101,US,Engineering,active,2024-05-03
50885581-0c4c-eedf-0bb1-b9847bdac670,Andrew,Torres,andrew.torres@gmail.com,+1-295-416-1138,1995-06-13,5844 Pine Rd,Denver,CO,80201,US,Product,suspended,2024-04-11
54d144d5-18ed-e297-acb8-3fceb3e1511b,Timothy,Sanchez,timothy.sanchez2@example.com,+1-617-859-9250,1965-10-23,1655 Maple Dr,Jacksonville,FL,32099,US,Engineering,suspended,2024-07-16
e29cb897-1429-25a0-768e-212daeb00fb9,Emily,Williams,emily.williams@outlook.com,+1-840-195-4794,1966-10-18,3534 Maple Dr,Philadelphia,PA,19101,US,Sales,suspended,2024-09-24
4a74982e-56ca-0fb3-2196-2a11c90cd1d3,Joshua,Adams,joshua.adams@icloud.com,+1-568-738-8059,1980-01-27,656 Park Blvd,Austin,TX,73301,US,Finance,active,2024-10-20
c42d5f03-2482-e8d1-03d3-3907ce028d60,Robert,Martinez,robert.martinez@icloud.com,+1-516-660-2428,1964-05-14,8175 Oak Ave,Indianapolis,IN,46201,US,Legal,active,2024-03-10
2ddf2675-1235-d52e-16d7-ba545a765b48,David,Jones,david.jones@outlook.com,+1-927-890-8548,1976-04-18,4227 Lake Dr,Denver,CO,80201,US,HR,inactive,2024-11-05
68b666d6-66a3-f3db-4960-42b0dbe7a333,Linda,Torres,linda.torres@hotmail.com,+1-834-796-3113,1976-04-21,7223 Elm St,Los Angeles,CA,90001,US,Operations,active,2024-02-22
0aecc94d-aebb-f69f-fdc2-705ce023282a,Anthony,Allen,anthony.allen@hotmail.com,+1-835-759-1934,1999-05-11,4012 Main St,Dallas,TX,75201,US,Sales,active,2024-05-13
ab4d738c-7657-e37c-dfc8-e06063629509,David,Torres,david.torres@hotmail.com,+1-295-457-8632,1970-01-02,7676 Lake Dr,Chicago,IL,60601,US,Marketing,active,2024-03-24
57a911b3-5139-94a1-1081-34dc54270925,Michael,Sanchez,michael.sanchez@hotmail.com,+1-818-597-4483,1978-01-04,7803 Oak Ave,San Antonio,TX,78201,US,HR,inactive,2024-01-18
99e03598-fce1-2a25-0804-ccea9175fc63,Barbara,Walker,barbara.walker@yahoo.com,+1-992-489-2022,1974-05-12,5923 Park Blvd,San Antonio,TX,78201,US,Legal,active,2024-01-07
15663d1a-2d15-420b-a2bc-67154087be6a,Mary,Carter,mary.carter@example.com,+1-345-170-5487,1972-02-08,6637 Oak Ave,Columbus,OH,43085,US,HR,inactive,2024-07-17
e6d1fe21-e51b-dfff-17aa-3aee0dc20df3,Susan,Nelson,susan.nelson@outlook.com,+1-638-450-5864,1997-04-03,2696 Cedar Ln,Philadelphia,PA,19101,US,Operations,inactive,2024-08-16
639e8bbc-9200-4957-b161-fd16e9a002a4,Paul,Hall,paul.hall@yahoo.com,+1-210-674-4253,1975-11-29,1275 Maple Dr,Columbus,OH,43085,US,Operations,active,2024-01-05
6808f471-ac87-ae14-f850-5ae9cac19d2e,Sandra,Martinez,sandra.martinez@hotmail.com,+1-469-633-1060,1965-02-04,7382 Maple Dr,Austin,TX,73301,US,Legal,suspended,2024-02-02
99d76c9c-2a85-98d1-c63e-0e478bcc4e8d,Susan,Mitchell,susan.mitchell@yahoo.com,+1-586-321-6703,1991-03-29,3437 Cedar Ln,Columbus,OH,43085,US,Engineering,active,2024-06-01
74bc405c-ffc1-9ef6-a61f-135f7fc706f0,Karen,Martin,karen.martin@icloud.com,+1-623-520-6762,1991-05-15,5771 Park Blvd,Houston,TX,77001,US,Operations,active,2024-03-15
61ae2255-6f95-9489-8af2-820e29a3e5f6,Margaret,White,margaret.white@yahoo.com,+1-491-965-8167,1986-09-07,4641 Oak Ave,Seattle,WA,98101,US,Marketing,active,2024-02-21
ed5edfa2-9fb3-0a4d-c071-2a38bffc4f09,Mary,Flores,mary.flores@hotmail.com,+1-757-202-8276,1982-04-08,8248 Main St,Houston,TX,77001,US,HR,inactive,2024-04-08
f35757c5-7836-0477-db39-455032103c49,Deborah,Robinson,deborah.robinson@icloud.com,+1-327-459-8601,1965-02-18,6766 Park Blvd,Fort Worth,TX,76101,US,Engineering,active,2024-04-17
e8ca5b2e-cb8e-2d61-e715-94ffd6a6e618,Charles,Moore,charles.moore@example.com,+1-624-789-4957,1973-10-15,69 Park Blvd,Dallas,TX,75201,US,Engineering,active,2024-01-05
927ae04e-f58b-8c61-2ba0-09ec55c87441,Nancy,King,nancy.king@example.com,+1-640-347-7412,1974-03-29,3157 Park Blvd,Nashville,TN,37201,US,Engineering,suspended,2024-07-05
288fc36a-846c-454c-5170-a2efe777c664,Kenneth,Harris,kenneth.harris@example.com,+1-647-336-2631,1978-01-30,2070 Oak Ave,Philadelphia,PA,19101,US,Product,active,2024-09-06
c520d50f-a0ff-3498-02f4-298f6ffad356,Christopher,Wilson,christopher.wilson@gmail.com,+1-807-256-1455,1961-02-24,8908 Oak Ave,Chicago,IL,60601,US,Product,active,2024-12-24
38c4f346-e5dd-614c-a70b-ba9c3d5e69df,William,Robinson,william.robinson@example.com,+1-504-298-9772,1968-05-14,4019 Park Blvd,Jacksonville,FL,32099,US,HR,active,2024-05-03
ed5cea4e-7589-64f5-1c66-021e1a79aec1,Barbara,Green,barbara.green@gmail.com,+1-810-225-2754,1998-11-20,2324 Pine Rd,Denver,CO,80201,US,HR,active,2024-02-03
69eb337c-059e-f8d8-cba2-0d387db4990d,Ashley,White,ashley.white@yahoo.com,+1-275-598-2250,1964-07-07,3446 Park Blvd,Fort Worth,TX,76101,US,Product,active,2024-11-15
a197339c-913a-2b6c-a8df-e59a2dbdc7cf,David,Lopez,david.lopez@outlook.com,+1-821-975-1515,2000-07-14,1921 Elm St,New York,NY,10001,US,Operations,inactive,2024-10-20
315e4e80-1f20-c257-ed34-8e324126fa8f,Paul,Smith,paul.smith@yahoo.com,+1-820-130-9781,1993-04-08,378 Maple Dr,San Francisco,CA,94102,US,Finance,active,2024-02-07
2067902b-f099-e2b6-b10c-cf77ba4d6c8e,Mary,Lee,mary.lee@yahoo.com,+1-474-380-8890,1963-09-29,3265 Oak Ave,San Diego,CA,92101,US,Operations,suspended,2024-11-10
316c00bc-ec1f-0155-6662-9bd2f243b5c6,Sandra,Mitchell,sandra.mitchell@hotmail.com,+1-456-277-4242,1982-12-30,4606 Park Blvd,Columbus,OH,43085,US,Marketing,suspended,2024-10-10
98a91187-6c7a-0c9d-7237-64bae202f022,David,Wilson,david.wilson@example.com,+1-965-378-6222,1979-06-11,1763 Park Blvd,Indianapolis,IN,46201,US,Product,active,2024-10-12
82e847ae-f545-dfb3-08a4-7ee1e3b2f985,Nancy,Green,nancy.green@gmail.com,+1-459-700-7714,1967-07-03,4809 Elm St,Charlotte,NC,28201,US,Product,active,2024-02-06
5f25210e-a82e-2d61-3716-4f3112988e9c,Christopher,Ramirez,christopher.ramirez2@yahoo.com,+1-580-248-6151,1971-01-02,2004 Main St,Jacksonville,FL,32099,US,Operations,active,2024-12-11
62b61594-10f4-c941-8fc7-ad793b8ede31,Susan,Robinson,susan.robinson@icloud.com,+1-490-716-4476,2000-04-25,8639 Cedar Ln,Austin,TX,73301,US,Marketing,suspended,2024-05-23
c19666e9-aea0-3292-6bf7-d125a571f542,Joshua,Nelson,joshua.nelson@gmail.com,+1-645-425-6244,2000-01-16,3247 Cedar Ln,Denver,CO,80201,US,Engineering,inactive,2024-08-02
9756fd33-53ae-1065-99f7-5c762bcfd03f,Sarah,Clark,sarah.clark@gmail.com,+1-592-342-1348,1980-04-23,4671 Main St,Houston,TX,77001,US,Engineering,inactive,2024-05-05
11c7beb2-042a-6bd7-a510-04b8565f2ea8,Betty,Williams,betty.williams@icloud.com,+1-681-197-7800,1961-10-02,4932 Pine Rd,San Francisco,CA,94102,US,Operations,active,2024-07-03
b24b007b-4c66-d04f-64b1-1c490c0cf61e,Kimberly,Roberts,kimberly.roberts@outlook.com,+1-665-605-2989,1987-06-20,6127 Oak Ave,Indianapolis,IN,46201,US,Engineering,active,2024-01-27
39f18027-6f88-e2c0-b968-ab06b0067b61,James,Rodriguez,james.rodriguez@gmail.com,+1-374-190-4131,1998-08-21,6044 Main St,Austin,TX,73301,US,Engineering,active,2024-01-04
cfff0d34-caa8-1f13-9cdd-39a7b01ba134,Patricia,Martin,patricia.martin@gmail.com,+1-588-376-3790,1974-10-09,2258 Lake Dr,Dallas,TX,75201,US,Marketing,active,2024-06-28
85924e5f-1f53-db6e-ab11-77367260282f,Barbara,Carter,barbara.carter@icloud.com,+1-740-346-8830,1988-07-27,8030 Pine Rd,Columbus,OH,43085,US,Operations,inactive,2024-04-03
3e0c5ec5-df74-8fb5-d5e6-162f8efadaa1,Thomas,Roberts,thomas.roberts@outlook.com,+1-875-762-4373,1975-11-01,1279 Oak Ave,Chicago,IL,60601,US,Legal,active,2024-04-01
356ad651-5727-bd83-1ac2-c99a7cd6572f,Kevin,Wilson,kevin.wilson@hotmail.com,+1-804-879-9644,1968-06-05,8421 Elm St,Fort Worth,TX,76101,US,HR,inactive,2024-11-05
de2bfe58-73d2-939e-f99d-d6d562b51781,Steven,Miller,steven.miller@yahoo.com,+1-835-625-4326,1976-04-23,6557 Cedar Ln,San Diego,CA,92101,US,Marketing,active,2024-07-06
beba0619-1b6f-b706-e04e-6585760116cf,Carol,Martin,carol.martin@icloud.com,+1-312-346-1271,1966-08-10,7551 Maple Dr,Houston,TX,77001,US,HR,active,2024-08-22
5abbb78f-1585-665d-8ce0-bd8fed4b229f,Dorothy,Lewis,dorothy.lewis@outlook.com,+1-641-317-3467,1965-04-22,6504 Park Blvd,Dallas,TX,75201,US,Operations,active,2024-08-09
4b43f873-31a5-80d7-6c2e-c07eed92b753,Nancy,Miller,nancy.miller@gmail.com,+1-393-512-3894,1992-11-01,9733 Pine Rd,Fort Worth,TX,76101,US,Legal,suspended,2024-07-04
e5228d31-0d9a-6fce-1d7c-f46d3836613c,Carol,Brown,carol.brown@example.com,+1-236-689-5361,1964-12-24,3912 Oak Ave,San Diego,CA,92101,US,Marketing,active,2024-04-20
d2f629ca-bbe2-77ba-384a-996719ef13bf,Brian,Rivera,brian.rivera@hotmail.com,+1-908-374-9112,1977-08-16,3371 Maple Dr,Fort Worth,TX,76101,US,Finance,active,2024-11-10
b3521505-e864-6e0c-80d4-58b92f615360,Amanda,Hill,amanda.hill@outlook.com,+1-837-588-6002,1964-03-24,3910 Maple Dr,New York,NY,10001,US,Operations,active,2024-03-06
0554e88b-5584-92ba-6d8c-5504797f6e4d,Lisa,Robinson,lisa.robinson@yahoo.com,+1-381-370-2261,1989-11-16,2798 Main St,New York,NY,10001,US,Operations,inactive,2024-10-01
ae1782f6-9138-6474-0473-b982d1a529db,Ashley,Thomas,ashley.thomas@hotmail.com,+1-497-955-4740,1962-01-10,8607 Maple Dr,Houston,TX,77001,US,Sales,active,2024-02-10
41e1008c-8bb3-fbb2-fd63-14f259ccc94a,Melissa,Perez,melissa.perez2@hotmail.com,+1-879-598-5153,1992-12-17,5969 Lake Dr,Indianapolis,IN,46201,US,Engineering,active,2024-05-23
84f16d9d-af8f-8cf0-451a-9ec71cdde8ca,Lisa,King,lisa.king@example.com,+1-945-755-1339,1981-09-22,2424 Park Blvd,Nashville,TN,37201,US,Finance,active,2024-06-16
319fa2f7-16da-a8f5-be8e-b66f34d091d1,Mary,Thomas,mary.thomas@icloud.com,+1-586-754-2768,1976-02-14,4488 Lake Dr,Columbus,OH,43085,US,Sales,active,2024-11-12
945b3711-0a85-8722-30c9-5ec44f2fcfd6,Lisa,Sanchez,lisa.sanchez@icloud.com,+1-732-818-6624,1972-05-23,2015 Park Blvd,Columbus,OH,43085,US,Legal,suspended,2024-06-10
f777c816-85ef-875e-2675-5363ae50f96e,Linda,Smith,linda.smith@hotmail.com,+1-496-738-3664,1980-12-01,4975 Lake Dr,Phoenix,AZ,85001,US,HR,active,2024-05-01
7d05955b-0d9e-1328-1f99-7c8097d38ab9,Sandra,Williams,sandra.williams2@yahoo.com,+1-513-105-8050,1997-01-10,5772 Main St,San Jose,CA,95101,US,Engineering,active,2024-03-12
454a8e82-b694-15c7-1604-52b7f424b79c,Charles,Allen,charles.allen@example.com,+1-346-850-4223,1966-12-15,7079 Oak Ave,Seattle,WA,98101,US,HR,active,2024-01-16
191f9e05-e777-3701-f787-3461662c4f00,Daniel,Thomas,daniel.thomas@example.com,+1-467-409-6091,1978-12-15,2840 Park Blvd,Fort Worth,TX,76101,US,Operations,suspended,2024-03-22
4e143977-4d12-6ab1-3313-f36c8de58a88,Deborah,Gonzalez,deborah.gonzalez@outlook.com,+1-287-404-8555,1978-09-03,8943 Maple Dr,Phoenix,AZ,85001,US,Product,inactive,2024-02-05
5b88fc72-b66c-db02-af66-dc57ef544897,Dorothy,Lewis,dorothy.lewis@example.com,+1-679-462-8006,1982-08-07,7644 Park Blvd,Austin,TX,73301,US,Product,inactive,2024-01-18
4d696e19-e827-3dee-9d7e-4eb723fd6ade,Mary,Roberts,mary.roberts@hotmail.com,+1-448-694-9391,1993-11-26,6114 Maple Dr,Chicago,IL,60601,US,HR,active,2024-07-05
75d106f2-849c-30c6-dffa-28aec353ac87,Betty,Nelson,betty.nelson@gmail.com,+1-255-186-1896,1996-03-21,4427 Oak Ave,Charlotte,NC,28201,US,Operations,suspended,2024-02-27
95a97dd7-bd8f-a26f-1f16-de170f94d562,Charles,Torres,charles.torres@hotmail.com,+1-890-623-1868,1998-10-08,3360 Maple Dr,Austin,TX,73301,US,Legal,active,2024-04-22
ce3ce7ce-01a6-c260-efc0-8273fd397fe7,Kenneth,Martinez,kenneth.martinez@outlook.com,+1-696-738-4288,1992-04-04,1880 Oak Ave,San Jose,CA,95101,US,Engineering,active,2024-10-04
817c6779-d52d-8f91-064f-e16479472ea4,Dorothy,Miller,dorothy.miller@yahoo.com,+1-654-500-1911,1964-08-24,1996 Pine Rd,San Antonio,TX,78201,US,Product,inactive,2024-03-27
9dfe19d2-a87d-2106-dbfb-fea4706ad042,Jessica,Wright,jessica.wright@outlook.com,+1-326-542-3396,1990-07-24,355 Maple Dr,Nashville,TN,37201,US,Sales,active,2024-03-17
aae39bc0-4a19-54ec-4a3f-cfda7affd9bd,Melissa,Hall,melissa.hall@icloud.com,+1-302-702-9076,1981-05-11,6019 Pine Rd,San Antonio,TX,78201,US,Product,inactive,2024-12-26
1ec09c35-7503-5829-488e-5bd8072915c7,Michael,Robinson,michael.robinson@hotmail.com,+1-777-498-1180,1966-08-24,9512 Pine Rd,Columbus,OH,43085,US,Engineering,suspended,2024-08-02
5b9559d0-2887-4d02-fb54-35ba0255b13b,Daniel,Rodriguez,daniel.rodriguez@hotmail.com,+1-712-976-9244,1972-06-02,3454 Elm St,Charlotte,NC,28201,US,Product,suspended,2024-02-06
c964f746-dbd1-65a3-b716-307d75a09875,Michelle,Martinez,michelle.martinez2@outlook.com,+1-343-385-5963,1975-03-21,6455 Oak Ave,Denver,CO,80201,US,Legal,inactive,2024-08-20
2121cc4f-425c-a2e3-8682-d62fa8ae013a,Kevin,Lopez,kevin.lopez@icloud.com,+1-914-431-6703,1994-10-13,9577 Park Blvd,San Francisco,CA,94102,US,Marketing,active,2024-01-28
ade81084-ef29-f413-7fda-e6661b314321,George,Hernandez,george.hernandez@yahoo.com,+1-687-431-4793,1989-11-03,3877 Oak Ave,Houston,TX,77001,US,Sales,inactive,2024-07-03
7108022a-12a8-5ff7-bffb-bc83d8c80184,Patricia,Flores,patricia.flores@outlook.com,+1-981-483-1482,1961-09-05,2852 Elm St,Houston,TX,77001,US,Marketing,inactive,2024-07-05
adc90caa-7000-f93b-7db8-ed7140a3823b,Kenneth,Torres,kenneth.torres@icloud.com,+1-492-330-4296,1968-10-11,2656 Park Blvd,San Antonio,TX,78201,US,Finance,active,2024-10-01
01572a56-e4ae-b85f-23fb-e8f2cf5cbd7f,Kenneth,Nelson,kenneth.nelson@gmail.com,+1-568-892-7685,1961-06-28,9311 Oak Ave,San Antonio,TX,78201,US,Operations,active,2024-11-24
d3dc00ee-9203-c5d2-351d-1137d5185b72,George,Adams,george.adams@icloud.com,+1-685-612-6768,1968-07-12,5841 Maple Dr,Indianapolis,IN,46201,US,Marketing,inactive,2024-07-21
19d56f42-4c58-9a8e-846a-4a71c84a89b8,Matthew,Jones,matthew.jones@icloud.com,+1-320-610-4777,1965-09-14,844 Elm St,Chicago,IL,60601,US,Engineering,active,2024-05-27
f7d65f6a-2869-b5ee-df18-e065df5864d5,Thomas,Harris,thomas.harris@example.com,+1-494-176-9755,1963-01-18,9427 Cedar Ln,Jacksonville,FL,32099,US,HR,inactive,2024-10-02
43577225-fc24-a159-eada-2885efda70bf,Paul,Hall,paul.hall2@gmail.com,+1-868-130-1528,1981-02-15,5539 Park Blvd,Denver,CO,80201,US,HR,active,2024-06-25
c1e158aa-ec96-af27-5461-4433bbdf144c,Patricia,Rodriguez,patricia.rodriguez@yahoo.com,+1-879-999-2021,1996-08-20,3861 Lake Dr,Seattle,WA,98101,US,Marketing,suspended,2024-10-23
edeac5b8-9cc8-62cd-bd42-11d1992033eb,Timothy,Williams,timothy.williams@outlook.com,+1-282-664-8844,1978-09-02,2122 Pine Rd,Chicago,IL,60601,US,Engineering,active,2024-01-16
d98eb024-c813-2025-4dac-d33c7a438217,Steven,Anderson,steven.anderson@example.com,+1-433-121-1906,1979-05-10,432 Cedar Ln,Jacksonville,FL,32099,US,Product,active,2024-09-16
2344ec54-8cae-f9ec-6d44-f723b38adf82,Patricia,Harris,patricia.harris@hotmail.com,+1-318-548-2933,1979-04-11,6025 Elm St,Phoenix,AZ,85001,US,Finance,active,2024-07-02
c0a85dbd-bf5a-910f-69be-a8c93a24ec19,Jessica,Anderson,jessica.anderson@gmail.com,+1-749-681-1750,1960-06-13,245 Cedar Ln,Denver,CO,80201,US,Engineering,active,2024-01-05
e3f2df80-a7bb-c612-9a37-ef9d5983ce94,Mark,Lopez,mark.lopez2@outlook.com,+1-450-399-3125,1974-02-02,9931 Park Blvd,Los Angeles,CA,90001,US,Legal,active,2024-11-03
5b619ebe-d03c-9c2c-bc37-49b1b48b9a8c,Robert,Taylor,robert.taylor@icloud.com,+1-425-554-5959,1982-03-14,6012 Pine Rd,San Antonio,TX,78201,US,Finance,suspended,2024-05-11
b49bc1ef-692c-6843-e682-471058bd19da,Brian,Wright,brian.wright@icloud.com,+1-836-597-5583,1962-06-03,1286 Cedar Ln,Houston,TX,77001,US,Sales,suspended,2024-04-10
24579251-c9b6-7093-d0fe-42afb993c041,Melissa,Scott,melissa.scott@yahoo.com,+1-236-340-8213,1976-09-14,7435 Oak Ave,Houston,TX,77001,US,Engineering,inactive,2024-01-09
47729adf-0f49-d01a-15a1-5a52f710900b,Sarah,Nguyen,sarah.nguyen@hotmail.com,+1-824-493-9115,1997-02-07,309 Park Blvd,San Jose,CA,95101,US,Product,inactive,2024-01-08
0803ad31-4e1e-2f3d-a910-22b80d60e364,Susan,Harris,susan.harris@yahoo.com,+1-754-881-6698,1983-11-20,426 Elm St,Columbus,OH,43085,US,HR,suspended,2024-04-25
baae905c-c859-4dfb-6d73-dd1ddda1497a,Mary,Perez,mary.perez@example.com,+1-953-870-1935,1979-06-21,1790 Park Blvd,Nashville,TN,37201,US,HR,suspended,2024-08-14
77a319c6-619c-4a06-f5d6-8c8f299ccd73,Andrew,Campbell,andrew.campbell@icloud.com,+1-963-343-3160,1971-09-01,249 Pine Rd,San Francisco,CA,94102,US,HR,active,2024-04-25
5c9808f4-4636-8d12-9d94-813f09e218a7,Paul,Jackson,paul.jackson@outlook.com,+1-475-775-5104,1977-09-13,9962 Main St,Denver,CO,80201,US,Marketing,active,2024-10-22
77689441-0245-59a5-709d-e505046b96f9,Christopher,Taylor,christopher.taylor@yahoo.com,+1-237-467-8867,1980-10-03,9120 Cedar Ln,Charlotte,NC,28201,US,Product,active,2024-10-03
c4170ebd-420c-be74-2e07-a11f70c0a4f6,Sarah,Flores,sarah.flores@icloud.com,+1-482-365-9108,1962-11-15,2085 Cedar Ln,Austin,TX,73301,US,Sales,active,2024-10-21
70b81530-dc4e-557f-81b8-5934af378cf9,Patricia,Anderson,patricia.anderson@gmail.com,+1-793-424-1687,1968-04-06,9068 Cedar Ln,Los Angeles,CA,90001,US,Engineering,active,2024-05-01
13d5ac4f-1bf2-235c-5987-e1e63c1517fc,Carol,Thompson,carol.thompson@icloud.com,+1-719-554-2854,1986-12-09,8373 Oak Ave,Los Angeles,CA,90001,US,Finance,active,2024-06-19
24a0db6e-4878-383a-e037-e9536d2d7cb9,Nancy,Baker,nancy.baker@hotmail.com,+1-225-434-6902,1988-10-16,5489 Park Blvd,Chicago,IL,60601,US,Operations,inactive,2024-05-20
975aae69-e970-7c9e-266a-8b90ee28b2f4,Mary,Hernandez,mary.hernandez@outlook.com,+1-226-208-4464,1973-01-17,5130 Elm St,Los Angeles,CA,90001,US,Finance,inactive,2024-10-02
f486a251-1414-f827-a632-c350ff712ff4,Kevin,Campbell,kevin.campbell@yahoo.com,+1-279-329-9249,1994-03-17,9412 Park Blvd,Fort Worth,TX,76101,US,Marketing,suspended,2024-01-20
d604ae9f-31ed-10f5-44e9-28ac5122f001,Donald,Nelson,donald.nelson@icloud.com,+1-789-400-4998,1979-10-13,5386 Cedar Ln,San Francisco,CA,94102,US,Operations,active,2024-08-11
68f0e5f2-e156-8ad3-f525-d556bb98abdf,Melissa,Davis,melissa.davis@example.com,+1-570-181-6766,1979-12-18,9183 Oak Ave,San Diego,CA,92101,US,Operations,inactive,2024-10-08
ecfbc936-2012-6ebb-fc9b-519ad3a81c4f,Mark,Clark,mark.clark@yahoo.com,+1-750-350-7678,1997-02-18,9581 Maple Dr,Denver,CO,80201,US,HR,active,2024-06-11
7e83e815-9375-8195-25fd-72f4fbb61ff7,Linda,Garcia,linda.garcia@hotmail.com,+1-847-891-4245,1982-08-27,2948 Lake Dr,Columbus,OH,43085,US,Engineering,active,2024-02-14
08b92ed4-de94-da10-205b-9db819dad534,Thomas,Carter,thomas.carter@icloud.com,+1-641-124-3735,1993-04-27,1197 Maple Dr,Indianapolis,IN,46201,US,Product,inactive,2024-06-05
e5bdbb3e-5639-117a-1e78-ba024b1bbb3a,Betty,Hall,betty.hall@icloud.com,+1-544-705-2765,1991-12-09,742 Oak Ave,San Diego,CA,92101,US,Operations,inactive,2024-07-21
bbc2ede6-2275-8233-b33a-a6b97a239f3c,Mark,Mitchell,mark.mitchell@hotmail.com,+1-387-841-9345,1993-12-26,1373 Maple Dr,San Jose,CA,95101,US,Engineering,suspended,2024-10-12
b8f7ef48-8238-0358-2d3d-ab8a70473d9d,Carol,Adams,carol.adams@hotmail.com,+1-802-386-2587,1974-05-17,3806 Pine Rd,Fort Worth,TX,76101,US,Legal,active,2024-01-19
52a3069d-4906-9da9-6d3b-867ced944378,Dorothy,King,dorothy.king@icloud.com,+1-593-426-3923,1997-11-11,2347 Main St,San Francisco,CA,94102,US,Finance,inactive,2024-09-09
49b016e5-1e59-5d1f-2a64-45d348e80f79,Andrew,Flores,andrew.flores@outlook.com,+1-480-598-8191,1975-07-31,3665 Maple Dr,Houston,TX,77001,US,HR,active,2024-10-25
d6baf0f2-8d5a-9549-34f3-ab8e1891e25c,Michael,Anderson,michael.anderson@example.com,+1-720-872-3766,1966-04-29,449 Main St,Dallas,TX,75201,US,Finance,active,2024-08-27
85594d77-71e0-07b0-bb6a-36476d2f458d,Mary,White,mary.white@yahoo.com,+1-329-950-8435,1985-08-14,4833 Oak Ave,San Jose,CA,95101,US,Marketing,inactive,2024-07-16
5a8d785e-f7eb-a7e9-1dd0-7ec8ab30f1b1,Thomas,Garcia,thomas.garcia@yahoo.com,+1-280-862-4644,1992-10-26,1219 Elm St,Dallas,TX,75201,US,Sales,suspended,2024-06-09
b01cad4e-b4f1-7ca9-12f7-76d1c6ec757f,Sandra,Green,sandra.green@example.com,+1-522-139-8100,1990-02-23,1646 Elm St,San Francisco,CA,94102,US,Finance,suspended,2024-11-27
df42eabd-604f-3c8d-961a-9968230a37e5,Kenneth,Williams,kenneth.williams@example.com,+1-425-789-4205,1971-01-12,4347 Lake Dr,New York,NY,10001,US,Sales,inactive,2024-03-24
842ca512-f369-c683-16b5-cf7ae0389eb7,Ashley,Jackson,ashley.jackson@yahoo.com,+1-940-867-4509,1988-06-22,53 Park Blvd,San Antonio,TX,78201,US,Marketing,inactive,2024-09-20
615ab341-9d06-5ae8-4358-ce3fb01f90e7,Susan,Rivera,susan.rivera@yahoo.com,+1-846-697-4845,1978-10-04,5714 Lake Dr,Los Angeles,CA,90001,US,Sales,active,2024-04-10
4ba0768a-7b20-21f7-8b1d-22845b6cbb7a,Kevin,Young,kevin.young@hotmail.com,+1-298-324-2841,1986-10-26,4707 Park Blvd,Fort Worth,TX,76101,US,Legal,active,2024-04-22
b26c8876-58fa-e8c7-1d10-b6f6a91decb2,Margaret,Davis,margaret.davis@yahoo.com,+1-607-821-3098,1974-04-21,7926 Lake Dr,Charlotte,NC,28201,US,Product,active,2024-01-10
42f88fc5-52bc-b64d-c594-98c58ff01845,Sarah,Allen,sarah.allen@yahoo.com,+1-891-425-7737,1962-09-23,6413 Lake Dr,Columbus,OH,43085,US,Product,inactive,2024-05-02
4efa8dc3-0bae-4fc1-d18a-d3caa2e25753,Sarah,Young,sarah.young@example.com,+1-658-519-4625,1975-03-30,9380 Maple Dr,San Diego,CA,92101,US,Finance,active,2024-10-20
cd6aee30-0567-f81f-b8e3-fb43f34574ae,Lisa,Rodriguez,lisa.rodriguez@icloud.com,+1-588-192-6460,1960-11-22,5779 Oak Ave,Seattle,WA,98101,US,Engineering,suspended,2024-04-12
4a49ba1b-3ab5-a9f1-b7c3-15a2dc16cbae,Paul,Gonzalez,paul.gonzalez@yahoo.com,+1-365-482-6431,1977-09-28,6774 Cedar Ln,Seattle,WA,98101,US,Finance,active,2024-01-28
0ad33361-7c22-6735-ca95-7c2e65df39cb,Mary,Carter,mary.carter@icloud.com,+1-360-389-5939,1982-06-30,398 Cedar Ln,Houston,TX,77001,US,Finance,active,2024-05-24
451ea1db-e06a-46b2-bd93-183fd17bd6cc,Linda,Harris,linda.harris@example.com,+1-286-178-2210,1965-11-19,8266 Park Blvd,Fort Worth,TX,76101,US,Engineering,active,2024-12-27
31bc99e6-6420-b22a-cae9-250b9693ffd8,Paul,Hill,paul.hill2@yahoo.com,+1-820-979-6114,1993-01-03,5304 Park Blvd,Houston,TX,77001,US,Engineering,active,2024-05-15
17d2efe7-6df5-fa4a-4a8e-9dd260679824,Richard,Miller,richard.miller@outlook.com,+1-427-516-5563,1981-02-22,7920 Pine Rd,Denver,CO,80201,US,Finance,inactive,2024-01-16
93efe8f0-395c-0d62-73c7-fd751bb9d499,George,Sanchez,george.sanchez@outlook.com,+1-225-506-4802,1992-01-20,7326 Elm St,Seattle,WA,98101,US,Legal,suspended,2024-02-21
dd655951-352a-a2af-2b54-57b78f962ff2,Karen,Perez,karen.perez@yahoo.com,+1-701-707-5095,1964-04-11,1375 Maple Dr,Chicago,IL,60601,US,Product,suspended,2024-08-17
4fbb831a-696f-9074-4084-a2907e50a000,George,Torres,george.torres@yahoo.com,+1-958-445-3467,1994-06-04,599 Elm St,Los Angeles,CA,90001,US,Product,active,2024-05-23
a6ea0997-f5a0-2c0a-5021-d3fc7ff3e818,Susan,Carter,susan.carter@icloud.com,+1-441-429-8559,1984-06-21,7914 Oak Ave,Indianapolis,IN,46201,US,Marketing,inactive,2024-12-03
3286af00-2a8b-e289-1f19-297ebf86ad63,Matthew,Rodriguez,matthew.rodriguez@gmail.com,+1-648-990-2862,1983-04-28,640 Park Blvd,Philadelphia,PA,19101,US,Legal,active,2024-11-26
1e19f010-4bf7-e012-025e-c446663f730d,Dorothy,Young,dorothy.young@yahoo.com,+1-645-401-5441,1978-10-03,8561 Elm St,Seattle,WA,98101,US,Operations,suspended,2024-11-06
5f0a74fb-b6e7-d214-f3b5-f7d79d2f1794,Barbara,Jackson,barbara.jackson@icloud.com,+1-731-719-5116,1996-01-05,7736 Lake Dr,San Antonio,TX,78201,US,Finance,active,2024-12-24
267d46e7-2de1-bda4-6a92-d47b515400a6,William,Hernandez,william.hernandez@icloud.com,+1-681-168-1091,1960-06-09,5110 Cedar Ln,Indianapolis,IN,46201,US,Finance,active,2024-09-15
59b7463f-1117-f840-280d-4e22982e2afd,Lisa,Miller,lisa.miller@gmail.com,+1-851-672-4703,1981-01-09,5652 Main St,Nashville,TN,37201,US,Finance,active,2024-05-27
ef2ecdc9-673c-984b-c459-61729fdf4b1b,Margaret,Nguyen,margaret.nguyen@example.com,+1-460-674-9864,1976-06-22,3320 Oak Ave,San Jose,CA,95101,US,Sales,active,2024-12-07
965a693e-85b6-9e95-cc00-9f08206faddb,Sarah,Lopez,sarah.lopez@outlook.com,+1-860-884-7274,1964-08-03,5410 Pine Rd,Denver,CO,80201,US,Legal,active,2024-03-01
dfe6b589-79b8-023d-2a31-89ba24b17e45,Joseph,Wilson,joseph.wilson@gmail.com,+1-200-431-2274,1966-07-28,856 Maple Dr,Nashville,TN,37201,US,Legal,inactive,2024-11-16
c61f98b1-6097-5bc0-64ab-d0358f65abf9,Christopher,Martin,christopher.martin2@icloud.com,+1-594-823-8773,1970-10-19,5817 Pine Rd,Houston,TX,77001,US,Operations,suspended,2024-02-20
8f7c0071-6fef-2c5d-d702-1edd24940bbd,Susan,Hernandez,susan.hernandez@example.com,+1-652-601-5104,1991-11-28,1971 Park Blvd,Dallas,TX,75201,US,Operations,active,2024-01-28
8f4ea920-9df2-0554-36ba-48926c905f13,Nancy,Robinson,nancy.robinson@example.com,+1-395-491-7130,1992-09-04,2933 Main St,Jacksonville,FL,32099,US,Finance,inactive,2024-06-17
ea725584-5e6e-187a-e939-f79018177e4a,Richard,Smith,richard.smith@icloud.com,+1-459-614-1212,1974-09-25,9942 Pine Rd,San Jose,CA,95101,US,Engineering,active,2024-11-16
927a72df-f89c-ad3f-0ea6-6dbfa011b8d8,Betty,Williams,betty.williams@example.com,+1-231-983-8713,1972-04-19,9955 Lake Dr,Dallas,TX,75201,US,Legal,active,2024-08-24
e4ee8f51-9ce8-5b7d-0761-dc0c5e99c568,Michelle,Carter,michelle.carter2@icloud.com,+1-930-256-3898,1961-09-17,2157 Oak Ave,Houston,TX,77001,US,Product,active,2024-01-15
fbc053a8-4708-cf0f-8b49-0e26db9eb2e6,Kenneth,Rivera,kenneth.rivera@gmail.com,+1-398-770-1273,1964-05-16,5451 Elm St,Austin,TX,73301,US,Sales,suspended,2024-12-12
0fbd6062-ab6d-9aa8-aaef-dbe1d674998a,Dorothy,Smith,dorothy.smith@example.com,+1-266-297-9216,1978-09-04,2417 Pine Rd,Fort Worth,TX,76101,US,Marketing,active,2024-08-02
d79570be-bf30-25c3-a2a3-00712c47a51f,Sarah,Hill,sarah.hill@yahoo.com,+1-203-418-5485,1978-05-11,9185 Elm St,San Francisco,CA,94102,US,Marketing,active,2024-08-19
2eb86221-172f-0d9b-eb02-c6611dc35362,Brian,Garcia,brian.garcia@icloud.com,+1-947-188-4041,1963-12-15,5202 Main St,Charlotte,NC,28201,US,Sales,active,2024-04-21
f151ff15-a46e-e99e-ae4e-d89fd659d69f,Nancy,Robinson,nancy.robinson@gmail.com,+1-395-865-3174,1973-10-21,5088 Main St,San Diego,CA,92101,US,Product,active,2024-03-09
e2318ce6-45d6-2ecd-3030-d7f4d5d4999b,William,Torres,william.torres@outlook.com,+1-404-281-5832,1970-02-19,4250 Lake Dr,Columbus,OH,43085,US,HR,active,2024-08-12
d4ec494f-afe1-d845-a18a-f249d45a1de3,Emily,White,emily.white@outlook.com,+1-374-137-7318,1980-03-03,2552 Cedar Ln,San Francisco,CA,94102,US,Product,active,2024-11-26
d4718d86-8d36-6459-80f6-c26cf7eefd84,Carol,Jackson,carol.jackson@yahoo.com,+1-960-913-5406,1991-05-21,1487 Cedar Ln,Austin,TX,73301,US,HR,active,2024-08-09
52af891a-9639-e2b7-779d-7db423caef2f,John,Davis,john.davis@icloud.com,+1-581-677-7191,1981-04-25,9641 Main St,Philadelphia,PA,19101,US,Operations,active,2024-11-12
19a7361b-e729-b06f-a5db-8ca356302021,James,Hernandez,james.hernandez@hotmail.com,+1-391-466-6018,1975-01-05,2667 Lake Dr,Indianapolis,IN,46201,US,Sales,active,2024-08-26
793c04f7-663a-b809-bb1f-db986f5a181a,Donna,Robinson,donna.robinson@icloud.com,+1-449-358-7114,1991-02-25,9846 Elm St,Denver,CO,80201,US,Legal,inactive,2024-05-02
f4382911-44f4-d74f-c629-9ca66d076774,Joseph,Carter,joseph.carter@icloud.com,+1-791-510-1467,1978-11-19,2688 Maple Dr,Houston,TX,77001,US,HR,suspended,2024-12-17
0dc5d7d9-f5bc-e0c0-c9df-af7c55492107,Richard,Torres,richard.torres@yahoo.com,+1-292-416-3317,1989-10-04,5671 Lake Dr,Phoenix,AZ,85001,US,Product,active,2024-08-01
3c7686e5-2f41-87bc-1493-794a4eba12da,Kevin,Martinez,kevin.martinez@yahoo.com,+1-408-547-2477,1973-07-07,4010 Maple Dr,Philadelphia,PA,19101,US,Operations,active,2024-08-06
e9af6d28-3665-de1b-b2e3-3ad964e04880,Daniel,Miller,daniel.miller@hotmail.com,+1-683-784-7165,1990-10-22,7594 Cedar Ln,Seattle,WA,98101,US,Marketing,inactive,2024-03-11
baf9aa9d-acbc-63ed-d1dd-d3e6487f70f0,Timothy,Rodriguez,timothy.rodriguez@hotmail.com,+1-634-711-7452,2000-04-13,8751 Oak Ave,Austin,TX,73301,US,Operations,inactive,2024-11-24
5cbe693e-5e7f-78d9-3c33-499fc4916b7f,Emily,Johnson,emily.johnson@yahoo.com,+1-548-613-1026,1967-12-28,9817 Park Blvd,Nashville,TN,37201,US,Marketing,active,2024-03-16
a76f7d3c-6252-2f26-56ef-26a317c50a7c,Richard,Williams,richard.williams@yahoo.com,+1-384-535-3469,1979-07-13,4669 Pine Rd,San Jose,CA,95101,US,Product,inactive,2024-01-09
77052c84-1b3f-0866-d590-42df8470f4ae,Anthony,Lopez,anthony.lopez2@yahoo.com,+1-284-454-2661,1990-08-10,6627 Main St,Fort Worth,TX,76101,US,Sales,active,2024-03-19
ab91e501-f5bd-62cd-a760-90e77c73a166,Steven,Harris,steven.harris@example.com,+1-611-532-1893,1960-07-08,4964 Park Blvd,Charlotte,NC,28201,US,HR,active,2024-10-26
f8c5ef5c-88f7-57fb-d81b-6bb755c6b8d6,Mark,Allen,mark.allen@outlook.com,+1-573-214-3930,1991-12-09,6948 Park Blvd,Indianapolis,IN,46201,US,Marketing,active,2024-01-11
df48d6fa-ba45-e0ff-9d51-30aed015f623,Amanda,Nguyen,amanda.nguyen@outlook.com,+1-665-545-1795,1983-02-05,7615 Pine Rd,San Antonio,TX,78201,US,Engineering,active,2024-08-15
4bd01f7a-accc-8e70-5663-e4906cfad76f,Nancy,Brown,nancy.brown@icloud.com,+1-985-938-1385,1971-04-27,8893 Pine Rd,Jacksonville,FL,32099,US,Sales,active,2024-06-14
5b745fdd-1c97-4694-9884-f76d091e11df,Mary,Lewis,mary.lewis@outlook.com,+1-949-137-9704,1988-07-11,6492 Cedar Ln,San Jose,CA,95101,US,Sales,active,2024-09-04
f8cb57ff-586b-3c22-4652-7e16e489149f,William,Campbell,william.campbell@yahoo.com,+1-669-805-4999,1979-05-04,8578 Lake Dr,Indianapolis,IN,46201,US,Engineering,active,2024-06-12
1429ef31-b9b3-c0ee-faf2-be80833bde78,John,Martinez,john.martinez@icloud.com,+1-545-752-5947,1977-02-17,6923 Park Blvd,Houston,TX,77001,US,Engineering,active,2024-12-09
1dce0e8c-f714-bab7-6ef5-9d48e98f8c8a,George,Adams,george.adams@example.com,+1-396-684-5275,1997-07-16,4968 Cedar Ln,Chicago,IL,60601,US,Engineering,active,2024-10-16
46dfe43f-2f8a-eb01-c73f-41d2b0595815,Susan,Carter,susan.carter@hotmail.com,+1-713-787-1749,1993-07-02,9907 Park Blvd,Dallas,TX,75201,US,Sales,active,2024-05-01
76628c4e-445d-9a87-4657-3d382138681b,Anthony,Wilson,anthony.wilson@gmail.com,+1-813-909-6212,1989-06-24,1592 Cedar Ln,Columbus,OH,43085,US,Finance,active,2024-12-11
75ecc661-d3b4-a1d1-9bfc-24bdb647d58d,Joseph,Jones,joseph.jones@icloud.com,+1-802-530-6386,1992-08-30,8872 Park Blvd,San Jose,CA,95101,US,Legal,suspended,2024-01-11
7fbccd75-be19-24aa-dab7-12f6764231c3,Lisa,Lee,lisa.lee@outlook.com,+1-415-645-3785,1966-10-22,6391 Pine Rd,Charlotte,NC,28201,US,Product,active,2024-11-28
35221344-1545-8478-5865-8721fc257ff1,Andrew,Garcia,andrew.garcia@example.com,+1-965-642-7048,1985-03-06,4982 Pine Rd,Indianapolis,IN,46201,US,Operations,inactive,2024-11-15
6e78cd59-909c-ca67-5a04-2fb09fcfd711,Mary,Martinez,mary.martinez2@icloud.com,+1-625-883-1383,1967-06-24,4652 Lake Dr,Denver,CO,80201,US,Finance,inactive,2024-09-05
1c526dd1-fdfc-4a9d-3618-187c37e2dc86,Matthew,Hill,matthew.hill@gmail.com,+1-784-396-3926,1977-10-01,2607 Park Blvd,Houston,TX,77001,US,Product,active,2024-04-14
afd50018-e27f-7dc7-aa0b-46ea1b0b249d,Joshua,Moore,joshua.moore@outlook.com,+1-848-880-6206,1988-04-09,8230 Park Blvd,Jacksonville,FL,32099,US,Finance,inactive,2024-08-25
00dab7f8-49d5-182c-6669-f6792d78f04b,Sandra,Jackson,sandra.jackson@hotmail.com,+1-745-949-6473,1999-03-05,7603 Maple Dr,Philadelphia,PA,19101,US,Marketing,inactive,2024-10-21
2379750a-3964-afe6-9e6e-a7d7076f3b07,Anthony,Clark,anthony.clark@hotmail.com,+1-824-734-9247,1988-07-19,1320 Park Blvd,San Antonio,TX,78201,US,Engineering,active,2024-10-08
05d0f23a-5ecb-b693-f3ac-2f5e1749939d,David,Torres,david.torres@example.com,+1-960-715-7378,1990-09-12,9045 Cedar Ln,Indianapolis,IN,46201,US,Sales,inactive,2024-06-24
e4fa6417-1097-92a4-4b00-dcfc21f55aa5,Jessica,Lopez,jessica.lopez@hotmail.com,+1-231-311-8555,1974-06-23,7524 Cedar Ln,San Antonio,TX,78201,US,Legal,active,2024-03-15
e8ac4518-eb8f-54d8-df40-fe0454cd67b4,Steven,Adams,steven.adams@gmail.com,+1-363-350-8572,1997-08-01,1145 Main St,Nashville,TN,37201,US,Engineering,inactive,2024-09-16
b73e54c3-1ef8-aca7-898f-3586b74a3db6,Matthew,Jones,matthew.jones@hotmail.com,+1-995-721-9751,1999-08-16,389 Lake Dr,Dallas,TX,75201,US,Legal,active,2024-05-26
a117b864-82f5-9390-ed69-6cb3b774b61d,Betty,Campbell,betty.campbell@gmail.com,+1-865-550-8021,1977-12-01,2033 Oak Ave,Jacksonville,FL,32099,US,Sales,active,2024-10-25
e9b8b3ea-2456-d767-56ff-66fda812cf1b,Linda,Campbell,linda.campbell@yahoo.com,+1-448-914-8906,1978-07-09,3443 Pine Rd,Jacksonville,FL,32099,US,Marketing,active,2024-11-23
57aa5681-428f-54aa-c1c9-7ab63ea685f6,Robert,Robinson,robert.robinson@example.com,+1-502-805-8285,1993-10-03,5418 Lake Dr,Indianapolis,IN,46201,US,HR,suspended,2024-05-20
e152dc3a-3894-de06-06a4-093b49d693b1,John,Carter,john.carter@yahoo.com,+1-579-677-6942,1983-05-28,4772 Pine Rd,Phoenix,AZ,85001,US,Sales,suspended,2024-11-10
20e8dae1-b1f0-ed9b-ce21-7fb3be654bf9,Donald,Rivera,donald.rivera@hotmail.com,+1-350-722-5789,1966-12-05,6296 Pine Rd,San Jose,CA,95101,US,Finance,active,2024-04-19
bed64914-8233-0e6e-b89c-96e95d39b505,Karen,Martinez,karen.martinez@icloud.com,+1-729-515-8814,1971-08-21,2792 Elm St,New York,NY,10001,US,Sales,suspended,2024-09-11
7b67caba-8675-ec71-deeb-96012b4b8171,Dorothy,White,dorothy.white@hotmail.com,+1-379-595-7223,1989-01-31,234 Oak Ave,Indianapolis,IN,46201,US,Operations,active,2024-05-07
a6662e73-1e9d-8b00-ca0d-e08eba902275,Joseph,Martinez,joseph.martinez@outlook.com,+1-401-465-9172,1994-11-24,7526 Main St,Nashville,TN,37201,US,Finance,active,2024-06-22
8da40d27-457f-4a84-1133-ded481e60c4c,John,Sanchez,john.sanchez@example.com,+1-747-966-9810,1974-10-12,1302 Main St,Houston,TX,77001,US,Legal,suspended,2024-09-08
3ebe066c-db86-9a02-a69b-4d21efb38c42,Jessica,Taylor,jessica.taylor2@example.com,+1-433-806-8472,1990-12-09,2908 Main St,Philadelphia,PA,19101,US,HR,suspended,2024-05-03
4d81bc5e-85c6-5764-21ee-ba3de733c344,Melissa,Gonzalez,melissa.gonzalez@example.com,+1-262-312-4728,2000-08-24,3997 Lake Dr,Chicago,IL,60601,US,Legal,active,2024-09-26
1558cc6d-7120-3b7a-1dcc-cf247a71ce7b,Patricia,Lee,patricia.lee@example.com,+1-687-302-2636,1968-10-23,8887 Cedar Ln,Chicago,IL,60601,US,Legal,active,2024-10-01
ce46abf3-96c4-9c44-31de-54f6a48339f7,Emily,Ramirez,emily.ramirez@gmail.com,+1-850-729-8475,1994-11-14,9 Pine Rd,Charlotte,NC,28201,US,Product,suspended,2024-05-16
a5310be0-f391-4a36-48a4-36ae83a2a06f,Kenneth,Lopez,kenneth.lopez@outlook.com,+1-506-370-9719,1981-09-05,4080 Elm St,San Francisco,CA,94102,US,HR,suspended,2024-09-10
f96f4a1b-e4b3-b66b-51b7-95ed01ab1df1,Kenneth,Lewis,kenneth.lewis@gmail.com,+1-721-581-9122,1981-11-14,2673 Maple Dr,Philadelphia,PA,19101,US,Marketing,inactive,2024-11-10
1bd487bb-c75e-e63d-318f-79802ec285a6,Michael,Lewis,michael.lewis@outlook.com,+1-981-337-4493,1996-11-23,5034 Pine Rd,Seattle,WA,98101,US,Operations,suspended,2024-08-04
280906a9-52e2-4a8e-2793-b627ac00cd5e,Carol,Martin,carol.martin2@icloud.com,+1-396-884-7491,1985-08-12,2815 Maple Dr,San Antonio,TX,78201,US,Sales,active,2024-09-16
ef303fd0-78d3-ca66-434a-7e17eeced5b3,Michelle,Hill,michelle.hill@hotmail.com,+1-510-479-3375,1970-04-05,5018 Elm St,Dallas,TX,75201,US,Operations,active,2024-08-10
0e28a088-6771-dc17-f0a3-0219c3210788,Margaret,Torres,margaret.torres@hotmail.com,+1-618-462-3292,1960-04-02,7486 Pine Rd,Columbus,OH,43085,US,Engineering,active,2024-04-22
61e561bb-ca79-bb30-6d70-881b52647c6f,Amanda,Taylor,amanda.taylor@outlook.com,+1-533-671-4267,1961-01-22,3523 Lake Dr,Jacksonville,FL,32099,US,HR,active,2024-02-08
f89c2ef6-f3b9-3ebe-7849-83ff97caeef5,David,Lee,david.lee@example.com,+1-247-899-7390,1992-05-09,7980 Cedar Ln,Indianapolis,IN,46201,US,HR,suspended,2024-10-13
ec7172e7-7028-eb2d-5e94-32d689b3889d,Patricia,Miller,patricia.miller@gmail.com,+1-491-213-8730,1972-05-19,2201 Oak Ave,Austin,TX,73301,US,Operations,inactive,2024-03-28
3ec72cca-7031-e2cd-1687-819b8fd48278,Barbara,Nguyen,barbara.nguyen@outlook.com,+1-535-686-9955,1968-12-20,4272 Pine Rd,Denver,CO,80201,US,Engineering,active,2024-02-28
72229838-c5cf-dce6-e7b4-dcd35c798b20,Brian,Rivera,brian.rivera@example.com,+1-965-319-4016,1998-04-13,5264 Lake Dr,Austin,TX,73301,US,Finance,inactive,2024-06-11
05ec647e-eec4-32d0-bf66-02259a86a2f5,Richard,Baker,richard.baker@example.com,+1-343-222-7730,1971-06-15,7002 Park Blvd,Dallas,TX,75201,US,Legal,active,2024-09-02
81140235-f5b4-aee1-0836-a865fee33607,Steven,White,steven.white@gmail.com,+1-534-909-9827,1979-08-12,8062 Pine Rd,Denver,CO,80201,US,Operations,active,2024-12-03
d8a712cb-8374-c273-cc70-755128815cd9,Andrew,Garcia,andrew.garcia@icloud.com,+1-289-687-8675,1983-11-08,9995 Cedar Ln,Houston,TX,77001,US,Marketing,inactive,2024-05-15
56fdc504-9341-dd73-a5d8-d5412e822ce6,Mark,Mitchell,mark.mitchell@yahoo.com,+1-664-640-8084,1963-04-11,352 Park Blvd,Austin,TX,73301,US,HR,active,2024-10-27
db06f072-4244-2fce-2686-d5c66d59ade7,Matthew,Johnson,matthew.johnson2@gmail.com,+1-428-698-6351,1974-06-17,8723 Lake Dr,San Diego,CA,92101,US,Finance,suspended,2024-06-23
06b6a5f4-19d4-5a55-2e7c-77b04ef8a787,Andrew,Martinez,andrew.martinez@yahoo.com,+1-746-716-1646,1969-03-31,2087 Elm St,Phoenix,AZ,85001,US,Marketing,active,2024-06-08
3ba4807e-4565-5d2d-fdb2-69e56c9dda26,Kevin,Wilson,kevin.wilson@yahoo.com,+1-422-890-6821,1967-04-29,448 Maple Dr,San Jose,CA,95101,US,Legal,active,2024-07-01
66308af8-7044-9b51-7262-4be80c994ec1,Mark,Mitchell,mark.mitchell@example.com,+1-403-310-7234,1977-01-23,9671 Oak Ave,San Antonio,TX,78201,US,Marketing,active,2024-09-19
7d3635b9-f0d1-701b-1ecf-cd8935aad597,George,King,george.king@gmail.com,+1-958-719-6871,1993-12-09,5192 Park Blvd,Philadelphia,PA,19101,US,Finance,active,2024-02-26
04221bf2-74fa-ebdd-f1e4-c27a1cab87e2,Steven,White,steven.white@hotmail.com,+1-207-489-7881,1982-10-27,6559 Oak Ave,Dallas,TX,75201,US,Operations,active,2024-05-27
a682c0fb-159e-9c9f-b382-c1aeffecc4eb,Robert,Ramirez,robert.ramirez@example.com,+1-859-929-7384,1970-04-15,7723 Main St,San Jose,CA,95101,US,HR,active,2024-01-05
b1f01f04-23e5-7b50-27df-c6e084c469b1,Jessica,Lopez,jessica.lopez@icloud.com,+1-681-880-1638,1965-09-27,1003 Cedar Ln,New York,NY,10001,US,HR,active,2024-10-14
cf35fdb9-bdf1-8708-26c0-df52f71de9c5,David,Clark,david.clark@yahoo.com,+1-884-285-6981,1983-04-06,1793 Maple Dr,Philadelphia,PA,19101,US,Engineering,inactive,2024-04-10
069ccc0a-c884-4f88-074a-588f5231d2a5,Betty,Green,betty.green@outlook.com,+1-539-129-8708,1987-11-24,561 Maple Dr,Dallas,TX,75201,US,Product,active,2024-09-13
59423395-03d3-01cf-19a1-2723287dff8e,Timothy,Hill,timothy.hill@example.com,+1-428-194-7879,1967-08-13,1087 Oak Ave,San Francisco,CA,94102,US,Legal,inactive,2024-07-28
79eb1797-4fb9-ef37-002f-4aeea308f1ea,Paul,Lewis,paul.lewis@yahoo.com,+1-680-363-3100,1996-04-22,5291 Elm St,Nashville,TN,37201,US,Marketing,inactive,2024-08-24
24812414-f139-dc4b-ce31-ce5c213b1241,Andrew,Gonzalez,andrew.gonzalez@yahoo.com,+1-430-775-2346,1983-02-02,1554 Park Blvd,San Diego,CA,92101,US,HR,suspended,2024-02-08
ab196705-764f-6842-f955-3aadb5e0bcbf,Joseph,Taylor,joseph.taylor@yahoo.com,+1-804-632-9468,1974-09-28,9457 Pine Rd,San Jose,CA,95101,US,Sales,active,2024-07-12
a1c2e70c-6291-53bf-ccbd-d15ee7f0916e,Kevin,Martinez,kevin.martinez@icloud.com,+1-249-913-4242,1993-07-20,2985 Main St,Los Angeles,CA,90001,US,Sales,active,2024-04-06
30104525-5809-f249-db90-f2327bdd41b3,Betty,Lee,betty.lee2@gmail.com,+1-843-990-7646,1981-07-26,7408 Cedar Ln,Denver,CO,80201,US,Legal,suspended,2024-05-18
565c978a-ec83-c4d7-83b5-ad03c4bd23eb,Mark,Davis,mark.davis@example.com,+1-545-290-5182,1989-05-27,5587 Lake Dr,Dallas,TX,75201,US,Legal,active,2024-11-28
a46d4b51-6d30-0e33-5d8c-4feac82e27a3,Lisa,Carter,lisa.carter@icloud.com,+1-226-656-3068,1962-10-31,1550 Cedar Ln,Dallas,TX,75201,US,Legal,active,2024-02-18
fbfbd9f9-8da4-f916-6fa8-736973db49d0,Amanda,Jackson,amanda.jackson@yahoo.com,+1-284-987-9269,1973-10-09,2992 Park Blvd,Jacksonville,FL,32099,US,Finance,active,2024-11-08
901919b7-26da-7a1c-c7a9-ff3099d6f609,Deborah,Johnson,deborah.johnson@yahoo.com,+1-743-637-1769,1983-07-30,8736 Elm St,Jacksonville,FL,32099,US,Finance,suspended,2024-03-12
39ec02ca-9e41-52f9-dbe3-8b89a2624fd2,David,Miller,david.miller@example.com,+1-969-833-3491,1988-06-24,8861 Park Blvd,Philadelphia,PA,19101,US,Finance,active,2024-01-13
22d8c08b-5269-6eeb-77cf-1eb679fee842,Charles,Harris,charles.harris@icloud.com,+1-938-407-1005,2000-02-03,1227 Pine Rd,Columbus,OH,43085,US,HR,active,2024-12-20
2906567d-d28b-829a-7b1e-5e1324cf8629,Joshua,Jones,joshua.jones@gmail.com,+1-982-926-4972,1966-04-17,6411 Maple Dr,Columbus,OH,43085,US,Product,inactive,2024-10-07
1f9bd2b4-66c4-ce9b-e483-f4f123f3e5c5,Jessica,Thompson,jessica.thompson@gmail.com,+1-943-857-3487,1972-05-22,3373 Lake Dr,San Diego,CA,92101,US,Sales,active,2024-06-01
9933ca27-a0e8-5f89-c58b-61611a44cb3b,Kenneth,Davis,kenneth.davis@icloud.com,+1-682-337-8180,1983-07-08,4896 Oak Ave,San Jose,CA,95101,US,Legal,active,2024-02-25
1ce2ec5b-4165-53a1-e420-3a34d685b08b,George,Perez,george.perez@outlook.com,+1-841-577-7978,1977-02-10,9585 Maple Dr,Los Angeles,CA,90001,US,Legal,active,2024-04-17
de8e7602-3dc5-59fc-5cd0-094cdd763717,Michael,Garcia,michael.garcia@example.com,+1-880-606-8085,1986-11-14,6909 Main St,Nashville,TN,37201,US,Marketing,active,2024-12-24
4051dbda-d617-82cb-aabf-1a086b6de0da,Sarah,Taylor,sarah.taylor@example.com,+1-565-185-1211,1974-10-01,1657 Lake Dr,San Francisco,CA,94102,US,Finance,suspended,2024-08-08
b5622984-d385-d453-c7ea-7fd1ff4f3808,Emily,Ramirez,emily.ramirez@example.com,+1-699-674-7157,1964-08-30,9939 Park Blvd,Dallas,TX,75201,US,Engineering,suspended,2024-02-19
5c56e3aa-3d15-d3ee-c397-83aef77b9742,Michelle,Miller,michelle.miller@icloud.com,+1-794-788-7911,1965-04-08,6452 Main St,Houston,TX,77001,US,Operations,inactive,2024-08-19
91225311-374e-5dff-0690-6169e8780458,Dorothy,Williams,dorothy.williams@hotmail.com,+1-385-124-6389,1990-01-05,1619 Pine Rd,Columbus,OH,43085,US,Product,active,2024-12-15
46d162d6-3faa-dfd6-f730-d07ef93c8285,Thomas,Thompson,thomas.thompson@example.com,+1-656-902-1783,1975-10-22,5317 Lake Dr,Jacksonville,FL,32099,US,HR,active,2024-04-18
c7ed8888-5939-dc71-c0d9-863f66bcf6f0,Deborah,Scott,deborah.scott@example.com,+1-376-964-9189,1993-03-23,1457 Elm St,Austin,TX,73301,US,Operations,suspended,2024-09-24
501bcf44-67f3-e4bf-a3b3-1be617269541,Joseph,Lee,joseph.lee@outlook.com,+1-836-609-4050,1992-05-20,6271 Cedar Ln,Houston,TX,77001,US,HR,inactive,2024-06-11
94f3ea1b-3096-0fbb-1c89-fe3c0413d049,Mark,White,mark.white@yahoo.com,+1-517-618-5853,1974-06-24,9174 Maple Dr,Philadelphia,PA,19101,US,Product,suspended,2024-12-03
436c3827-da2a-5b5f-6796-4bd9a9c6d4e3,Richard,Garcia,richard.garcia@gmail.com,+1-349-833-6573,1999-05-03,8730 Elm St,Nashville,TN,37201,US,Product,active,2024-07-04
714a0ae0-398e-1f36-ffdb-3a3852e6ef74,Melissa,Jackson,melissa.jackson@icloud.com,+1-241-351-9978,1963-09-08,2540 Pine Rd,Denver,CO,80201,US,Engineering,inactive,2024-04-27
25376857-3749-af64-cfc0-1fbca5dc733d,Brian,Anderson,brian.anderson@yahoo.com,+1-212-403-4992,1979-10-02,341 Lake Dr,San Diego,CA,92101,US,Legal,inactive,2024-09-18
a093ca68-664d-49fa-94b5-933984c11826,Andrew,Gonzalez,andrew.gonzalez@hotmail.com,+1-789-496-5284,1998-01-13,5964 Pine Rd,Philadelphia,PA,19101,US,Product,active,2024-06-08
d3d39ff9-dc25-55f1-5258-7a1a226e1ecb,Christopher,Wright,christopher.wright@outlook.com,+1-919-352-9819,1991-02-04,9486 Maple Dr,Chicago,IL,60601,US,Marketing,suspended,2024-12-16
b3bfbdab-b7b2-4f20-592c-fe25b858e203,Paul,Lee,paul.lee@gmail.com,+1-860-667-4669,1970-03-21,7624 Pine Rd,Nashville,TN,37201,US,Engineering,inactive,2024-10-15
8f1a5d4a-72ce-d11f-8f59-748b05a95733,Ashley,Nguyen,ashley.nguyen@hotmail.com,+1-865-158-6695,1967-09-08,7810 Maple Dr,Chicago,IL,60601,US,Marketing,active,2024-02-24
b4479e70-6e4a-e071-7da5-b64899056421,Sarah,Torres,sarah.torres@outlook.com,+1-982-236-7492,1992-01-04,3526 Lake Dr,New York,NY,10001,US,HR,suspended,2024-12-22
683a755e-f23e-9b0b-8209-5583e03f7c17,Karen,Perez,karen.perez2@yahoo.com,+1-347-884-9841,1995-10-25,9616 Elm St,Denver,CO,80201,US,Engineering,suspended,2024-01-23
1049f904-9d25-4dc4-122d-ef06fa33dca5,Timothy,Thompson,timothy.thompson@icloud.com,+1-742-523-3641,1994-09-30,3189 Cedar Ln,Houston,TX,77001,US,Sales,active,2024-01-21
92f1da69-674f-6635-f236-b2ee181af69a,Ashley,Campbell,ashley.campbell@gmail.com,+1-917-801-7347,1963-12-30,6678 Park Blvd,Austin,TX,73301,US,Legal,active,2024-06-06
7feb25e2-4083-ff8f-e10a-5f9f6e2c219a,Michael,Martin,michael.martin@outlook.com,+1-292-288-5268,1991-09-22,6577 Cedar Ln,Philadelphia,PA,19101,US,Finance,active,2024-11-21
9b2d43a3-e119-e331-0538-fbfd41fd1281,Jennifer,Perez,jennifer.perez@hotmail.com,+1-262-670-1969,1983-07-02,6114 Oak Ave,Houston,TX,77001,US,Sales,active,2024-09-01
9038ab45-916d-9a42-e7b7-95f9cccf4d37,James,Lee,james.lee@hotmail.com,+1-583-979-2136,1961-03-29,2825 Cedar Ln,San Jose,CA,95101,US,Legal,active,2024-09-07
e4353335-2d4b-2c13-92f0-ae835fc97e64,Daniel,Miller,daniel.miller@example.com,+1-651-823-3908,1986-11-25,8313 Maple Dr,Phoenix,AZ,85001,US,Legal,active,2024-10-02
97113545-2e2f-cae7-aedb-3046595b9abc,Paul,Davis,paul.davis@outlook.com,+1-730-271-2633,1964-10-31,8154 Cedar Ln,San Jose,CA,95101,US,Sales,suspended,2024-06-15
569db57e-10c2-38ba-8df1-363aab304184,Kevin,Scott,kevin.scott@hotmail.com,+1-452-474-3316,1965-03-21,3924 Lake Dr,Charlotte,NC,28201,US,Finance,inactive,2024-01-12
a9dbf628-1748-ba01-8514-7bc9d907ba3f,Patricia,Walker,patricia.walker@example.com,+1-870-428-9639,1964-06-06,9225 Park Blvd,Denver,CO,80201,US,Finance,active,2024-06-05
608775a5-6f65-4201-677c-25b06d234155,Mark,Carter,mark.carter@yahoo.com,+1-284-602-1390,1988-02-04,8049 Oak Ave,San Jose,CA,95101,US,Operations,suspended,2024-08-20
870d8661-0e1c-0d4d-b2eb-3819af1e0ecd,Matthew,Martin,matthew.martin@hotmail.com,+1-242-292-2461,1994-07-30,5032 Maple Dr,San Jose,CA,95101,US,Operations,active,2024-09-01
d2e106a4-0d6c-6599-89aa-e145f6d4f767,Patricia,Martin,patricia.martin@hotmail.com,+1-900-994-8107,1975-10-12,8330 Maple Dr,San Antonio,TX,78201,US,Operations,active,2024-04-04
34ecb64f-7eca-5b2d-341f-ab4ab6caf840,Sandra,Lopez,sandra.lopez2@yahoo.com,+1-784-755-1255,1963-04-10,742 Park Blvd,Austin,TX,73301,US,Finance,active,2024-05-01
eae6c3da-5f2d-38b8-3a76-9378d39a3c87,Jessica,Nelson,jessica.nelson@outlook.com,+1-611-145-3554,1977-06-28,2322 Cedar Ln,Philadelphia,PA,19101,US,HR,inactive,2024-11-19
45ca17af-e9ea-9d49-bc94-046ea7410d2c,Amanda,Green,amanda.green@outlook.com,+1-619-806-1167,1999-06-01,6814 Park Blvd,San Antonio,TX,78201,US,Product,active,2024-04-27
0ab35cb1-653d-6c17-b149-324ba064bc2a,Deborah,Young,deborah.young@outlook.com,+1-912-885-8358,1960-06-19,2112 Cedar Ln,Nashville,TN,37201,US,Marketing,active,2024-02-06
41a9edd3-bd76-bb2f-f189-6bad2ad88bca,Ashley,Jones,ashley.jones@yahoo.com,+1-897-832-7524,1974-09-07,4667 Pine Rd,Seattle,WA,98101,US,HR,suspended,2024-05-04
3366da87-7f7a-c78c-d8b1-3a9d8e041844,Timothy,Davis,timothy.davis@hotmail.com,+1-330-630-1584,1963-11-18,7684 Lake Dr,San Antonio,TX,78201,US,Marketing,active,2024-04-02
7027e1f1-5ef3-6d4d-9d85-aa726f9a544a,Matthew,Lopez,matthew.lopez@gmail.com,+1-956-246-8242,1970-11-04,9782 Main St,Chicago,IL,60601,US,Finance,active,2024-12-11
ebfdb100-4034-9202-f34e-5ba1dc07605e,John,Torres,john.torres@gmail.com,+1-379-458-8569,1975-04-24,3288 Main St,Phoenix,AZ,85001,US,Product,inactive,2024-03-10
b89f52d2-a873-7d14-55fc-cc1431c034f0,Steven,Jones,steven.jones@yahoo.com,+1-649-125-8217,1988-02-19,1137 Cedar Ln,Philadelphia,PA,19101,US,HR,suspended,2024-03-05
88c62a79-849e-bfa5-68f0-ca5d10ac72bd,Kimberly,Lee,kimberly.lee@gmail.com,+1-217-733-3783,1990-09-19,5271 Elm St,Houston,TX,77001,US,Engineering,active,2024-02-22
c4c93949-6334-fca6-d04f-0a710ef473a2,Joseph,Smith,joseph.smith@hotmail.com,+1-780-222-4678,1985-03-29,577 Oak Ave,New York,NY,10001,US,Engineering,inactive,2024-10-21
3cd7e0ea-bf81-7a17-e905-8f29731da6ec,Matthew,Jackson,matthew.jackson@example.com,+1-899-602-5096,1977-05-07,5655 Lake Dr,Nashville,TN,37201,US,Legal,active,2024-08-18
f7a58f8d-f689-c4c2-2ca2-6887bb2168c4,Nancy,Anderson,nancy.anderson@yahoo.com,+1-597-363-3626,1988-07-30,6031 Main St,San Jose,CA,95101,US,Product,active,2024-03-02
2001965b-66f8-9b87-fccc-1a7d3a1bba9c,Sandra,Clark,sandra.clark@example.com,+1-841-461-4409,1998-03-15,6649 Park Blvd,Seattle,WA,98101,US,Product,inactive,2024-12-15
2213cdad-661d-3354-aa55-e9af537574b0,Mark,Harris,mark.harris@hotmail.com,+1-940-642-4373,1975-02-25,4031 Cedar Ln,Jacksonville,FL,32099,US,Finance,suspended,2024-04-28
c393f806-dcc8-c801-8c57-3243769fce1a,George,Nelson,george.nelson@icloud.com,+1-618-483-6028,2000-05-21,3499 Park Blvd,Jacksonville,FL,32099,US,Sales,inactive,2024-02-18
56726735-3798-fc80-330c-84610d06d891,Michelle,Lewis,michelle.lewis@outlook.com,+1-764-260-7296,1978-06-27,8479 Park Blvd,Nashville,TN,37201,US,Sales,inactive,2024-01-23
90389f81-ae3d-c742-bef8-004bfbcf57d7,Susan,Harris,susan.harris@icloud.com,+1-987-259-7584,1972-04-05,9422 Cedar Ln,Philadelphia,PA,19101,US,Sales,inactive,2024-06-15
9cc15301-c36d-b2ec-eeda-69bc9c406cbe,Jessica,Mitchell,jessica.mitchell@yahoo.com,+1-743-852-1578,1974-03-08,1591 Oak Ave,Indianapolis,IN,46201,US,Marketing,active,2024-01-28
268de9f4-be5b-8a92-33f8-457c5b5073c7,Patricia,Perez,patricia.perez@gmail.com,+1-418-414-2081,2000-06-14,5947 Elm St,Austin,TX,73301,US,Legal,inactive,2024-06-23
e16c77ac-e69b-f25c-28e9-772b8fd7dced,Elizabeth,Jackson,elizabeth.jackson@outlook.com,+1-355-267-7802,1995-12-28,1941 Park Blvd,Houston,TX,77001,US,Sales,suspended,2024-09-21
e8c0563d-258a-9c6b-f205-da82a9f3531b,Donald,Hall,donald.hall@outlook.com,+1-655-199-1645,1965-01-31,2222 Park Blvd,San Diego,CA,92101,US,Legal,inactive,2024-08-06
72847156-2e8c-a6bf-9268-b5df95bb6e09,Deborah,Johnson,deborah.johnson@icloud.com,+1-220-603-6633,1979-10-12,5567 Oak Ave,Jacksonville,FL,32099,US,Operations,active,2024-03-05
ca7cd927-ef5e-0d74-fe2e-7c0f1c68a614,Donna,Martin,donna.martin@example.com,+1-884-301-6254,1966-09-15,4790 Oak Ave,Fort Worth,TX,76101,US,Operations,suspended,2024-08-01
836fad38-3128-6dc8-40b1-fb20d9ebb495,Donna,Nguyen,donna.nguyen@hotmail.com,+1-486-632-1384,1976-05-19,8022 Elm St,Philadelphia,PA,19101,US,Sales,active,2024-11-08
bfffd800-45d8-9da6-0a5b-4eb256679189,Brian,Martin,brian.martin@outlook.com,+1-977-772-8505,1979-06-03,1315 Elm St,Charlotte,NC,28201,US,Engineering,active,2024-10-01
6148ca39-7859-d906-e78f-980a331bc38a,Melissa,Torres,melissa.torres@gmail.com,+1-597-136-5428,1977-01-27,6147 Elm St,San Jose,CA,95101,US,Operations,suspended,2024-07-14
7d23fd9a-3162-1e95-8d68-f31742f76d43,Amanda,Perez,amanda.perez@yahoo.com,+1-488-373-2364,1992-04-04,7371 Oak Ave,Jacksonville,FL,32099,US,Operations,suspended,2024-02-01
276cf202-10a1-2a0b-5f96-600d2d56e616,William,Carter,william.carter@gmail.com,+1-785-920-4882,1963-05-04,1432 Oak Ave,San Diego,CA,92101,US,Engineering,active,2024-12-26
f81793a1-df10-c0ab-f734-7784a049d164,Lisa,Flores,lisa.flores@gmail.com,+1-671-746-6421,1986-02-20,1734 Oak Ave,Phoenix,AZ,85001,US,Engineering,active,2024-04-24
3baada26-af83-8c06-caa5-d22a6ed7149f,Jennifer,Lopez,jennifer.lopez@gmail.com,+1-415-151-2301,1960-03-03,6339 Elm St,Chicago,IL,60601,US,Finance,inactive,2024-04-23
9780fe9b-ad18-c723-bb47-d3a449be8766,Ashley,Hill,ashley.hill@example.com,+1-262-553-4029,1981-01-17,8317 Main St,Philadelphia,PA,19101,US,Marketing,active,2024-04-09
13664d76-c2fc-93d9-b3ef-29d71fbf23bb,Barbara,Wright,barbara.wright@icloud.com,+1-392-291-6265,1991-05-26,3731 Maple Dr,San Antonio,TX,78201,US,Product,suspended,2024-05-20
584220f1-d310-5f4f-403e-3ee26d30a1b9,Anthony,Allen,anthony.allen@example.com,+1-953-346-9692,1969-10-15,115 Pine Rd,San Jose,CA,95101,US,HR,active,2024-02-02
1477b569-6e1a-b11a-d155-0475c172494f,Robert,Young,robert.young@outlook.com,+1-890-882-8306,1987-10-21,197 Oak Ave,Los Angeles,CA,90001,US,Operations,suspended,2024-06-23
51ae2d48-d6f8-3aa7-ba26-6e87432f174f,Carol,Hill,carol.hill@example.com,+1-661-466-8871,1985-07-13,6070 Lake Dr,Chicago,IL,60601,US,HR,inactive,2024-06-18
68e438e0-5a57-5306-b0dc-80e80aee5a68,Melissa,Gonzalez,melissa.gonzalez@yahoo.com,+1-676-572-6314,1967-08-26,6607 Lake Dr,Denver,CO,80201,US,Legal,inactive,2024-03-05
5114ca97-c9cb-c148-23b1-d124df94a2f8,Melissa,Carter,melissa.carter@hotmail.com,+1-590-991-3447,1961-02-05,6545 Elm St,Columbus,OH,43085,US,Engineering,inactive,2024-11-06
265fd5c1-78e7-e190-642b-b07d043217e4,Barbara,Nguyen,barbara.nguyen@yahoo.com,+1-477-445-4240,1964-04-02,356 Lake Dr,San Antonio,TX,78201,US,Product,active,2024-05-27
6ecfaab4-7fc7-6f6a-b946-51309b58e20a,Kimberly,Moore,kimberly.moore2@yahoo.com,+1-645-972-3618,1981-10-28,7985 Main St,San Antonio,TX,78201,US,Operations,active,2024-02-11
7e85f617-f17e-993d-84cd-a1d23c32f2ee,Amanda,Walker,amanda.walker@icloud.com,+1-421-526-9036,1966-05-06,213 Pine Rd,San Jose,CA,95101,US,Sales,active,2024-11-10
482a68ff-8796-45b8-2122-32df995fa798,Carol,Flores,carol.flores@hotmail.com,+1-549-842-7117,1965-06-19,2100 Elm St,Nashville,TN,37201,US,Legal,active,2024-01-15
df331eb0-e8ff-561f-3bc2-9d89b0333c0d,Nancy,Clark,nancy.clark@yahoo.com,+1-520-749-8801,1974-08-19,4597 Elm St,San Antonio,TX,78201,US,Operations,active,2024-03-11
3fc4f4d0-d1d5-0a53-d035-dd193cad3401,Kenneth,Torres,kenneth.torres@yahoo.com,+1-700-676-8696,1987-05-03,318 Elm St,Denver,CO,80201,US,Marketing,inactive,2024-03-20
f2780c3b-e412-b716-e682-9d8f9a43fa95,Christopher,Garcia,christopher.garcia@icloud.com,+1-945-372-2096,1980-10-02,7365 Park Blvd,Indianapolis,IN,46201,US,Finance,active,2024-12-05
53c45254-00c8-18ba-a210-dd25392c5f42,Nancy,Roberts,nancy.roberts@gmail.com,+1-564-944-8906,1971-01-23,9206 Maple Dr,Indianapolis,IN,46201,US,HR,active,2024-08-11
bbc1686b-4bad-b973-1ed0-12439ae69d97,Joshua,Wright,joshua.wright@yahoo.com,+1-262-853-4193,1986-10-21,8578 Pine Rd,San Antonio,TX,78201,US,Finance,inactive,2024-07-23
a6d18c91-0760-d408-0678-fe134bcd6e4d,James,Martin,james.martin@outlook.com,+1-859-880-7904,1966-06-18,1290 Elm St,San Antonio,TX,78201,US,Legal,active,2024-08-21
efd8dfa9-1b95-2ae5-5068-01b9c22a899a,Matthew,Scott,matthew.scott@yahoo.com,+1-480-566-5521,1979-12-03,3241 Lake Dr,Nashville,TN,37201,US,HR,active,2024-10-05
5e6b1e56-7a23-5335-8d75-90385397ff39,Christopher,Johnson,christopher.johnson@gmail.com,+1-345-422-7144,1998-12-04,9014 Main St,Los Angeles,CA,90001,US,Product,active,2024-07-06
0a14e77e-918b-2860-c1a9-6b3b90cc44af,Christopher,Flores,christopher.flores@gmail.com,+1-723-157-3160,1974-07-14,8138 Oak Ave,San Jose,CA,95101,US,Marketing,active,2024-03-04
5b69a9a8-f8e9-ed27-5c3d-bae4c1315e84,Dorothy,Hernandez,dorothy.hernandez@example.com,+1-546-183-7760,1964-02-14,5630 Oak Ave,San Diego,CA,92101,US,Legal,inactive,2024-09-02
16e7bff3-d2a6-0853-8c50-1e6e27ad082f,Dorothy,Clark,dorothy.clark@example.com,+1-412-559-3606,1991-02-27,1889 Pine Rd,Fort Worth,TX,76101,US,Finance,active,2024-01-21
7a8ba3cf-39bb-ab8a-b281-738ed7c7d8e6,Carol,Scott,carol.scott@gmail.com,+1-243-143-4588,1988-11-02,3812 Maple Dr,Los Angeles,CA,90001,US,Sales,suspended,2024-06-11
7e029b3f-4a25-cec8-c3fa-363d829f8b39,Matthew,Carter,matthew.carter@example.com,+1-224-785-7798,1960-11-11,9012 Oak Ave,Fort Worth,TX,76101,US,Engineering,active,2024-10-02
94e2a33d-14a3-ffe6-b3aa-c0605971116a,Susan,Anderson,susan.anderson@icloud.com,+1-576-621-3689,1960-04-27,6508 Cedar Ln,Indianapolis,IN,46201,US,Sales,suspended,2024-01-21
28eccd72-636f-7abf-82c9-01df5fd229bc,Melissa,Flores,melissa.flores@outlook.com,+1-406-872-5198,1984-12-13,5481 Cedar Ln,Dallas,TX,75201,US,Operations,active,2024-07-04
abfe1fb5-a6c2-b716-f7bd-77509a7650dd,Michelle,Jackson,michelle.jackson@hotmail.com,+1-724-888-7646,1979-12-26,3353 Maple Dr,New York,NY,10001,US,Marketing,active,2024-07-26
4c71b0d5-bf4d-493d-bc57-003e91f91586,Michael,Mitchell,michael.mitchell2@yahoo.com,+1-906-790-4511,1994-01-29,9720 Pine Rd,San Antonio,TX,78201,US,Operations,inactive,2024-01-21
032a0c06-4f55-b58e-0618-93ec82d768c6,Kenneth,Anderson,kenneth.anderson@icloud.com,+1-421-949-3964,1969-09-22,5472 Cedar Ln,Dallas,TX,75201,US,Legal,inactive,2024-12-11
490c3442-98c3-fa3d-8f92-8bca7aecc953,Sandra,Sanchez,sandra.sanchez@icloud.com,+1-883-977-5071,1982-01-20,1273 Oak Ave,Philadelphia,PA,19101,US,Engineering,active,2024-10-02
f611c0ec-916f-b778-ba8f-3e6c61a4cd19,James,Moore,james.moore@gmail.com,+1-363-199-1877,1979-12-18,6031 Cedar Ln,San Jose,CA,95101,US,Finance,inactive,2024-12-12
1ebd55b6-e605-84a2-08f5-48e7c53bcc3a,Robert,Moore,robert.moore@hotmail.com,+1-509-245-5304,1973-05-05,7487 Cedar Ln,New York,NY,10001,US,Marketing,active,2024-08-06
b1e62f11-946c-4404-e2ed-bb63deaaacaa,James,Davis,james.davis@gmail.com,+1-770-379-5424,1980-06-02,370 Lake Dr,San Diego,CA,92101,US,Marketing,active,2024-04-03
7738381c-d498-736f-6eb7-808b7f572473,Betty,Baker,betty.baker@hotmail.com,+1-622-279-1217,1961-08-31,9450 Main St,New York,NY,10001,US,Marketing,active,2024-12-10
df3ad6e8-f693-9800-459f-5497abd68d74,George,Walker,george.walker@yahoo.com,+1-392-340-8339,1961-02-03,32 Main St,Dallas,TX,75201,US,Product,suspended,2024-12-16
5e072fb2-9919-be91-16a2-6e585d316263,Joseph,Rivera,joseph.rivera2@example.com,+1-667-940-8741,1972-11-07,8923 Maple Dr,Los Angeles,CA,90001,US,Operations,active,2024-12-18
5f429866-66db-005e-9488-c2852c88d257,Paul,Martinez,paul.martinez@outlook.com,+1-678-455-5791,1978-04-04,2419 Lake Dr,Jacksonville,FL,32099,US,Product,active,2024-07-03
c0f2b34e-7365-949b-7770-28e6a53d2350,Joshua,Taylor,joshua.taylor@yahoo.com,+1-752-982-3691,1976-02-02,701 Elm St,Austin,TX,73301,US,Sales,suspended,2024-06-18
34b0258b-cad2-b7c2-d0f6-4c6dfa2bdff7,Kenneth,Mitchell,kenneth.mitchell@yahoo.com,+1-909-505-2339,1966-04-04,6865 Oak Ave,Denver,CO,80201,US,Engineering,suspended,2024-02-19
c9a84bdd-b5b2-5ed1-af1b-53163a0e681b,James,Taylor,james.taylor@icloud.com,+1-542-600-2915,1993-03-07,5333 Elm St,Philadelphia,PA,19101,US,Product,suspended,2024-11-27
fcea545a-c066-98e4-b013-b8e468729600,Betty,Anderson,betty.anderson@icloud.com,+1-308-331-8432,1993-08-20,2552 Cedar Ln,Jacksonville,FL,32099,US,Engineering,suspended,2024-02-16
d34266c9-4d88-136e-67f7-78dec17c2577,Barbara,Jones,barbara.jones@example.com,+1-414-654-2582,1970-11-06,3130 Main St,San Jose,CA,95101,US,Engineering,active,2024-05-04
1e73b307-f375-90d3-73dd-8d3140e10b51,Susan,Lopez,susan.lopez@example.com,+1-632-466-7602,1963-01-03,174 Pine Rd,Chicago,IL,60601,US,Operations,inactive,2024-06-07
0ab84fe2-97e4-e173-9d63-bda6a29dc073,Karen,Ramirez,karen.ramirez@icloud.com,+1-895-603-1516,1981-06-17,8192 Elm St,Denver,CO,80201,US,Operations,active,2024-05-23
e171582b-9ec7-8199-964d-ce39b047824a,Donald,Harris,donald.harris@icloud.com,+1-559-801-9033,1978-12-17,448 Park Blvd,Houston,TX,77001,US,Engineering,inactive,2024-02-16
a19ccc9a-b732-1e2b-d4a4-2bf0b96a5305,Thomas,Wright,thomas.wright@gmail.com,+1-296-565-7223,1971-01-03,5528 Cedar Ln,Chicago,IL,60601,US,Legal,active,2024-06-10
02a29fcc-184e-e3db-691d-8bea9d1c92f0,Kimberly,Roberts,kimberly.roberts@example.com,+1-900-231-1462,1969-09-18,8296 Lake Dr,Charlotte,NC,28201,US,Marketing,suspended,2024-03-15
b96dc079-a759-08f0-8921-349feccb853b,Sarah,Hall,sarah.hall@icloud.com,+1-249-359-2927,1995-12-11,8467 Lake Dr,Fort Worth,TX,76101,US,Sales,inactive,2024-05-28
27a0b911-afd2-9b72-1c13-a1e76d3e4848,David,Williams,david.williams@outlook.com,+1-278-303-8899,1974-11-12,7967 Cedar Ln,Nashville,TN,37201,US,Engineering,inactive,2024-12-26
dd95b4d7-570e-dab2-3932-3a072ec3f8e0,Michelle,Lopez,michelle.lopez@hotmail.com,+1-899-697-9083,1973-07-23,3748 Lake Dr,Los Angeles,CA,90001,US,Marketing,active,2024-03-05
cb59b151-5dde-7466-7f03-66ef702724eb,William,Mitchell,william.mitchell@icloud.com,+1-915-540-1336,1961-01-22,8605 Elm St,Denver,CO,80201,US,Marketing,inactive,2024-08-02
e0b641d0-4345-429c-1655-8df410af54cc,Sarah,Ramirez,sarah.ramirez2@icloud.com,+1-880-466-8776,1963-01-01,6576 Cedar Ln,Columbus,OH,43085,US,Sales,active,2024-01-06
5f91b1af-8bc1-5738-ff1b-f6a0a8ecb6a1,Jennifer,Torres,jennifer.torres@yahoo.com,+1-770-369-8829,1980-01-04,1095 Maple Dr,San Antonio,TX,78201,US,Product,active,2024-09-02
02dd95c2-6405-8e04-b393-cb2dbf23f095,Joseph,Gonzalez,joseph.gonzalez@yahoo.com,+1-580-161-9359,1965-12-22,200 Oak Ave,San Jose,CA,95101,US,HR,suspended,2024-09-01
304c7b39-36ab-eff0-cd1d-19da7afac8ce,Karen,Rodriguez,karen.rodriguez@outlook.com,+1-879-586-8836,1998-08-08,7844 Cedar Ln,San Diego,CA,92101,US,Marketing,active,2024-07-18
8286b3c8-db9b-c56e-2080-293caac5e8a3,Kenneth,Green,kenneth.green@icloud.com,+1-348-981-2114,1966-07-21,7827 Oak Ave,Chicago,IL,60601,US,Sales,active,2024-11-25
c09b61e4-0f46-bb11-6809-4564433121ff,Anthony,Green,anthony.green@outlook.com,+1-642-143-6250,1997-02-20,6466 Main St,San Diego,CA,92101,US,Finance,active,2024-07-15
8271b0d0-ca5c-159e-f30b-15eb9d69cf34,Joshua,Anderson,joshua.anderson@example.com,+1-616-761-3576,1981-07-02,3955 Pine Rd,Phoenix,AZ,85001,US,Legal,active,2024-07-20
2543ab1a-c6ec-9e60-e443-3474b4586ea4,Mary,Clark,mary.clark@gmail.com,+1-991-756-1654,1963-10-22,6055 Pine Rd,Seattle,WA,98101,US,Product,active,2024-08-21
f2d0a15c-dafa-1c94-4ee2-6290eb59003a,Lisa,Martin,lisa.martin@icloud.com,+1-681-623-8991,1974-09-03,6326 Maple Dr,Nashville,TN,37201,US,Legal,active,2024-02-23
a10e1931-4068-6515-101c-778ca1a131b4,Ashley,Perez,ashley.perez@icloud.com,+1-474-377-5734,1987-08-25,9740 Cedar Ln,San Francisco,CA,94102,US,Operations,active,2024-04-19
695aa2da-ad14-e5bf-8486-22e355c275e2,Richard,Thompson,richard.thompson@outlook.com,+1-485-370-7944,1997-01-14,3086 Maple Dr,San Antonio,TX,78201,US,HR,active,2024-11-22
94ed8114-7672-e14b-cc4b-bc6f3457c8d7,Nancy,Rivera,nancy.rivera@icloud.com,+1-732-277-2920,1974-05-28,4776 Cedar Ln,Seattle,WA,98101,US,Finance,suspended,2024-11-27
b7900752-7bfd-ec74-6441-e11e3ee1db8e,Lisa,Lopez,lisa.lopez@example.com,+1-477-681-8521,1976-10-26,8805 Elm St,Indianapolis,IN,46201,US,Sales,active,2024-10-03
cfdea771-305d-9749-1109-2f7a00d61c63,Thomas,Davis,thomas.davis@hotmail.com,+1-460-606-8450,1977-08-19,9022 Pine Rd,Seattle,WA,98101,US,Product,active,2024-05-02
502a12a5-630a-e016-6fea-84f579f34373,Margaret,Green,margaret.green@hotmail.com,+1-322-243-3967,1964-11-05,2014 Elm St,Nashville,TN,37201,US,Engineering,active,2024-02-09
be36c36d-ecfd-ceed-188c-49b2c8abbf0d,Michael,Scott,michael.scott@icloud.com,+1-903-533-4356,1965-09-18,655 Main St,Dallas,TX,75201,US,Engineering,active,2024-06-20
9a898be7-9e49-b057-386e-995d3b014893,George,Moore,george.moore@outlook.com,+1-784-869-5370,1970-10-18,9055 Elm St,Columbus,OH,43085,US,Finance,active,2024-01-18
34010fe9-621e-1d14-d33b-05e6f765f8a0,Emily,Lee,emily.lee@yahoo.com,+1-754-731-1285,1996-02-21,2628 Oak Ave,Philadelphia,PA,19101,US,HR,inactive,2024-02-04
2c6d523b-e452-9643-2a67-8ce39c0f37d5,Jessica,Clark,jessica.clark@yahoo.com,+1-425-386-2759,1980-08-11,52 Cedar Ln,San Diego,CA,92101,US,HR,inactive,2024-10-28
6895b96f-14fd-c3a7-d8e7-7ca219b1a043,Joshua,Harris,joshua.harris@hotmail.com,+1-929-554-8250,1970-06-01,2464 Park Blvd,San Antonio,TX,78201,US,Product,active,2024-09-25
57a03c17-8620-a10a-e009-9d7aca226c56,Sarah,Wilson,sarah.wilson@example.com,+1-529-121-9176,1979-08-03,8316 Park Blvd,Indianapolis,IN,46201,US,Legal,suspended,2024-04-12
2b1b0f52-60ae-9b09-aeeb-5608b2ed003d,Barbara,Rivera,barbara.rivera@gmail.com,+1-613-312-4570,1997-07-17,5149 Elm St,Nashville,TN,37201,US,Product,active,2024-04-23
afbdf369-0636-f35e-f5ed-7ddf783f1cd0,Charles,Anderson,charles.anderson@hotmail.com,+1-776-349-2059,1999-05-16,7410 Main St,Nashville,TN,37201,US,Product,suspended,2024-06-12
16e6e8fc-6c94-4bca-e8c0-8c027200fc98,Matthew,Johnson,matthew.johnson@hotmail.com,+1-647-361-6705,1992-06-25,3745 Pine Rd,Columbus,OH,43085,US,Operations,active,2024-08-06
d88d11dd-321a-3244-cf65-79ec87eb754a,David,Anderson,david.anderson@icloud.com,+1-237-490-6973,1986-11-15,787 Cedar Ln,San Francisco,CA,94102,US,Marketing,active,2024-02-20
73fe6a93-4151-344e-ee98-36b78677098c,Brian,Scott,brian.scott@gmail.com,+1-352-400-3320,1963-07-22,7142 Pine Rd,Dallas,TX,75201,US,Sales,active,2024-07-10
929681b0-0d59-79bf-9ef6-3a80179f1235,David,King,david.king@gmail.com,+1-870-901-3882,1999-02-08,4723 Lake Dr,San Diego,CA,92101,US,Product,active,2024-04-01
d139e6d8-44e0-1371-19fc-9448c5d899df,Richard,Hill,richard.hill@example.com,+1-383-646-3033,1963-01-08,7579 Elm St,Chicago,IL,60601,US,Sales,active,2024-09-06
054dc5a9-d034-ce89-8364-156045b7e83c,Jessica,Smith,jessica.smith@outlook.com,+1-712-616-1931,1994-05-17,6453 Maple Dr,Philadelphia,PA,19101,US,Sales,active,2024-08-05
3eec05dc-7660-302f-477e-b375c87d01c2,William,Thomas,william.thomas@icloud.com,+1-665-279-2800,1985-09-28,4067 Maple Dr,Jacksonville,FL,32099,US,Engineering,active,2024-07-05
651fd429-c117-1668-ad72-4e2e7d6dca57,James,Jackson,james.jackson@hotmail.com,+1-763-654-7617,1995-11-01,8603 Lake Dr,San Francisco,CA,94102,US,Operations,suspended,2024-10-23
7fee16c1-dba1-17ce-80ce-9afc2ab9aa52,Melissa,Sanchez,melissa.sanchez@outlook.com,+1-329-924-1596,1978-04-15,3390 Oak Ave,San Francisco,CA,94102,US,Operations,active,2024-02-20
32de3097-7cba-8dea-5086-0861061cba48,Anthony,Harris,anthony.harris@hotmail.com,+1-968-116-4531,1976-10-04,7136 Maple Dr,San Jose,CA,95101,US,Legal,suspended,2024-12-05
e75680bb-3a21-5b51-e687-6705043159ef,Michelle,Martin,michelle.martin@hotmail.com,+1-649-358-8975,1966-05-20,6542 Lake Dr,San Diego,CA,92101,US,Legal,active,2024-04-15
19edcdbc-ec39-212e-a3d8-89fae5a456d8,William,Clark,william.clark@gmail.com,+1-502-483-1870,1966-07-12,5744 Lake Dr,San Diego,CA,92101,US,Product,inactive,2024-02-20
de5e78e5-fb3a-3e15-ef19-20da0a5fcede,Charles,Thompson,charles.thompson@icloud.com,+1-690-169-6775,1981-05-26,5431 Cedar Ln,Seattle,WA,98101,US,HR,suspended,2024-03-01
37fc511b-826f-081a-0651-a8970f54c086,Michael,Martinez,michael.martinez@example.com,+1-845-633-7082,1972-02-04,396 Lake Dr,Seattle,WA,98101,US,Product,active,2024-10-15
95eb44d9-8459-f302-cd1d-036e0d08da99,Daniel,Flores,daniel.flores@outlook.com,+1-326-548-8987,1976-07-03,7101 Main St,San Jose,CA,95101,US,Marketing,active,2024-07-11
3242f61c-ea3d-19b2-c319-8f412467f4a3,Kevin,Rivera,kevin.rivera@hotmail.com,+1-295-731-7289,1966-06-16,4519 Park Blvd,Dallas,TX,75201,US,Finance,active,2024-01-10
d36fa1c9-ccaa-2cd3-6ae7-1db33193fb1c,James,Rodriguez,james.rodriguez@yahoo.com,+1-355-537-9962,1985-07-15,9310 Pine Rd,Columbus,OH,43085,US,Finance,active,2024-02-06
ea463911-77e2-f124-3816-92f510eb36b1,John,Taylor,john.taylor@example.com,+1-369-788-9085,1995-04-21,1872 Oak Ave,Indianapolis,IN,46201,US,Legal,active,2024-10-24
d07b3c55-e6bd-4bbc-e3a0-aa3c8c44d60f,Nancy,Walker,nancy.walker@outlook.com,+1-959-438-6349,1985-01-20,8630 Maple Dr,Denver,CO,80201,US,HR,suspended,2024-04-08
7fb63b12-4cf2-1624-8243-0329f09fe936,Mary,Ramirez,mary.ramirez@hotmail.com,+1-941-514-1840,1974-09-20,9695 Pine Rd,Dallas,TX,75201,US,HR,active,2024-03-18
b2879bdd-193d-ab13-ed11-b850273beecb,Joseph,Anderson,joseph.anderson@yahoo.com,+1-755-617-6947,2000-08-08,6761 Park Blvd,Charlotte,NC,28201,US,Product,suspended,2024-06-10
10fa62fc-a9b2-a838-edac-4484f2d058ca,Jennifer,Thomas,jennifer.thomas@yahoo.com,+1-993-421-1932,1981-08-01,7138 Park Blvd,Nashville,TN,37201,US,Product,active,2024-07-16
ff6fb946-e10d-1490-7c8c-92673c55ad3a,Mary,Perez,mary.perez2@outlook.com,+1-703-505-4506,1973-10-25,6641 Park Blvd,Houston,TX,77001,US,Finance,active,2024-04-20
1537846c-da6b-391d-6079-165797ec147d,David,Perez,david.perez@yahoo.com,+1-303-184-2348,1974-09-03,140 Maple Dr,Nashville,TN,37201,US,Product,inactive,2024-02-26
222bf62a-085e-0518-2d75-6dd378a118df,Brian,Adams,brian.adams@yahoo.com,+1-498-963-7009,1960-02-04,5854 Oak Ave,Los Angeles,CA,90001,US,Engineering,active,2024-05-11
ec2c4f79-d249-38d2-000d-f7649d46ea9a,Michael,Williams,michael.williams@icloud.com,+1-396-908-3784,1961-10-09,6404 Lake Dr,Chicago,IL,60601,US,Marketing,active,2024-10-10
9b2dceee-765b-b069-10a0-12b2237c56bb,Donna,King,donna.king@gmail.com,+1-466-261-9435,1972-10-04,1575 Lake Dr,Nashville,TN,37201,US,Finance,active,2024-01-13
8245b08f-f3a2-e957-5bd7-2a7c73d79809,Lisa,Nelson,lisa.nelson@yahoo.com,+1-513-400-7571,1996-05-06,6849 Cedar Ln,Indianapolis,IN,46201,US,HR,active,2024-04-08
e0094827-9672-663f-0f0a-1d5b14570a44,Sandra,Martinez,sandra.martinez@example.com,+1-320-251-2764,1961-08-25,7356 Maple Dr,Phoenix,AZ,85001,US,Sales,active,2024-05-25
68edeed7-6f72-1a94-7b49-ecf3b7f8d284,Lisa,Hall,lisa.hall@outlook.com,+1-325-759-5956,1970-09-24,3437 Lake Dr,Denver,CO,80201,US,Engineering,active,2024-03-13
408eff3d-cdba-8621-da62-a307d753ba99,Richard,Thompson,richard.thompson@gmail.com,+1-598-291-9152,1961-05-29,7595 Park Blvd,Los Angeles,CA,90001,US,Operations,inactive,2024-03-27
c0633a98-ea5d-c3de-f543-c14d5095f881,Christopher,Mitchell,christopher.mitchell@example.com,+1-780-988-4014,1989-07-14,122 Maple Dr,Columbus,OH,43085,US,HR,inactive,2024-02-16
f5020e2a-7ecf-c226-9a9a-9f1b8345d6d3,Lisa,Martinez,lisa.martinez@gmail.com,+1-484-307-3957,1970-10-07,6847 Main St,Phoenix,AZ,85001,US,Engineering,active,2024-12-11
f82258a7-d306-e664-c585-7b6b7b98ac6e,Donna,White,donna.white@outlook.com,+1-713-306-4458,1964-09-09,2422 Elm St,New York,NY,10001,US,HR,suspended,2024-07-17
ccdf1d3e-bb34-94d1-f327-33efc50bd5b9,Emily,Flores,emily.flores@icloud.com,+1-240-565-9964,1979-07-06,4755 Lake Dr,San Antonio,TX,78201,US,Engineering,active,2024-06-01
edd61dd7-6ad0-9369-e0d3-f7c1d45d91e1,Anthony,Nguyen,anthony.nguyen@example.com,+1-674-723-4783,1981-04-14,5164 Cedar Ln,Chicago,IL,60601,US,Legal,active,2024-05-21
87dec2ea-0118-d2a5-43ef-054265126fe3,John,Anderson,john.anderson@example.com,+1-434-141-4633,1971-05-26,7361 Cedar Ln,Denver,CO,80201,US,Product,active,2024-07-02
f3dd69d1-de59-0698-8072-cee2042f14df,Robert,Moore,robert.moore@icloud.com,+1-950-913-6016,1978-09-11,9835 Main St,Seattle,WA,98101,US,Legal,suspended,2024-04-18
63973de4-fd41-4341-ecf6-08263c1e0ac4,Kevin,Scott,kevin.scott@outlook.com,+1-774-843-6383,1998-05-13,2904 Cedar Ln,Houston,TX,77001,US,Engineering,inactive,2024-02-11
bb23e712-bfd9-5996-ee5b-6379213fa67b,Michelle,Thomas,michelle.thomas@hotmail.com,+1-464-273-5789,1964-06-17,4213 Park Blvd,New York,NY,10001,US,Sales,inactive,2024-04-24
8c76560f-b109-e971-8ad5-7402ff75659e,David,White,david.white@gmail.com,+1-854-170-2248,1973-11-18,2549 Oak Ave,San Jose,CA,95101,US,Engineering,active,2024-02-25
1f16a10e-5668-5b02-7387-d896c3d08178,Deborah,Carter,deborah.carter@outlook.com,+1-712-884-9758,1965-01-31,7624 Oak Ave,Philadelphia,PA,19101,US,Legal,suspended,2024-05-26
8b991282-3075-f9af-ce7d-765b634c25ea,Jennifer,Thompson,jennifer.thompson@gmail.com,+1-456-842-1298,1967-11-30,1416 Oak Ave,Jacksonville,FL,32099,US,Sales,active,2024-06-06
a1ae96a0-c1df-5a89-ecba-0cb1fdb99dc1,Dorothy,Hall,dorothy.hall@icloud.com,+1-559-130-6573,1981-06-21,6378 Park Blvd,San Antonio,TX,78201,US,Marketing,suspended,2024-07-07
1120653d-b285-d65b-bf6b-8493961b53af,David,Gonzalez,david.gonzalez@icloud.com,+1-962-332-9099,1994-09-11,9134 Lake Dr,Indianapolis,IN,46201,US,Product,active,2024-11-12
04621030-5afc-e6a6-9229-13f100f3e866,Richard,Williams,richard.williams@gmail.com,+1-880-481-6549,1968-06-08,6809 Main St,Charlotte,NC,28201,US,Operations,inactive,2024-02-05
7932b233-22c1-d7a1-97c7-58391dd28b24,Michael,Hill,michael.hill@icloud.com,+1-706-666-6582,1994-05-14,1963 Main St,Seattle,WA,98101,US,Operations,active,2024-05-18
f6cdd0d1-aa31-e22b-4cda-3e1cf0657d73,Margaret,Jackson,margaret.jackson@gmail.com,+1-340-812-5231,1962-06-18,6220 Maple Dr,Houston,TX,77001,US,HR,active,2024-07-03
05d1c7ad-6828-b0b7-4cc1-032dbd16c038,Dorothy,White,dorothy.white@gmail.com,+1-226-391-6369,1973-10-31,3028 Oak Ave,Indianapolis,IN,46201,US,Sales,suspended,2024-10-20
e36ebb7f-517c-e082-5572-f1b3c49b9178,Michael,White,michael.white@gmail.com,+1-326-287-4478,1971-11-07,9540 Oak Ave,Houston,TX,77001,US,Finance,active,2024-05-10
93cdfce8-ef69-e085-8c87-1a3ab67af865,Timothy,Scott,timothy.scott@icloud.com,+1-907-659-5869,1996-05-27,9050 Pine Rd,Chicago,IL,60601,US,Marketing,inactive,2024-01-10
11997084-230b-5490-0d53-6045bdb85b97,Anthony,Garcia,anthony.garcia@example.com,+1-296-702-1065,1972-01-26,1751 Lake Dr,Austin,TX,73301,US,Engineering,inactive,2024-06-13
cb4a9aa4-e520-53b6-8faa-2da8f08d5f51,Paul,Miller,paul.miller@outlook.com,+1-453-183-6473,1986-07-03,2759 Maple Dr,Philadelphia,PA,19101,US,Marketing,active,2024-08-07
aeb4eb8e-dd23-a782-d27a-1a33f5110f36,George,Rivera,george.rivera@yahoo.com,+1-721-344-7683,1993-02-05,87 Pine Rd,Philadelphia,PA,19101,US,Finance,inactive,2024-09-08
871caa58-d334-dce9-3145-d4c56370e0f7,Patricia,Ramirez,patricia.ramirez@yahoo.com,+1-499-452-3231,1989-11-30,6628 Park Blvd,Nashville,TN,37201,US,HR,active,2024-04-20
fa5223bb-005f-3337-7f67-c68a9af20d53,Linda,Rivera,linda.rivera@hotmail.com,+1-317-515-4132,1989-01-30,4145 Maple Dr,Dallas,TX,75201,US,Sales,suspended,2024-02-22
0beba1de-beb0-7722-3fff-bc75ff866deb,Jessica,Rodriguez,jessica.rodriguez@example.com,+1-948-173-7467,1970-05-10,2179 Cedar Ln,Los Angeles,CA,90001,US,HR,active,2024-10-01
1b61508e-69d1-b037-0385-c534b23bbe88,Michelle,Wilson,michelle.wilson@example.com,+1-549-311-8324,1997-03-25,2366 Maple Dr,Houston,TX,77001,US,Marketing,active,2024-06-14
a292bd6c-db95-e988-3398-b604a9c2371e,Matthew,Nelson,matthew.nelson@icloud.com,+1-349-311-7376,1979-11-21,5787 Cedar Ln,Dallas,TX,75201,US,Finance,inactive,2024-08-09
c8096083-0fb8-3639-289a-580f76ad57f1,Margaret,Brown,margaret.brown@outlook.com,+1-261-866-8516,1979-06-09,8590 Pine Rd,New York,NY,10001,US,Finance,inactive,2024-02-10
c923527f-7925-dc65-0386-4649c4e0b1c7,Barbara,Jackson,barbara.jackson@outlook.com,+1-980-642-2069,1979-02-12,9609 Lake Dr,Philadelphia,PA,19101,US,Operations,active,2024-11-08
45071807-63fe-0717-f6a8-78cc7a11df76,Mark,Gonzalez,mark.gonzalez@example.com,+1-364-591-4613,1997-08-27,7179 Maple Dr,Dallas,TX,75201,US,Engineering,active,2024-11-16
44866697-1c1d-73b3-250a-8bc0ef19117f,Matthew,Anderson,matthew.anderson@icloud.com,+1-938-479-9552,1988-10-16,4175 Oak Ave,San Francisco,CA,94102,US,HR,suspended,2024-05-24
48667469-e616-2980-3dc0-f8cf1b6c2937,Betty,Johnson,betty.johnson@gmail.com,+1-458-929-5002,1999-09-09,9109 Maple Dr,Denver,CO,80201,US,Legal,suspended,2024-01-05
7b2413e8-005f-b765-575f-310891653dbc,Mary,Lee,mary.lee@example.com,+1-398-291-2777,1978-10-29,5020 Park Blvd,Seattle,WA,98101,US,HR,active,2024-10-07
6142894a-1899-598d-5b5c-fadf9063bf18,Kenneth,Sanchez,kenneth.sanchez@example.com,+1-683-739-4215,1985-05-09,4013 Elm St,Nashville,TN,37201,US,Engineering,active,2024-06-16
8ffbc222-f51e-d666-6e4a-6daa3a4287f3,Timothy,Thomas,timothy.thomas@icloud.com,+1-216-806-2249,1982-02-13,1691 Maple Dr,Austin,TX,73301,US,Finance,inactive,2024-01-07
8c6ef4cd-f9d6-5e8e-fd61-de15ae53719c,Sandra,Clark,sandra.clark@icloud.com,+1-651-835-3223,1964-08-08,3617 Cedar Ln,Chicago,IL,60601,US,Finance,active,2024-02-02
96b0356c-a49c-e87c-47c9-021ffdc6dba9,Thomas,Smith,thomas.smith@icloud.com,+1-660-314-2531,1965-05-24,5584 Cedar Ln,Columbus,OH,43085,US,Marketing,active,2024-05-26
8a83e68d-46ee-d033-b062-166c79dbf3f9,Joshua,Wright,joshua.wright@example.com,+1-371-773-1104,1961-12-24,8021 Cedar Ln,San Diego,CA,92101,US,Product,active,2024-02-03
59555d44-b245-e656-6d56-ccd8000616d1,Steven,Nguyen,steven.nguyen@yahoo.com,+1-565-871-8411,1972-06-15,9115 Maple Dr,Denver,CO,80201,US,Engineering,active,2024-11-19
bccb296d-3bf5-d00a-282e-25e3d2832c0d,Mary,Nelson,mary.nelson@outlook.com,+1-246-850-3939,1967-09-20,3209 Cedar Ln,San Antonio,TX,78201,US,Finance,active,2024-05-15
b9ca5928-1e2d-22f6-080f-c9b3226f93e7,Patricia,Nelson,patricia.nelson@hotmail.com,+1-941-309-7007,1987-10-01,4909 Park Blvd,San Diego,CA,92101,US,Sales,active,2024-03-16
d7c8ccb8-af37-6fbe-2cd3-13178874a1c5,Matthew,Smith,matthew.smith@yahoo.com,+1-630-211-2389,1961-07-29,2582 Cedar Ln,Jacksonville,FL,32099,US,Marketing,active,2024-07-04
8e144e1f-b6b6-815c-852f-e1b1b6b4d8e7,Margaret,Anderson,margaret.anderson@example.com,+1-893-643-6407,1971-12-09,7423 Maple Dr,Philadelphia,PA,19101,US,Finance,inactive,2024-07-06
bbc10bbe-ed1c-4d70-36d2-58239b354089,Donna,Lewis,donna.lewis@outlook.com,+1-990-955-1328,1971-09-03,3216 Park Blvd,Austin,TX,73301,US,HR,inactive,2024-09-15
b344dde4-bcac-4426-3ad0-190f0dc55340,Jennifer,Nguyen,jennifer.nguyen@gmail.com,+1-746-977-2854,2000-05-29,9177 Lake Dr,Phoenix,AZ,85001,US,Product,suspended,2024-12-24
205d8635-cc87-858c-3b57-45dfe0345e68,William,Brown,william.brown@icloud.com,+1-446-151-9329,1984-03-06,9944 Oak Ave,Philadelphia,PA,19101,US,Finance,suspended,2024-09-03
22dcb06c-8c85-328e-5502-ec6742da1572,Lisa,King,lisa.king@icloud.com,+1-382-145-8007,1971-08-25,8037 Cedar Ln,Chicago,IL,60601,US,Sales,active,2024-12-21
a244496a-b88e-33d1-6c10-36cd1249944e,Jennifer,King,jennifer.king@yahoo.com,+1-759-182-6273,1979-11-04,7552 Maple Dr,Nashville,TN,37201,US,HR,active,2024-01-02
15690641-07c4-d918-b91c-6d9dcf41c7ca,Timothy,Smith,timothy.smith@gmail.com,+1-530-268-2328,1998-09-15,1354 Cedar Ln,New York,NY,10001,US,Legal,active,2024-08-26
9ad8cfa7-f7f9-0812-bf9b-d810a17f2016,Paul,Adams,paul.adams@outlook.com,+1-226-836-3453,1995-04-28,5790 Elm St,Los Angeles,CA,90001,US,Product,active,2024-09-21
25dfa1fb-d011-6cb3-8bb7-ecee15c535c9,Charles,Carter,charles.carter@outlook.com,+1-814-784-9847,1967-02-22,7812 Pine Rd,Dallas,TX,75201,US,Legal,suspended,2024-02-05
61235319-5069-c057-0ade-a5dbc9ceacdb,Elizabeth,Carter,elizabeth.carter@outlook.com,+1-680-141-9309,1987-11-20,7122 Lake Dr,San Francisco,CA,94102,US,Engineering,active,2024-10-02
16b44b0c-576b-d523-a2fc-ab345868ffda,James,Nelson,james.nelson@outlook.com,+1-570-841-9452,1976-12-13,4507 Maple Dr,San Diego,CA,92101,US,Product,inactive,2024-10-04
5e9be593-5257-06d0-fd9c-635d3a540890,Jessica,Clark,jessica.clark2@yahoo.com,+1-877-150-6999,1982-12-14,5082 Maple Dr,Dallas,TX,75201,US,Product,active,2024-09-23
9a2363fe-6901-c88c-3d8a-3090353a044d,John,Green,john.green@hotmail.com,+1-828-671-8537,1978-03-30,5818 Main St,Los Angeles,CA,90001,US,Sales,active,2024-02-02
e3e47946-1fcf-cb8e-8750-be7bd5bbe3a4,Sarah,Brown,sarah.brown2@gmail.com,+1-769-641-1081,1971-05-05,4287 Pine Rd,Fort Worth,TX,76101,US,Sales,suspended,2024-08-16
a5d274e8-8740-108c-300c-0f07c38bdbdd,Jessica,King,jessica.king@yahoo.com,+1-265-509-5387,1992-03-19,3969 Maple Dr,Fort Worth,TX,76101,US,Marketing,active,2024-12-13
aabf222f-ab64-0937-a52a-ea2492489bee,Donna,Baker,donna.baker@outlook.com,+1-948-414-7678,1983-05-27,4876 Maple Dr,Philadelphia,PA,19101,US,Engineering,active,2024-07-25
f5f5431f-4f40-f6ed-1aa5-d4e236c077aa,Amanda,Rodriguez,amanda.rodriguez@outlook.com,+1-996-357-2346,1979-04-30,7569 Main St,San Francisco,CA,94102,US,Product,active,2024-11-13
673d4de0-2fc4-4d65-0ad5-6e56df9b87b0,David,Thompson,david.thompson@outlook.com,+1-434-838-7046,1998-11-10,5570 Maple Dr,San Jose,CA,95101,US,HR,active,2024-12-01
dcf315c6-47a0-29ae-cac6-a8536943dab7,Kevin,Garcia,kevin.garcia@hotmail.com,+1-497-625-9689,1973-10-20,8278 Main St,Fort Worth,TX,76101,US,Finance,active,2024-06-08
54e08a94-4682-ca38-fb78-0253d4961e60,Kimberly,Hall,kimberly.hall@icloud.com,+1-942-237-8629,1968-01-02,9996 Main St,San Francisco,CA,94102,US,Operations,active,2024-05-22
f840596b-357c-e81a-3754-85e6ea9ed202,Kenneth,Brown,kenneth.brown@outlook.com,+1-983-943-6817,1969-03-06,3184 Pine Rd,San Diego,CA,92101,US,Operations,active,2024-07-24
86b5ca8f-746a-18dc-9990-1c0db6181e8e,Joseph,Martinez,joseph.martinez@gmail.com,+1-677-838-3027,1964-03-29,8920 Main St,Chicago,IL,60601,US,Finance,active,2024-10-03
52b1731b-a4df-08c5-67ad-b841227c27df,Kenneth,Baker,kenneth.baker@yahoo.com,+1-431-140-7662,1969-09-21,570 Oak Ave,Indianapolis,IN,46201,US,Marketing,suspended,2024-09-16
683e1858-dbbe-b0d9-802c-cb52f5f30d6e,Timothy,Lee,timothy.lee@hotmail.com,+1-997-665-9592,1980-09-16,138 Main St,Houston,TX,77001,US,Sales,active,2024-01-26
20be8394-8cbb-ca01-1cac-fd9f6a3eed4f,Mary,Nguyen,mary.nguyen@gmail.com,+1-811-636-1214,1994-12-05,4005 Park Blvd,Austin,TX,73301,US,Operations,inactive,2024-11-23
f5dab6fe-1ea4-b89d-9898-2e99fa9fdbb3,Ashley,Taylor,ashley.taylor@example.com,+1-942-525-1050,1996-12-01,3502 Park Blvd,San Jose,CA,95101,US,Operations,suspended,2024-06-05
86a56845-deef-7995-1f88-4ed9cefabf95,Patricia,Jones,patricia.jones@outlook.com,+1-854-890-5699,1963-03-07,1784 Pine Rd,Nashville,TN,37201,US,Finance,active,2024-07-17
31d83f78-6843-7031-ff36-fe7fc1ab5f4c,Donald,Perez,donald.perez@gmail.com,+1-374-934-3583,1966-04-01,3533 Maple Dr,Denver,CO,80201,US,Marketing,active,2024-08-09
b206da83-0956-f0e5-ef0c-1132415155db,Lisa,Perez,lisa.perez@hotmail.com,+1-963-977-5816,1964-02-20,2131 Park Blvd,Chicago,IL,60601,US,Engineering,active,2024-11-01
ca6d6803-f75e-a48f-6f74-7d686dbd4921,Deborah,Perez,deborah.perez@yahoo.com,+1-961-147-9508,1977-09-27,1573 Oak Ave,Indianapolis,IN,46201,US,Sales,inactive,2024-01-02
9b805cc7-e271-2ff8-65d8-350a63fdb07a,Richard,Brown,richard.brown@icloud.com,+1-290-937-1446,1976-03-16,6329 Maple Dr,San Antonio,TX,78201,US,Legal,active,2024-06-24
0d5348d1-5b15-674d-572d-3274e5c22467,Susan,Miller,susan.miller@yahoo.com,+1-640-621-4004,1971-05-24,7148 Oak Ave,San Antonio,TX,78201,US,Legal,inactive,2024-07-25
43874957-d4d6-1370-8645-1ddafbe22c49,Kimberly,Adams,kimberly.adams@yahoo.com,+1-497-867-1660,1969-06-16,1898 Cedar Ln,Nashville,TN,37201,US,HR,suspended,2024-01-26
aac782ac-dce2-ab06-7a15-422e3cc7edc8,Dorothy,Lewis,dorothy.lewis@yahoo.com,+1-763-854-9660,1973-05-21,2237 Park Blvd,Austin,TX,73301,US,Engineering,active,2024-04-21
7397b987-5edd-3492-aac2-33021a3bc8d8,Nancy,Flores,nancy.flores@example.com,+1-907-810-1295,1962-05-24,9924 Main St,Houston,TX,77001,US,Operations,suspended,2024-10-23
fed024cb-b6f3-7bd4-0409-b7c8ef59a4b5,Robert,Jackson,robert.jackson@outlook.com,+1-663-361-3713,1968-02-26,6601 Park Blvd,Denver,CO,80201,US,Product,active,2024-09-21
252a95db-4ba9-008d-85af-b680e39f6cc7,Joshua,Carter,joshua.carter@icloud.com,+1-748-902-6999,1964-01-08,9491 Park Blvd,Charlotte,NC,28201,US,Finance,active,2024-06-19
cad413f4-9e68-9a6c-91c9-8ab64f418193,Michael,Jackson,michael.jackson@gmail.com,+1-399-279-4119,1999-10-21,1776 Maple Dr,San Francisco,CA,94102,US,Finance,active,2024-03-25
05e0c019-b31e-120d-9f49-ab896866d52e,Margaret,Sanchez,margaret.sanchez@icloud.com,+1-771-584-3539,1962-06-16,6521 Oak Ave,Seattle,WA,98101,US,Legal,inactive,2024-01-21
b9725caf-fea4-2063-f16a-83488fc8ed53,Mark,Lopez,mark.lopez@example.com,+1-433-632-4610,1973-11-18,5338 Elm St,San Antonio,TX,78201,US,Finance,suspended,2024-03-22
f5c3e7f5-583d-2337-e5b2-3a6d00c9578e,Kimberly,Carter,kimberly.carter@gmail.com,+1-617-779-2930,1997-02-21,2335 Park Blvd,San Jose,CA,95101,US,Operations,active,2024-09-26
a931f647-6f24-2a0f-2588-61bbad32a7c6,Barbara,Sanchez,barbara.sanchez@icloud.com,+1-472-195-7265,1984-06-04,9387 Park Blvd,Jacksonville,FL,32099,US,Operations,inactive,2024-11-03
d4a3218d-ac08-f401-1927-18056d0b4f01,Susan,Smith,susan.smith@icloud.com,+1-902-249-4117,1996-04-11,8660 Elm St,Indianapolis,IN,46201,US,Operations,active,2024-05-27
cbd93d47-966d-b02f-3d98-03952621b899,Richard,Roberts,richard.roberts@outlook.com,+1-991-418-9339,1984-04-15,4455 Main St,Fort Worth,TX,76101,US,Engineering,active,2024-08-25
e29eae63-e847-5ebd-6403-24f099b351a6,Joseph,Smith,joseph.smith@gmail.com,+1-598-164-1903,1979-06-24,1914 Park Blvd,San Francisco,CA,94102,US,Finance,active,2024-02-22
871eb65c-600c-8bc0-10f3-f41ff2020876,Richard,Flores,richard.flores@outlook.com,+1-257-726-5575,1962-02-24,1313 Pine Rd,New York,NY,10001,US,Marketing,active,2024-01-15
717d0042-f30d-6ea3-951c-4200df30f2f5,Anthony,Roberts,anthony.roberts@yahoo.com,+1-857-521-3353,1968-10-14,825 Elm St,San Francisco,CA,94102,US,Finance,active,2024-05-01
b6dd5f35-0ee5-03e3-298d-4c4564076750,Ashley,Lewis,ashley.lewis@hotmail.com,+1-659-243-7606,1972-08-17,6745 Maple Dr,Nashville,TN,37201,US,Sales,active,2024-01-18
293572d3-fb63-33cb-0c35-bf2dec4fa141,Jennifer,Mitchell,jennifer.mitchell@hotmail.com,+1-778-816-2094,1977-03-31,4318 Main St,Indianapolis,IN,46201,US,Product,suspended,2024-11-18
efef1246-16d4-f2f7-3b6b-c3b774309740,Thomas,Jones,thomas.jones@yahoo.com,+1-335-421-6863,1969-02-02,2806 Cedar Ln,San Antonio,TX,78201,US,Operations,inactive,2024-02-15
e85af565-e62c-54bb-ff01-1f14d97bd00e,Paul,Garcia,paul.garcia@hotmail.com,+1-368-794-2665,1969-03-11,1288 Maple Dr,New York,NY,10001,US,Engineering,inactive,2024-02-08
7ee958ac-77bd-00de-21e2-19ce51587417,Timothy,Ramirez,timothy.ramirez2@yahoo.com,+1-759-687-6651,1990-01-14,6161 Oak Ave,San Francisco,CA,94102,US,Finance,active,2024-08-03
f613aed3-b9da-42b4-0c97-560197b1afbd,Kevin,Wright,kevin.wright@outlook.com,+1-372-985-6292,1971-11-14,783 Maple Dr,San Jose,CA,95101,US,Product,active,2024-09-02
ae9abf14-3473-b11a-73a5-24c13c8bc189,Michael,Ramirez,michael.ramirez@outlook.com,+1-456-951-2664,1962-05-16,6527 Lake Dr,San Jose,CA,95101,US,Marketing,active,2024-08-24
29568d7d-d57e-4322-0396-63d0133ee71e,Ashley,Nelson,ashley.nelson@icloud.com,+1-854-194-9053,1968-05-16,9651 Maple Dr,Philadelphia,PA,19101,US,Marketing,active,2024-05-17
c8ce14bb-7dc6-3851-d46a-537bbc0b55fe,Anthony,Hernandez,anthony.hernandez@icloud.com,+1-948-803-8175,1975-04-04,3832 Park Blvd,Seattle,WA,98101,US,Finance,suspended,2024-04-04
928a77e5-3a99-bbcb-56a6-0db50776d49a,Steven,Lopez,steven.lopez@icloud.com,+1-968-560-1375,1978-04-27,8075 Park Blvd,Austin,TX,73301,US,Product,active,2024-08-16
c7a69982-84ad-d36e-67b3-a154e67ae19a,Brian,Brown,brian.brown@hotmail.com,+1-350-980-1253,1970-08-01,5982 Main St,Indianapolis,IN,46201,US,Product,suspended,2024-03-03
28c27491-ac83-995b-53f0-a378596bf99f,Kevin,Hernandez,kevin.hernandez@yahoo.com,+1-288-502-6997,1988-03-22,244 Elm St,San Diego,CA,92101,US,Legal,active,2024-11-09
2c99562c-efe3-a150-c524-a1bea6bbb51c,Betty,Torres,betty.torres@yahoo.com,+1-274-684-3273,1983-06-15,5364 Park Blvd,Chicago,IL,60601,US,Legal,suspended,2024-01-18
8ab72eb9-9be4-e2ac-9f99-91336e11edc4,Emily,Wright,emily.wright2@example.com,+1-495-902-9957,1970-07-20,265 Maple Dr,Dallas,TX,75201,US,Sales,active,2024-06-26
f99a3620-6ee2-f9bf-8ad3-03b1d77dd689,John,Hill,john.hill@example.com,+1-936-712-5108,1989-09-16,8313 Pine Rd,San Diego,CA,92101,US,Sales,active,2024-10-11
4897c6e2-1581-f33e-a5b3-895910e681fd,Melissa,Flores,melissa.flores@icloud.com,+1-555-562-9940,1988-03-27,8316 Lake Dr,Seattle,WA,98101,US,Engineering,inactive,2024-02-12
8a0d9af8-322c-519f-7a44-167a63f78edf,Elizabeth,Thomas,elizabeth.thomas@icloud.com,+1-987-772-4059,1980-01-29,430 Lake Dr,Fort Worth,TX,76101,US,HR,inactive,2024-02-20
626cea12-7e12-9751-883e-153f9c454443,Robert,Campbell,robert.campbell@example.com,+1-754-253-8151,1982-03-14,8288 Lake Dr,Charlotte,NC,28201,US,Sales,active,2024-06-17
ae7ae52a-5179-15b7-883a-5ef5a4afade6,Andrew,Gonzalez,andrew.gonzalez2@hotmail.com,+1-736-100-7530,1995-06-18,3052 Cedar Ln,Los Angeles,CA,90001,US,Operations,active,2024-12-09
af844b8f-54f5-e2f0-9e9a-1e40ba49ccd5,Mary,Nelson,mary.nelson2@outlook.com,+1-667-682-1627,1977-02-01,502 Oak Ave,Fort Worth,TX,76101,US,Sales,active,2024-09-06
8609a880-ef29-c0f7-2ebb-fe0a404f04e4,Deborah,Mitchell,deborah.mitchell@outlook.com,+1-602-571-7456,1972-01-14,3214 Maple Dr,Jacksonville,FL,32099,US,Operations,suspended,2024-05-06
d8c42832-9378-38f9-bd46-bb37885f3b06,Kenneth,Thomas,kenneth.thomas@example.com,+1-475-908-7412,1990-08-29,3641 Cedar Ln,Phoenix,AZ,85001,US,Marketing,active,2024-07-06
b8f09270-567f-d2e9-c2f1-8bfc88755363,Thomas,Garcia,thomas.garcia@example.com,+1-694-282-6625,1968-05-15,6375 Maple Dr,Austin,TX,73301,US,Sales,inactive,2024-10-08
1a2b2339-5ebb-b87b-afba-5ddcc81c597a,Brian,Anderson,brian.anderson@outlook.com,+1-428-981-9265,1987-04-09,1741 Park Blvd,San Francisco,CA,94102,US,Operations,active,2024-01-21
9c215920-0400-7c5d-530a-542a8f05f94e,Ashley,King,ashley.king@outlook.com,+1-528-874-8991,1998-02-18,4708 Pine Rd,Fort Worth,TX,76101,US,Finance,active,2024-04-10
d517fa40-ed23-3795-1313-104893b3f363,Kenneth,Flores,kenneth.flores@gmail.com,+1-315-592-8933,1996-12-22,2701 Main St,San Francisco,CA,94102,US,Finance,suspended,2024-12-11
64fff7a6-35ce-bda8-5d3d-c371d6ac0d84,Emily,Thomas,emily.thomas@outlook.com,+1-514-190-6328,1963-11-10,4812 Lake Dr,Los Angeles,CA,90001,US,Marketing,active,2024-06-07
d14a3950-36e7-5939-e2d7-60779e8fa807,Michael,Wilson,michael.wilson@example.com,+1-629-587-9593,1976-06-03,1596 Cedar Ln,Philadelphia,PA,19101,US,Product,inactive,2024-06-02
1bee4909-cd68-f11c-a4b0-190ddd40111a,Mary,Flores,mary.flores@outlook.com,+1-490-888-2427,1991-04-09,577 Elm St,Phoenix,AZ,85001,US,Sales,inactive,2024-07-20
9ae5fbbc-0f65-7cc9-8fbd-853a790f2b45,Dorothy,Davis,dorothy.davis@example.com,+1-950-954-3156,1983-06-29,7832 Main St,Denver,CO,80201,US,HR,active,2024-03-08
ef678fc8-2308-961b-e3e3-2e4229ac92f0,Steven,King,steven.king@icloud.com,+1-538-670-8014,1978-01-15,6818 Main St,Jacksonville,FL,32099,US,Operations,suspended,2024-09-14
23625303-2ae7-2b5d-dcd2-dfd44c745676,Timothy,Lewis,timothy.lewis@icloud.com,+1-704-823-6535,1972-07-15,8360 Elm St,Charlotte,NC,28201,US,HR,suspended,2024-11-11
b671f1b2-c9a0-a9ef-513c-5c4ddde630e0,George,Nguyen,george.nguyen@hotmail.com,+1-828-394-3912,1995-09-25,8226 Maple Dr,Jacksonville,FL,32099,US,HR,suspended,2024-02-03
e1eadd41-019a-1843-d9db-ff58eebd342d,Brian,Ramirez,brian.ramirez2@outlook.com,+1-240-143-3554,1966-02-08,5028 Elm St,New York,NY,10001,US,Finance,suspended,2024-11-08
11b9e1b1-513f-9d0f-de55-0a06537356f2,Robert,Thomas,robert.thomas@yahoo.com,+1-413-105-6308,1995-11-08,5570 Lake Dr,Houston,TX,77001,US,Engineering,suspended,2024-04-21
48cc02e8-4da2-9b5e-48ae-4aba19b1cec8,Kenneth,Ramirez,kenneth.ramirez@icloud.com,+1-732-637-7276,1990-08-04,6322 Lake Dr,Philadelphia,PA,19101,US,Sales,inactive,2024-12-08
69ccaeb0-a4a5-308d-4aec-4d62f30fa5b6,Margaret,Lewis,margaret.lewis@example.com,+1-353-864-1104,1992-04-08,2126 Elm St,Charlotte,NC,28201,US,Sales,active,2024-05-07
1b19b829-d0fc-b577-cec7-56748b19f320,Robert,King,robert.king@yahoo.com,+1-954-236-4119,1991-09-27,1031 Maple Dr,Philadelphia,PA,19101,US,Finance,suspended,2024-03-27
bd00ff19-608d-5135-0f19-9b9217b4e6d0,Michelle,Smith,michelle.smith@example.com,+1-208-192-9512,1987-12-29,4010 Park Blvd,San Jose,CA,95101,US,HR,inactive,2024-03-07
78bec228-c455-da79-2a41-50de8852c78e,Amanda,Scott,amanda.scott@hotmail.com,+1-613-631-2426,1961-01-31,7472 Maple Dr,Jacksonville,FL,32099,US,Sales,active,2024-08-15
22bb0c8d-7bdc-80ac-4400-592ca0b335c7,Christopher,Taylor,christopher.taylor@example.com,+1-588-258-1535,1985-03-18,5332 Maple Dr,Jacksonville,FL,32099,US,Marketing,suspended,2024-11-24
0d97bade-647a-96e9-1a2d-0d7abac432f8,Sandra,Harris,sandra.harris2@example.com,+1-762-989-3976,1970-10-25,7202 Oak Ave,Seattle,WA,98101,US,Legal,active,2024-02-15
ed00e657-379f-0075-ba72-186eb79a0c86,Carol,Wilson,carol.wilson@yahoo.com,+1-778-771-4049,1995-04-24,480 Elm St,Charlotte,NC,28201,US,Sales,active,2024-03-19
bb991df7-19ce-afee-f491-4ab02bd346cb,Andrew,Flores,andrew.flores@yahoo.com,+1-637-918-6356,1999-07-18,9588 Oak Ave,Columbus,OH,43085,US,HR,active,2024-09-18
3e98f09d-f6d2-a20d-b3d5-17085d1af023,Barbara,Thomas,barbara.thomas@yahoo.com,+1-791-976-9850,1989-04-21,3330 Elm St,Austin,TX,73301,US,HR,active,2024-07-04
38079a8e-7e3b-eb35-e1eb-ef9cbe60808d,Ashley,Campbell,ashley.campbell@example.com,+1-365-927-7440,1993-01-23,4749 Cedar Ln,Charlotte,NC,28201,US,Engineering,suspended,2024-06-09
e4ad77b0-2e32-a832-1dd1-8fcfb99b8d2d,Thomas,Torres,thomas.torres@hotmail.com,+1-657-718-8189,1992-02-04,45 Maple Dr,Nashville,TN,37201,US,Sales,inactive,2024-02-06
7f6953af-e921-3dfa-86e9-79fec27eb09a,Patricia,Perez,patricia.perez@yahoo.com,+1-936-215-4510,1981-01-06,8034 Elm St,Nashville,TN,37201,US,Sales,suspended,2024-09-17
193afe2a-f8da-93c8-c0b4-283aacdb425c,Jessica,Rodriguez,jessica.rodriguez@yahoo.com,+1-337-912-6968,1996-06-09,6507 Main St,New York,NY,10001,US,Finance,active,2024-01-02
e283eb28-af9e-a625-f091-f0f9cf92bd95,Thomas,Carter,thomas.carter2@icloud.com,+1-676-631-9248,1987-03-18,8289 Lake Dr,Indianapolis,IN,46201,US,Operations,active,2024-12-24
88f51390-a32e-6cb4-3c9e-a73a2f45a112,George,Rivera,george.rivera@outlook.com,+1-603-162-1662,1976-01-12,3310 Main St,San Francisco,CA,94102,US,HR,active,2024-04-13
58cd9df3-1100-24b8-75d0-a2af1c06efa6,Michelle,Garcia,michelle.garcia@icloud.com,+1-366-315-2533,1974-05-21,375 Maple Dr,Denver,CO,80201,US,Sales,suspended,2024-12-12
de2bdf8c-a75c-77c0-46f5-8ae67a5c28ca,Kevin,Johnson,kevin.johnson@gmail.com,+1-952-623-4159,1968-12-01,929 Cedar Ln,San Jose,CA,95101,US,Engineering,suspended,2024-07-16
1d7bca5c-f7a8-7bc5-9bd3-947617ca35a2,Jennifer,Wilson,jennifer.wilson@example.com,+1-348-507-1793,1982-06-03,2473 Maple Dr,Denver,CO,80201,US,Marketing,active,2024-03-04
0db26722-23bf-1f71-a901-bdb8c0ae50f3,Carol,Hall,carol.hall@hotmail.com,+1-317-720-2462,1980-12-05,1900 Oak Ave,Columbus,OH,43085,US,Product,inactive,2024-02-05
b9167c61-22d0-0779-724d-3c00082bbc6f,Elizabeth,Williams,elizabeth.williams@gmail.com,+1-551-777-9669,1992-05-15,7171 Cedar Ln,Nashville,TN,37201,US,Finance,suspended,2024-12-24
3559d3c6-565a-2822-615a-443c6e73699b,Susan,Williams,susan.williams@outlook.com,+1-749-113-3930,1968-08-19,7461 Pine Rd,Denver,CO,80201,US,Marketing,active,2024-05-06
a016d50a-6510-8b6f-aedb-d2728ef26cac,Michael,Garcia,michael.garcia@outlook.com,+1-737-243-6523,1995-06-06,144 Elm St,New York,NY,10001,US,Sales,active,2024-10-10
fe9bf2d5-5de1-d542-d8cc-acd5b35c348c,Matthew,Rodriguez,matthew.rodriguez2@gmail.com,+1-558-838-7234,1968-09-07,1082 Main St,Denver,CO,80201,US,Finance,suspended,2024-10-12
18e00183-c6bf-b986-045f-ea04d2d07acf,William,Roberts,william.roberts@example.com,+1-434-564-2943,1982-04-10,2325 Pine Rd,Denver,CO,80201,US,Finance,inactive,2024-06-18
36467544-215d-8b1e-ec8c-93ebc337ed45,Christopher,Wright,christopher.wright2@outlook.com,+1-227-365-2227,1973-10-07,2559 Main St,Fort Worth,TX,76101,US,Sales,inactive,2024-01-14
472678ac-7eae-f452-8eba-2e783b162773,Linda,White,linda.white2@icloud.com,+1-261-270-2007,1981-07-02,7260 Oak Ave,Philadelphia,PA,19101,US,Product,inactive,2024-10-01
f1f58294-a66c-93f2-87f2-b5814809c026,Anthony,Anderson,anthony.anderson@yahoo.com,+1-309-450-6233,1998-07-30,4278 Maple Dr,Phoenix,AZ,85001,US,Engineering,active,2024-12-23
e871690e-5cf9-cefa-9dbb-2aeb0450f237,Charles,Williams,charles.williams@yahoo.com,+1-615-608-8396,1965-08-04,6039 Park Blvd,Los Angeles,CA,90001,US,HR,suspended,2024-02-12
2c27d031-d7ef-f6da-6cd7-f2a348f89e30,Mark,Nguyen,mark.nguyen@example.com,+1-452-357-8857,1976-09-07,1744 Maple Dr,Jacksonville,FL,32099,US,HR,inactive,2024-07-01
83a17fac-c89a-0cbd-cc19-2b501e56a4fb,Linda,Williams,linda.williams@icloud.com,+1-325-139-4395,1994-07-02,437 Park Blvd,Los Angeles,CA,90001,US,Finance,active,2024-08-13
8b5c0140-0ae9-5eb4-842a-ebac6c7e80ad,Sarah,Carter,sarah.carter@gmail.com,+1-213-629-2596,1967-04-06,6001 Lake Dr,Indianapolis,IN,46201,US,Marketing,active,2024-10-01
0ade0b41-8224-153c-320b-5ab7159d880c,George,Miller,george.miller@outlook.com,+1-618-563-2665,1980-10-15,4039 Main St,Los Angeles,CA,90001,US,Legal,active,2024-06-03
cd101511-3312-12d1-4cdc-4dcd7df5e219,Patricia,Jackson,patricia.jackson@outlook.com,+1-610-279-2871,1972-05-11,3221 Main St,San Francisco,CA,94102,US,Engineering,suspended,2024-07-06
989df5ed-6df2-b925-b412-87fb6d085507,Daniel,Wright,daniel.wright@icloud.com,+1-459-608-1486,1980-01-16,3352 Oak Ave,Jacksonville,FL,32099,US,Engineering,active,2024-04-22
f0514b1d-eb61-7b74-cf53-6189d294f5a8,Deborah,Gonzalez,deborah.gonzalez@icloud.com,+1-650-360-8167,1967-01-09,6450 Park Blvd,Fort Worth,TX,76101,US,Sales,active,2024-06-19
0836b2d1-04db-e9aa-7999-d29eda8f55c4,Robert,King,robert.king2@yahoo.com,+1-258-372-7602,1991-05-18,6797 Park Blvd,Phoenix,AZ,85001,US,Marketing,active,2024-06-21
aaa22344-7c53-ccb0-96a8-df54726a1844,Emily,Johnson,emily.johnson@gmail.com,+1-678-227-5133,1962-04-08,612 Main St,Houston,TX,77001,US,HR,suspended,2024-04-18
a18e1a64-b51f-34b7-dba0-aa70b32eddf2,Deborah,Scott,deborah.scott@gmail.com,+1-913-376-1049,1993-12-20,5162 Cedar Ln,Denver,CO,80201,US,Marketing,active,2024-03-02
a5868874-4c31-67b6-96f3-05d7cece12fc,Thomas,Flores,thomas.flores@icloud.com,+1-812-941-9141,1961-09-12,6472 Lake Dr,San Francisco,CA,94102,US,Finance,active,2024-04-15
8e798982-9a5d-5ace-61d9-407c6a21ab97,Emily,Lewis,emily.lewis@example.com,+1-967-399-2672,1996-07-01,6732 Park Blvd,Houston,TX,77001,US,Marketing,active,2024-04-16
d4b6f0f2-3bb9-79b9-3f8c-c66b4423fcd5,Charles,Brown,charles.brown@hotmail.com,+1-378-880-6280,1985-08-12,7159 Maple Dr,Indianapolis,IN,46201,US,Finance,suspended,2024-11-19
723182d4-9c4c-c0fd-fee4-44341d2b11d0,Joshua,Jackson,joshua.jackson@icloud.com,+1-215-168-5327,2000-11-27,2706 Park Blvd,Denver,CO,80201,US,Sales,active,2024-04-15
692661f5-16ca-331c-1b0e-93e12be94560,Patricia,Allen,patricia.allen2@hotmail.com,+1-256-961-3594,1997-11-14,450 Pine Rd,Seattle,WA,98101,US,Marketing,suspended,2024-02-08
e28c259c-8124-1407-9870-fafa835108d8,Nancy,Baker,nancy.baker@example.com,+1-998-698-8349,1985-08-21,2402 Oak Ave,Nashville,TN,37201,US,Marketing,inactive,2024-01-24
07d1316f-821a-8ac9-a957-2b45ed84859d,Paul,Allen,paul.allen@example.com,+1-272-659-7537,1972-12-30,4261 Pine Rd,Denver,CO,80201,US,Sales,active,2024-02-15
81c0ca3f-f8f7-03ec-70bb-034dfb9c7376,Daniel,King,daniel.king2@icloud.com,+1-582-548-1188,1985-08-13,8833 Maple Dr,San Diego,CA,92101,US,Engineering,active,2024-05-18
d7b42669-d42c-ef05-17fc-87fdaaa54056,John,Clark,john.clark@hotmail.com,+1-384-962-4095,1981-03-25,6231 Oak Ave,Austin,TX,73301,US,HR,suspended,2024-07-03
aca19386-7feb-5020-e417-eadf82ca3ac9,Timothy,Adams,timothy.adams@example.com,+1-804-376-3709,1967-01-29,9829 Park Blvd,Chicago,IL,60601,US,Sales,inactive,2024-12-25
0b0ae00f-4462-ecae-0cce-769ba2a8d37d,Betty,Nguyen,betty.nguyen@example.com,+1-802-463-4757,1989-10-23,1932 Pine Rd,Indianapolis,IN,46201,US,Marketing,suspended,2024-07-04
2d51ca94-3f84-3c8f-a46f-87b58d45e921,Daniel,Ramirez,daniel.ramirez@gmail.com,+1-699-390-4672,2000-05-08,5461 Park Blvd,Indianapolis,IN,46201,US,Operations,active,2024-08-19
e2801ef0-0b90-1a34-a3d6-f33a4af83592,Kevin,Nelson,kevin.nelson@example.com,+1-819-531-5637,1968-02-25,9992 Park Blvd,Fort Worth,TX,76101,US,Product,suspended,2024-04-24
26d51dc1-4ff9-0831-82fe-cfdc73fbb982,Thomas,Flores,thomas.flores@hotmail.com,+1-266-554-1190,1971-12-01,2506 Elm St,New York,NY,10001,US,Marketing,inactive,2024-03-06
00167fac-2003-c81e-8bf5-4fa88ae91f31,Daniel,Nguyen,daniel.nguyen@yahoo.com,+1-714-687-4637,1972-05-06,4357 Park Blvd,Columbus,OH,43085,US,Finance,suspended,2024-01-14
86f73047-c0bd-beaf-fcce-4fb6fd97a595,William,Taylor,william.taylor@hotmail.com,+1-655-716-2116,1966-10-15,6962 Main St,Indianapolis,IN,46201,US,Marketing,active,2024-05-03
998549bc-fcb4-ee27-c167-dc84a9432abd,Susan,Davis,susan.davis@icloud.com,+1-855-934-3674,1976-01-18,3352 Park Blvd,San Diego,CA,92101,US,Marketing,active,2024-04-16
eb19071b-0b35-e0a1-3fa5-e99ffb23a4b7,George,Clark,george.clark@gmail.com,+1-460-428-9372,1968-05-14,1547 Park Blvd,Austin,TX,73301,US,Operations,active,2024-03-12
18ecae05-9dc4-805f-1fe3-c69c431e6874,Sarah,Carter,sarah.carter@outlook.com,+1-639-425-1517,1966-06-27,3167 Pine Rd,Indianapolis,IN,46201,US,HR,active,2024-10-14
10b9b399-bf5d-96d6-ee6d-7a27e95b9b7b,Betty,Jones,betty.jones@hotmail.com,+1-990-628-3077,2000-03-20,4239 Main St,Indianapolis,IN,46201,US,Engineering,inactive,2024-08-27
84584019-69e8-3561-4557-bdcb715eae42,Kimberly,Martinez,kimberly.martinez@gmail.com,+1-307-906-4710,1963-07-28,5349 Maple Dr,Dallas,TX,75201,US,Product,inactive,2024-05-18
b2e9d939-3fbc-e063-ea46-7d0dce052ac8,Margaret,Flores,margaret.flores@example.com,+1-795-505-8214,1987-09-11,5106 Park Blvd,Seattle,WA,98101,US,HR,active,2024-06-11
b8edffe8-2280-229d-9d1b-40f51fc61eb3,Emily,Taylor,emily.taylor@outlook.com,+1-813-795-3958,1964-12-17,960 Lake Dr,Los Angeles,CA,90001,US,Operations,active,2024-12-13
aec9c199-6c27-ca62-141f-8b4c79779361,Brian,Williams,brian.williams@outlook.com,+1-945-163-4720,1963-02-27,9765 Park Blvd,Houston,TX,77001,US,Finance,inactive,2024-06-08
53e11f55-4289-281d-944a-f6a683c14496,Anthony,Rivera,anthony.rivera@example.com,+1-581-713-1914,1964-06-26,6210 Lake Dr,Phoenix,AZ,85001,US,Engineering,active,2024-01-20
f8a5764a-87c5-3450-4c78-7ac622c97943,Michelle,Adams,michelle.adams@icloud.com,+1-794-356-3931,1996-03-13,770 Pine Rd,San Jose,CA,95101,US,Product,inactive,2024-11-28
0cccf432-6913-ed3b-7f5c-62cc6e6c4c64,Sarah,Mitchell,sarah.mitchell@icloud.com,+1-534-908-8140,1979-07-05,4295 Maple Dr,Nashville,TN,37201,US,Engineering,active,2024-06-14
735bea93-923a-d413-0778-9daee4787edc,Nancy,Young,nancy.young@hotmail.com,+1-515-886-6225,1984-02-10,3617 Cedar Ln,Austin,TX,73301,US,Engineering,inactive,2024-03-08
2f2ff254-a22f-3da5-dab2-a215217c82b1,Nancy,Taylor,nancy.taylor@hotmail.com,+1-988-528-6513,1995-02-19,4739 Main St,Fort Worth,TX,76101,US,Marketing,inactive,2024-11-11
acde5588-ee92-0236-b1dd-ecb702580dcb,Joshua,Hill,joshua.hill@outlook.com,+1-635-264-4059,1962-05-29,1941 Maple Dr,San Diego,CA,92101,US,Sales,active,2024-03-25
50e5b83b-c388-fb0e-2263-e16c66b768bd,Mark,Ramirez,mark.ramirez@hotmail.com,+1-827-168-7392,1973-12-07,455 Oak Ave,Indianapolis,IN,46201,US,Marketing,active,2024-05-23
cc007490-888d-7c51-404e-b634f4e0270e,Michael,Garcia,michael.garcia2@outlook.com,+1-729-754-7361,1996-07-27,983 Main St,San Francisco,CA,94102,US,Engineering,active,2024-08-19
14420114-dfe7-04a4-3225-70ff20baeb3f,Dorothy,Sanchez,dorothy.sanchez@hotmail.com,+1-377-691-6871,1985-01-24,7276 Main St,Indianapolis,IN,46201,US,HR,inactive,2024-03-23
eb65c70d-1c64-72c8-bafe-90d225b3cc2e,Anthony,Taylor,anthony.taylor@yahoo.com,+1-368-154-4340,1963-06-01,8664 Pine Rd,Columbus,OH,43085,US,Finance,inactive,2024-06-08
8844276d-c0a7-b490-ddcc-48a562c8570e,Margaret,Thompson,margaret.thompson@example.com,+1-249-572-6740,1992-09-21,2766 Elm St,Denver,CO,80201,US,HR,suspended,2024-03-10
53054058-80e2-ee40-3b89-1988c04d3cca,William,Davis,william.davis@example.com,+1-459-470-5396,1991-03-01,773 Main St,Seattle,WA,98101,US,Product,active,2024-05-21
3262188f-deaf-d27f-2548-cb37bd61676d,Nancy,Jackson,nancy.jackson@example.com,+1-278-214-3292,1975-03-09,3172 Maple Dr,Charlotte,NC,28201,US,Legal,active,2024-09-20
d0cb16e9-bbc2-b67c-9eec-1868f0a968a6,Timothy,Mitchell,timothy.mitchell@example.com,+1-286-561-8182,1990-08-07,6524 Cedar Ln,Indianapolis,IN,46201,US,Finance,active,2024-11-21
d52589b9-de1b-ad90-310e-8aed07dc4a0c,Carol,Mitchell,carol.mitchell@yahoo.com,+1-768-651-7217,1967-08-12,2781 Oak Ave,Indianapolis,IN,46201,US,Legal,active,2024-12-01
3f3753af-f65a-5aa3-6314-0fccc8b6b9a2,Michelle,Wright,michelle.wright@gmail.com,+1-242-361-6389,1987-03-20,3185 Main St,Chicago,IL,60601,US,Product,suspended,2024-04-11
54bdfe61-3abc-666c-e4cf-b2f39fc6ea49,George,Wright,george.wright@icloud.com,+1-435-412-1193,1971-12-19,586 Oak Ave,Phoenix,AZ,85001,US,Marketing,inactive,2024-08-16
2c189303-fd28-750f-5868-3a1b6ccbcb41,Steven,Jackson,steven.jackson@icloud.com,+1-485-360-5167,1997-10-17,5890 Pine Rd,Chicago,IL,60601,US,HR,inactive,2024-01-27
9e9a3e83-9a4e-f6fc-79a0-e72710e29558,Paul,Wilson,paul.wilson@icloud.com,+1-422-561-2755,1990-11-18,256 Elm St,Jacksonville,FL,32099,US,Finance,suspended,2024-02-05
bc3f512e-89f3-2a99-dfc7-35f841659d74,Paul,Robinson,paul.robinson@icloud.com,+1-595-923-7972,1989-08-26,9607 Maple Dr,San Francisco,CA,94102,US,Engineering,active,2024-06-16
ae57927f-730c-ce0e-d6f9-92984634a5f6,Emily,Hall,emily.hall@yahoo.com,+1-340-359-7174,1964-09-10,3811 Main St,Indianapolis,IN,46201,US,Marketing,suspended,2024-09-24
d4e675f7-3427-fb9e-e791-267321d7ef88,Matthew,Rivera,matthew.rivera@outlook.com,+1-770-764-4709,1972-01-05,9706 Lake Dr,Philadelphia,PA,19101,US,Sales,suspended,2024-04-08
07b38e70-7ffd-fae1-8cb9-8201a8d705bf,Andrew,Miller,andrew.miller@yahoo.com,+1-601-936-3574,1988-12-24,9283 Cedar Ln,Houston,TX,77001,US,Sales,suspended,2024-09-02
d0f36c28-0b76-d6f7-1f02-26eb254cf7b6,Amanda,Torres,amanda.torres@icloud.com,+1-319-115-4032,1967-07-11,3769 Maple Dr,San Antonio,TX,78201,US,Engineering,active,2024-02-23
07a1012a-e8f8-6e43-0b99-69081d575d69,Dorothy,Harris,dorothy.harris@hotmail.com,+1-720-961-8878,1977-01-07,6329 Oak Ave,Columbus,OH,43085,US,Engineering,suspended,2024-02-27
ead22702-0fcc-588e-49ec-6e3217caf26b,Charles,Gonzalez,charles.gonzalez@outlook.com,+1-941-340-5740,1995-09-29,5232 Cedar Ln,Fort Worth,TX,76101,US,Marketing,suspended,2024-09-25
8ce285db-db30-e078-c435-0ad5c04675c7,Patricia,Walker,patricia.walker@outlook.com,+1-856-241-4194,1995-02-15,5159 Pine Rd,Columbus,OH,43085,US,Product,suspended,2024-06-27
0453ab6d-fe9d-21c3-c5e9-8866bbbbdbd1,Carol,Miller,carol.miller@gmail.com,+1-668-955-7623,1968-11-27,2989 Main St,New York,NY,10001,US,Operations,active,2024-06-24
0bcbb729-b064-6038-e727-09090500e955,Emily,Harris,emily.harris@hotmail.com,+1-646-543-7388,1974-11-12,6916 Pine Rd,Chicago,IL,60601,US,Marketing,active,2024-01-21
e44d9a28-d739-a70f-b43e-9061171da81d,Betty,White,betty.white@outlook.com,+1-430-388-1025,1991-10-20,7324 Elm St,Chicago,IL,60601,US,Marketing,inactive,2024-10-27
5e065732-03d9-f317-9d7c-24ce85d5bed9,Emily,Moore,emily.moore@icloud.com,+1-991-675-4189,1961-11-18,7044 Park Blvd,Indianapolis,IN,46201,US,Finance,active,2024-09-05
636f1e3d-28c8-40b1-67be-e26e9f30418c,Matthew,Wright,matthew.wright@example.com,+1-821-570-1252,1985-04-29,8651 Cedar Ln,Denver,CO,80201,US,Product,suspended,2024-09-17
a40e0199-a910-c002-ae9f-f41dfeb8bf0b,Kenneth,Torres,kenneth.torres@gmail.com,+1-696-900-2190,1983-09-26,5966 Main St,Indianapolis,IN,46201,US,Operations,suspended,2024-07-06
b1766ffc-05fb-d075-6086-a5f3e5942c30,Nancy,Robinson,nancy.robinson2@gmail.com,+1-808-342-3072,1980-05-21,365 Oak Ave,Denver,CO,80201,US,Sales,inactive,2024-12-25
2fd049b1-df68-1283-d4be-d77b8f1f1147,Daniel,Robinson,daniel.robinson@example.com,+1-589-115-5959,1985-11-23,1289 Main St,San Francisco,CA,94102,US,Operations,active,2024-02-26
75e7f531-1e26-bc3d-f514-083ef8b53c16,Sandra,White,sandra.white@outlook.com,+1-698-567-5764,1974-02-06,1479 Maple Dr,San Francisco,CA,94102,US,Legal,active,2024-07-20
8d2a3e18-a51d-7a23-d5b4-83b6cc1791f8,Elizabeth,Jones,elizabeth.jones@gmail.com,+1-348-387-2505,1990-03-10,9971 Park Blvd,Seattle,WA,98101,US,Sales,inactive,2024-05-06
7303f483-130f-0872-966f-3d4783214b14,David,Martinez,david.martinez@icloud.com,+1-254-930-5330,1974-12-29,6004 Pine Rd,Indianapolis,IN,46201,US,Sales,active,2024-09-12
6f63def8-51a7-6445-0b9d-7654d5c31b18,Carol,Jackson,carol.jackson@outlook.com,+1-998-617-3071,1997-05-21,48 Maple Dr,Indianapolis,IN,46201,US,Sales,active,2024-08-27
66386c22-a1d2-80a2-1038-f8e40cbe735d,James,Rivera,james.rivera2@icloud.com,+1-424-821-6606,1992-12-09,6718 Pine Rd,New York,NY,10001,US,Engineering,inactive,2024-03-07
9c6c3c4e-8f5b-8149-eb67-212a29b76b37,William,Moore,william.moore@hotmail.com,+1-535-838-5587,1982-07-26,83 Main St,Philadelphia,PA,19101,US,Marketing,inactive,2024-09-21
22e142fc-1710-1a77-3d88-eb6273df2a11,Dorothy,Lopez,dorothy.lopez@yahoo.com,+1-629-174-7381,1992-03-01,8885 Elm St,Dallas,TX,75201,US,Engineering,inactive,2024-02-02
f9878ca6-5f2e-621e-9309-51a61dbd3a83,Daniel,Scott,daniel.scott@example.com,+1-201-725-3916,1964-02-07,7600 Oak Ave,Los Angeles,CA,90001,US,Marketing,active,2024-03-14
cb3ffc4f-dcb8-c9a0-d123-0280f26edf2e,Jennifer,Mitchell,jennifer.mitchell@gmail.com,+1-651-154-3230,1970-03-14,3271 Main St,Jacksonville,FL,32099,US,Engineering,inactive,2024-02-26
e7f2f49d-41a5-1d1f-7bde-b381f4fcb6bc,Margaret,Nguyen,margaret.nguyen@outlook.com,+1-917-949-2419,1960-03-16,8261 Pine Rd,New York,NY,10001,US,Operations,active,2024-04-26
92b5a7e3-8e2a-4c5a-97d5-468369c7c2dd,Michelle,Martinez,michelle.martinez@icloud.com,+1-418-985-7752,1981-01-03,5647 Maple Dr,San Francisco,CA,94102,US,HR,active,2024-08-25
ecfa60c9-83c1-7063-b890-33f0cb041d56,Linda,Clark,linda.clark@example.com,+1-344-585-4312,1988-01-04,5094 Oak Ave,Chicago,IL,60601,US,Finance,active,2024-01-09
673d7804-9c5b-ad2e-a9fb-1b548fbd2cfd,Lisa,Williams,lisa.williams@yahoo.com,+1-427-801-4001,1994-10-01,1126 Lake Dr,Jacksonville,FL,32099,US,HR,active,2024-12-12
6bb17a8b-26c1-18f2-eb1c-0430df114270,Mark,Taylor,mark.taylor@icloud.com,+1-742-161-7645,1975-02-18,4473 Park Blvd,San Diego,CA,92101,US,Engineering,inactive,2024-08-07
80dd8005-8abc-b652-ee52-ab7b4cb0fe85,Emily,Scott,emily.scott@yahoo.com,+1-399-660-5974,1999-12-20,2898 Elm St,Dallas,TX,75201,US,Finance,inactive,2024-11-28
720d576f-0d96-30be-5580-885a54b279cd,Karen,Sanchez,karen.sanchez@yahoo.com,+1-654-383-1821,1962-02-16,6447 Elm St,Seattle,WA,98101,US,Legal,suspended,2024-06-12
d31c63fb-baab-f7ec-2eca-29b79087ba73,Jennifer,White,jennifer.white@hotmail.com,+1-209-708-1557,1969-03-28,8862 Elm St,Philadelphia,PA,19101,US,Operations,active,2024-01-16
e3b52c1d-1a0a-1af2-999f-64e9fd780916,Kenneth,Hall,kenneth.hall2@outlook.com,+1-439-202-2365,1989-11-17,1641 Lake Dr,New York,NY,10001,US,Product,active,2024-10-22
6399c513-ae96-0e3e-71f7-a87cf1430eea,Mary,Martinez,mary.martinez@outlook.com,+1-255-803-3902,1991-08-02,2756 Main St,San Jose,CA,95101,US,Product,suspended,2024-06-08
e4999ab5-002a-99b2-ff8a-bfc02d58293a,Christopher,Moore,christopher.moore@example.com,+1-284-782-3215,1990-08-14,2986 Lake Dr,Chicago,IL,60601,US,Operations,suspended,2024-06-28
0cff84c2-eb41-ce2f-b31b-58facffd1e28,Patricia,Smith,patricia.smith@yahoo.com,+1-280-427-2818,1994-01-26,5526 Cedar Ln,Columbus,OH,43085,US,Sales,active,2024-11-22
08308982-56fc-1a76-9e1d-5748e3fe266b,Carol,Nguyen,carol.nguyen@outlook.com,+1-648-389-1718,1988-06-04,8067 Oak Ave,Charlotte,NC,28201,US,Legal,active,2024-03-15
5dbc7f05-ac8f-f183-9702-d8c1be3ff70d,Joshua,Scott,joshua.scott@gmail.com,+1-859-128-4778,1991-10-09,1078 Main St,Jacksonville,FL,32099,US,Engineering,inactive,2024-05-22
1e572985-9437-ea94-e5b2-fd55b0a5c3c1,Donna,Wilson,donna.wilson@outlook.com,+1-203-384-6705,1969-02-12,2066 Main St,New York,NY,10001,US,Finance,inactive,2024-01-17
9d09cf19-a079-f65a-4cc5-b7058af263bd,Donna,Hall,donna.hall@outlook.com,+1-296-326-6518,1963-03-25,2856 Elm St,Chicago,IL,60601,US,Operations,active,2024-06-22
0f2fea57-0883-9311-1216-e243634ee115,Andrew,Perez,andrew.perez@yahoo.com,+1-617-598-1213,1976-03-17,315 Park Blvd,Los Angeles,CA,90001,US,Product,suspended,2024-01-03
b20921cd-c73e-4517-0b49-67db4344c269,Paul,Harris,paul.harris@example.com,+1-447-590-9207,1981-06-02,4376 Maple Dr,Charlotte,NC,28201,US,Finance,active,2024-10-28
64836ec2-00b6-2158-0540-38d7399b747b,Charles,Martin,charles.martin@icloud.com,+1-702-569-7176,1998-08-30,2576 Elm St,Jacksonville,FL,32099,US,Operations,active,2024-04-06
50278ec2-6125-cb48-fc41-172136677c4a,Kenneth,Thompson,kenneth.thompson@gmail.com,+1-461-233-7408,1982-02-15,3009 Pine Rd,Chicago,IL,60601,US,Marketing,inactive,2024-09-09
c772fdb6-b3d4-2f8a-929b-4c7bf2703a23,Elizabeth,Nguyen,elizabeth.nguyen@gmail.com,+1-353-324-4626,1989-09-02,5042 Elm St,Philadelphia,PA,19101,US,Marketing,active,2024-01-24
3e897b35-5b2d-ec8c-0be0-8870ad409867,John,Torres,john.torres2@gmail.com,+1-205-752-9863,1997-08-19,9106 Park Blvd,Columbus,OH,43085,US,HR,active,2024-01-05
9dc3a0c6-22d6-35b7-cb69-7bf9384e40c1,Linda,Garcia,linda.garcia2@hotmail.com,+1-206-388-6480,1979-12-02,7480 Elm St,Fort Worth,TX,76101,US,Legal,active,2024-10-28
4fca946a-6c6a-58e9-c564-956a97f5f3e4,Elizabeth,Garcia,elizabeth.garcia@yahoo.com,+1-371-504-1760,1993-01-21,3784 Cedar Ln,Denver,CO,80201,US,Product,active,2024-01-23
7641f1fb-417e-5edc-13e6-9df32fc0fe9c,Barbara,Robinson,barbara.robinson@outlook.com,+1-674-125-3065,1983-05-10,18 Lake Dr,Jacksonville,FL,32099,US,Marketing,active,2024-06-27
b34efd5b-6e73-7276-3065-42ee2e519870,David,Anderson,david.anderson@example.com,+1-372-201-3800,1960-04-10,1107 Elm St,Seattle,WA,98101,US,Marketing,suspended,2024-10-16
c5d66362-1b3e-144b-6f09-3f45182ebfd2,George,Smith,george.smith@example.com,+1-314-615-8152,1985-05-14,3465 Elm St,Jacksonville,FL,32099,US,Operations,suspended,2024-09-03
786f186a-f90a-3610-b0b5-5ce776b851e9,George,Nguyen,george.nguyen@outlook.com,+1-371-820-2543,1993-08-16,6255 Main St,Denver,CO,80201,US,Engineering,active,2024-04-16
faa59b3b-8c28-3b62-1131-f87f37485145,Paul,Carter,paul.carter@example.com,+1-584-723-3532,1998-06-28,8332 Lake Dr,Nashville,TN,37201,US,Sales,suspended,2024-05-11
c105ab46-b8ee-0ec6-2b0a-0050235aa8e9,Karen,Brown,karen.brown@example.com,+1-688-266-1019,1983-01-19,885 Maple Dr,Houston,TX,77001,US,Finance,suspended,2024-05-18
40809548-0f25-152b-27ce-0017f20d3aea,William,Green,william.green@yahoo.com,+1-290-384-5566,1989-09-19,7984 Pine Rd,Phoenix,AZ,85001,US,Finance,active,2024-12-28
5c2281fe-f4e1-048a-f417-adc9f954018b,Dorothy,Mitchell,dorothy.mitchell@gmail.com,+1-791-716-4215,1978-11-27,168 Maple Dr,Chicago,IL,60601,US,Engineering,active,2024-01-21
b789593e-216d-fc70-2196-5beeda3544b5,Susan,Brown,susan.brown@outlook.com,+1-649-609-6884,1969-10-28,2084 Oak Ave,Phoenix,AZ,85001,US,Finance,active,2024-12-07
0c0a7983-e2e6-e895-55e1-0b396afd5fed,John,Roberts,john.roberts2@yahoo.com,+1-616-359-7485,1964-03-12,3229 Main St,San Francisco,CA,94102,US,Engineering,active,2024-12-26
95a5de44-e731-207b-65db-b4045b199207,Joshua,Anderson,joshua.anderson@hotmail.com,+1-298-725-9802,1980-08-13,3675 Maple Dr,Charlotte,NC,28201,US,Marketing,active,2024-11-06
9bada6c6-dd7d-08c9-60cc-7abd4c6cfc1c,Joshua,Garcia,joshua.garcia@hotmail.com,+1-241-981-3607,1981-01-25,9537 Cedar Ln,Chicago,IL,60601,US,Marketing,active,2024-05-08
269d2c22-2986-1808-6452-61f76318f1d2,Melissa,Wright,melissa.wright@outlook.com,+1-781-183-4326,1987-10-25,1942 Park Blvd,Chicago,IL,60601,US,Legal,active,2024-09-02
e84c1940-f83f-136d-d768-42116aed5760,Nancy,Sanchez,nancy.sanchez@icloud.com,+1-602-571-1664,1997-09-25,6278 Cedar Ln,Jacksonville,FL,32099,US,Product,active,2024-02-19
c75fa0cf-4974-e1b7-94ca-68d94d9e4c77,Steven,Sanchez,steven.sanchez@outlook.com,+1-981-902-5173,1962-09-17,4924 Main St,Jacksonville,FL,32099,US,Legal,inactive,2024-07-07
58029d89-6ab5-84fd-914b-254e39873b7f,Carol,Martin,carol.martin3@icloud.com,+1-208-409-7175,1992-03-04,2741 Lake Dr,San Antonio,TX,78201,US,Finance,active,2024-03-13
3768c08e-4177-497a-2598-7d51f7f9efbc,William,Ramirez,william.ramirez@gmail.com,+1-620-781-3251,1973-04-03,5629 Elm St,Chicago,IL,60601,US,HR,active,2024-02-22
fc800953-f2fb-122f-7e34-be79bc25d3bd,Steven,Allen,steven.allen@example.com,+1-808-803-2607,1983-12-11,6678 Maple Dr,Los Angeles,CA,90001,US,Finance,active,2024-12-03
56bdebf5-8f48-de0a-3375-99d938797294,Kevin,Hill,kevin.hill@icloud.com,+1-445-237-5615,1971-10-29,7552 Maple Dr,Fort Worth,TX,76101,US,Operations,active,2024-06-18
cf152c06-08e4-5be4-d0b3-575ef3098246,Jessica,Anderson,jessica.anderson@yahoo.com,+1-906-346-2270,1969-01-27,1290 Elm St,Dallas,TX,75201,US,Legal,inactive,2024-01-12
b098a176-ea87-fe7d-63f1-8953ba4ec145,George,Moore,george.moore2@outlook.com,+1-777-791-5400,1994-11-30,8182 Elm St,Charlotte,NC,28201,US,Legal,inactive,2024-10-23
6fc41bf6-3d6b-ff76-f790-df8a5c493e43,George,Moore,george.moore@example.com,+1-579-677-8736,1968-12-10,4438 Park Blvd,Austin,TX,73301,US,Product,suspended,2024-09-13
4919d9ff-57df-ba1d-2d55-5314143e7fb7,Robert,Ramirez,robert.ramirez@yahoo.com,+1-578-122-9773,1965-09-03,130 Elm St,Dallas,TX,75201,US,HR,suspended,2024-02-27
5f07fe07-f0a0-a77d-c959-dbb952b673d4,Lisa,Lopez,lisa.lopez@hotmail.com,+1-789-490-7505,1966-05-25,4950 Lake Dr,Nashville,TN,37201,US,Sales,active,2024-04-01
fcbfa2ca-96a8-05bb-b7a7-d1bac6e43494,Sandra,Moore,sandra.moore@yahoo.com,+1-321-372-3975,1976-07-03,6305 Oak Ave,San Diego,CA,92101,US,HR,active,2024-11-09
f0e2aa55-284c-3ab4-e5b2-df55caea5bfb,Michelle,Wright,michelle.wright@icloud.com,+1-625-936-2906,1971-02-12,4932 Elm St,San Antonio,TX,78201,US,HR,active,2024-12-26
39db7ebb-7538-c985-c533-af2da864a116,Patricia,Lewis,patricia.lewis@icloud.com,+1-306-797-1296,1969-11-13,492 Oak Ave,Columbus,OH,43085,US,Legal,suspended,2024-06-06
ea88d27d-17a6-1711-7256-9d7c8c8a22f6,Barbara,Davis,barbara.davis@gmail.com,+1-770-387-6215,1992-09-27,2563 Cedar Ln,Jacksonville,FL,32099,US,Operations,active,2024-12-06
e3ea46a8-a686-4e54-ae26-9692d819a8d1,Margaret,Allen,margaret.allen@hotmail.com,+1-895-610-1796,1971-12-24,1843 Lake Dr,Dallas,TX,75201,US,Finance,active,2024-11-27
bdf1de53-e014-73df-5768-6c78cbf01dcb,Carol,Johnson,carol.johnson@example.com,+1-351-327-8286,1978-06-07,7583 Lake Dr,San Francisco,CA,94102,US,Sales,suspended,2024-07-13
47561669-1c89-a238-00df-2b6b77d0da32,Carol,Lee,carol.lee@hotmail.com,+1-263-761-1764,1968-09-29,5851 Maple Dr,San Antonio,TX,78201,US,Legal,suspended,2024-02-01
067b30d1-094f-5166-0bae-6d2bfbece5d5,Nancy,Lee,nancy.lee@example.com,+1-355-595-3919,1989-07-12,2098 Oak Ave,San Francisco,CA,94102,US,HR,active,2024-06-15
f7b8895a-3a09-9c80-4d16-75039aaddae8,Kevin,Gonzalez,kevin.gonzalez@gmail.com,+1-787-808-3022,1961-03-09,3566 Park Blvd,Columbus,OH,43085,US,Marketing,inactive,2024-03-02
2777fe38-b58d-4c97-59df-5bb2588a7de7,Richard,Davis,richard.davis@yahoo.com,+1-730-894-7402,1987-12-02,2884 Main St,Fort Worth,TX,76101,US,Sales,suspended,2024-12-21
5a2cfba8-9d88-e7a4-f763-61e65f9f9701,Ashley,Thomas,ashley.thomas2@outlook.com,+1-875-799-4493,1992-04-04,3845 Maple Dr,Phoenix,AZ,85001,US,Sales,active,2024-11-23
9ba0e399-9a77-c01f-85af-b75be4c46071,Deborah,Lewis,deborah.lewis@yahoo.com,+1-378-101-5707,1968-07-11,5958 Lake Dr,Nashville,TN,37201,US,Finance,active,2024-04-05
7833eece-08e5-ed83-f8d4-866f599a20f1,Joseph,Ramirez,joseph.ramirez2@hotmail.com,+1-606-193-1802,1982-10-03,9032 Lake Dr,Chicago,IL,60601,US,Engineering,suspended,2024-03-13
332cdcc7-da81-9b74-d46b-78f3288c91cc,Joshua,Young,joshua.young@gmail.com,+1-590-139-2616,1996-03-12,232 Lake Dr,San Francisco,CA,94102,US,Marketing,active,2024-07-04
8f6a9f1b-ad82-64e3-8eeb-2a03f676831f,Daniel,Adams,daniel.adams@icloud.com,+1-847-287-2468,2000-01-21,8078 Park Blvd,San Diego,CA,92101,US,HR,suspended,2024-05-25
2528759d-218a-cc31-433d-65c2c0f5de46,Betty,Walker,betty.walker@yahoo.com,+1-414-321-3502,1979-11-08,2321 Maple Dr,Austin,TX,73301,US,Engineering,active,2024-10-10
277f1725-90ea-31de-bd95-c7f5dbaa1aa2,Thomas,Martinez,thomas.martinez@outlook.com,+1-934-935-4016,1990-01-26,2927 Elm St,Seattle,WA,98101,US,Product,active,2024-07-06
3e03a5ea-63bd-916b-e674-b2ca0c9f82ad,Donna,Perez,donna.perez@yahoo.com,+1-850-909-8844,1989-06-06,4009 Oak Ave,Jacksonville,FL,32099,US,Marketing,suspended,2024-01-09
7c4e1b98-019d-b91e-3c7f-1fd1d3e26347,Betty,Baker,betty.baker2@hotmail.com,+1-885-422-4753,1964-09-08,9157 Pine Rd,Dallas,TX,75201,US,Marketing,suspended,2024-06-05
a93dbf91-66bb-1d3c-2cad-002a62a765d3,James,Nelson,james.nelson@gmail.com,+1-258-620-5699,1994-10-02,6543 Cedar Ln,San Diego,CA,92101,US,Legal,active,2024-07-03
9194d072-405d-861c-5184-00885c8d5e9d,Christopher,Campbell,christopher.campbell@outlook.com,+1-274-918-3855,1962-01-07,1103 Elm St,Indianapolis,IN,46201,US,Marketing,inactive,2024-12-09
91cfb235-0454-0420-4588-d5c76da2c9e0,Robert,Jones,robert.jones@icloud.com,+1-886-193-7159,1974-10-19,9707 Cedar Ln,Austin,TX,73301,US,Operations,inactive,2024-09-16
04a624f3-2318-30a3-cfab-07f40022994c,Daniel,Lopez,daniel.lopez@gmail.com,+1-459-272-8120,1996-01-15,2594 Main St,Indianapolis,IN,46201,US,Marketing,suspended,2024-11-16
33a83451-f0d8-51ad-12c3-3d134eb71327,Michael,Rodriguez,michael.rodriguez@example.com,+1-785-349-8045,1966-09-18,6612 Lake Dr,Chicago,IL,60601,US,Legal,inactive,2024-01-19
7bdf1546-e4a8-844f-7d94-a6ce6d2616e2,Dorothy,Walker,dorothy.walker@yahoo.com,+1-436-181-4037,1967-05-26,2161 Lake Dr,Chicago,IL,60601,US,Product,active,2024-08-11
6b9c7d7c-8b71-3ce4-a614-5f1b79a3b6a8,Brian,Torres,brian.torres@icloud.com,+1-560-342-4407,1987-11-19,9367 Pine Rd,Seattle,WA,98101,US,Finance,active,2024-10-03
8332d1b9-f42d-157f-07e7-918130396a9f,Kenneth,Roberts,kenneth.roberts@hotmail.com,+1-888-842-6486,1973-11-06,2977 Cedar Ln,Austin,TX,73301,US,Marketing,active,2024-01-06
7c7d7f90-595e-f944-c64b-e810060556e8,Linda,Nguyen,linda.nguyen@gmail.com,+1-587-378-5633,1997-10-11,9225 Lake Dr,Jacksonville,FL,32099,US,HR,inactive,2024-01-23
4f26de21-4e61-2e34-6548-dfc876da3747,Patricia,Smith,patricia.smith2@yahoo.com,+1-757-781-8131,1985-03-05,8134 Park Blvd,Columbus,OH,43085,US,HR,suspended,2024-08-19
58f99bf7-e3f9-899a-62ba-69663388cf1b,Mark,Martin,mark.martin@gmail.com,+1-636-807-1553,1996-08-11,4210 Elm St,Columbus,OH,43085,US,Engineering,active,2024-07-08
bd36a04a-96bf-bee0-09a2-737332fd7344,Daniel,Lee,daniel.lee@example.com,+1-595-378-7989,1981-02-03,3056 Lake Dr,San Diego,CA,92101,US,Legal,active,2024-02-21
52335cad-3905-7fc0-6151-f6edb2297aff,Andrew,Adams,andrew.adams@outlook.com,+1-410-150-7077,1985-07-15,9725 Lake Dr,Phoenix,AZ,85001,US,Engineering,active,2024-06-12
6d33758b-34d4-ab34-aca6-dd4b69dcce11,Linda,Hernandez,linda.hernandez@icloud.com,+1-506-340-2283,1980-10-02,5145 Pine Rd,Philadelphia,PA,19101,US,Operations,suspended,2024-07-12
c0f3beb1-5495-9740-f8ed-8b6a4c6ced6d,Charles,Clark,charles.clark@example.com,+1-468-995-5786,1971-02-15,3628 Pine Rd,Columbus,OH,43085,US,HR,active,2024-05-20
3e11bb31-9b82-8fab-c0c3-65283e9d547a,Linda,Sanchez,linda.sanchez@icloud.com,+1-922-978-5234,1986-06-04,4519 Lake Dr,Nashville,TN,37201,US,HR,active,2024-10-09
b31985d0-a84a-3aee-d636-a89dad0fc0f7,Anthony,Taylor,anthony.taylor@gmail.com,+1-774-275-3393,1994-01-18,3679 Main St,San Francisco,CA,94102,US,Operations,suspended,2024-07-05
a47dd853-887e-649d-d14c-6d19ab441946,Joshua,Campbell,joshua.campbell@hotmail.com,+1-989-634-5417,1985-10-26,1635 Cedar Ln,San Antonio,TX,78201,US,Sales,active,2024-01-25
7a8e854f-dc44-9179-1d7a-0bd02c5fd1ca,Andrew,Lewis,andrew.lewis@yahoo.com,+1-979-144-8846,1991-01-03,5355 Pine Rd,Los Angeles,CA,90001,US,Operations,active,2024-05-21
dbf0d42a-21c4-f6d5-95ea-378bcce3edb7,Amanda,Clark,amanda.clark@outlook.com,+1-996-228-1610,1981-03-14,4005 Main St,Austin,TX,73301,US,Engineering,active,2024-05-19
910af69d-3933-c2ed-9c66-75cdb9398e8e,Margaret,Martin,margaret.martin@hotmail.com,+1-255-942-1448,1966-08-28,2318 Elm St,Chicago,IL,60601,US,Marketing,active,2024-02-07
984bbbba-b4fc-8fdd-875d-24cb5b327b4e,George,Robinson,george.robinson@outlook.com,+1-601-294-6419,1998-10-09,9542 Elm St,Fort Worth,TX,76101,US,Legal,active,2024-09-14
8d73f2a6-5c49-7ad1-b4b0-601442d6e3c8,Jennifer,Torres,jennifer.torres@icloud.com,+1-505-293-5249,1963-01-31,5362 Park Blvd,San Antonio,TX,78201,US,Product,active,2024-02-03
e3e7589e-4bef-82f1-3467-73fbe2908a40,Joseph,Wright,joseph.wright@icloud.com,+1-387-295-7674,1962-02-26,2582 Maple Dr,Jacksonville,FL,32099,US,Engineering,active,2024-04-10
04ca9bf5-1b97-9060-a7f1-24563539bd22,Sandra,Jackson,sandra.jackson@yahoo.com,+1-508-337-8385,1978-03-28,9494 Park Blvd,Dallas,TX,75201,US,Product,suspended,2024-01-02
c0d5dc17-61a5-5642-47d4-1385dc404104,Kimberly,Adams,kimberly.adams@outlook.com,+1-796-151-3506,1985-07-11,1470 Lake Dr,Phoenix,AZ,85001,US,Legal,active,2024-02-15
27b8f178-0ef6-465e-518b-a376d76abc03,Thomas,Gonzalez,thomas.gonzalez@gmail.com,+1-433-649-7006,1969-04-28,769 Maple Dr,San Jose,CA,95101,US,Sales,suspended,2024-10-09
df449bff-bad6-5109-5636-d3b7c06947d3,Margaret,Sanchez,margaret.sanchez@outlook.com,+1-971-876-3612,1980-02-12,3260 Cedar Ln,Philadelphia,PA,19101,US,Sales,suspended,2024-03-20
fdd35eea-92d8-8eb1-66b9-ce275487452b,Joseph,Smith,joseph.smith@yahoo.com,+1-310-320-4349,1966-01-11,164 Cedar Ln,New York,NY,10001,US,Engineering,active,2024-04-09
e6a19ff8-ab9a-9585-1f73-7931b137d223,Anthony,Robinson,anthony.robinson@hotmail.com,+1-638-902-8475,1992-12-04,5984 Main St,Chicago,IL,60601,US,Legal,inactive,2024-03-25
e60d9941-3fc6-8e14-50b0-34fdd057358d,Donald,Flores,donald.flores@icloud.com,+1-966-158-3843,1993-09-06,4555 Elm St,Jacksonville,FL,32099,US,Finance,active,2024-02-06
2bae3b70-7cd5-babe-d0e9-9e5d4220f0b6,Joseph,Mitchell,joseph.mitchell@icloud.com,+1-440-129-4551,1994-07-09,4438 Maple Dr,Seattle,WA,98101,US,Engineering,active,2024-09-10
f5260cb1-29bd-44d4-b7bb-24ab7447b052,Sandra,Jones,sandra.jones@icloud.com,+1-367-777-3169,1964-01-28,4796 Main St,New York,NY,10001,US,Operations,active,2024-08-27
1a01d224-f55c-6af8-c6b4-4036baca2a87,George,Clark,george.clark@outlook.com,+1-687-757-9113,1980-09-30,5262 Pine Rd,Seattle,WA,98101,US,Product,active,2024-10-26
3a363b3a-8aa7-deb9-a3cb-29bd5c1947e1,Joshua,Lopez,joshua.lopez@outlook.com,+1-749-993-8220,1977-04-30,2525 Lake Dr,Los Angeles,CA,90001,US,Sales,active,2024-09-28
95be2ff6-f4ae-5a44-cd7b-6acd0a4434d1,Robert,Lopez,robert.lopez@yahoo.com,+1-904-451-7312,1986-11-10,6459 Pine Rd,Austin,TX,73301,US,HR,suspended,2024-12-24
c4f8c5ce-92ca-910d-738c-f3da30084a02,Barbara,Thomas,barbara.thomas@hotmail.com,+1-278-913-4052,1988-02-19,1634 Maple Dr,San Diego,CA,92101,US,Marketing,active,2024-01-04
b0385cd1-fb86-71c1-58be-6c14b2675285,Dorothy,Robinson,dorothy.robinson@icloud.com,+1-766-525-1819,1970-07-28,1212 Lake Dr,Los Angeles,CA,90001,US,Engineering,inactive,2024-05-23
f8bc60bb-9677-3d4c-1a83-7f9e5a3ede12,John,Green,john.green@yahoo.com,+1-834-732-5125,1966-10-10,5816 Maple Dr,Nashville,TN,37201,US,Operations,active,2024-08-04
38665e81-3ff1-254b-4128-b138bf99a6e3,Elizabeth,Lopez,elizabeth.lopez@yahoo.com,+1-770-565-3978,1977-05-24,2680 Main St,Indianapolis,IN,46201,US,Operations,active,2024-03-05
42bb7890-cf97-b941-af62-a976520c7748,Linda,Harris,linda.harris@yahoo.com,+1-805-761-7266,1990-06-18,3152 Cedar Ln,Fort Worth,TX,76101,US,Engineering,suspended,2024-04-07
4e02ffb3-04bd-d646-d561-2a4ae7a3d3fe,Charles,Jackson,charles.jackson@outlook.com,+1-714-960-9496,1999-05-08,8178 Elm St,Charlotte,NC,28201,US,Engineering,active,2024-08-01
af31dee8-81ea-a853-c415-a46760a55b8e,David,Smith,david.smith@outlook.com,+1-557-173-6131,1990-08-23,3105 Lake Dr,Nashville,TN,37201,US,Legal,active,2024-10-23
bdb77a79-9905-01f8-e0ad-8c81f297ca6e,Elizabeth,Sanchez,elizabeth.sanchez@hotmail.com,+1-524-524-4820,1967-03-05,4392 Maple Dr,San Antonio,TX,78201,US,Legal,inactive,2024-08-11
e2c53f4d-149f-25e3-6b19-b289047d4bc7,David,Hernandez,david.hernandez@outlook.com,+1-608-457-9892,1966-11-21,1372 Maple Dr,Denver,CO,80201,US,Sales,active,2024-11-12
52949fbd-1243-1159-1df5-6402492ca612,Andrew,Campbell,andrew.campbell@yahoo.com,+1-987-520-4577,1986-07-30,689 Maple Dr,Phoenix,AZ,85001,US,Operations,active,2024-11-23
cff716ad-b85f-20e5-ab1a-a0c576990442,Emily,Sanchez,emily.sanchez@yahoo.com,+1-357-761-7694,1970-12-17,2824 Pine Rd,Columbus,OH,43085,US,Sales,active,2024-07-13
ab37ff0a-a574-625f-06ed-eb1183ade32f,Robert,Perez,robert.perez@example.com,+1-764-447-2590,1987-12-20,3188 Cedar Ln,Dallas,TX,75201,US,Marketing,active,2024-11-18
3975864c-d9da-9362-da06-e43988d094a9,Timothy,Williams,timothy.williams2@gmail.com,+1-921-976-3572,1985-09-28,1053 Oak Ave,Dallas,TX,75201,US,Sales,active,2024-02-27
1cd6cf0d-e228-d8e4-e964-f172a9a9bd76,Elizabeth,Jones,elizabeth.jones@outlook.com,+1-928-481-9819,1982-12-09,2518 Park Blvd,San Jose,CA,95101,US,Product,suspended,2024-08-13
8e67d7d8-431b-dc70-53a3-b34e87e504ce,Karen,Smith,karen.smith@gmail.com,+1-750-159-7380,1964-12-02,5068 Pine Rd,Denver,CO,80201,US,Sales,active,2024-01-26
7afe3780-8640-3806-a366-61547136e9e5,Matthew,Lopez,matthew.lopez@icloud.com,+1-450-951-6139,1982-05-01,8533 Elm St,San Francisco,CA,94102,US,Product,inactive,2024-05-28
37bbf154-2119-e1c1-b966-83556f72bb3c,Betty,Mitchell,betty.mitchell@outlook.com,+1-503-774-3953,1986-09-22,1832 Maple Dr,Houston,TX,77001,US,Product,active,2024-03-03
29c09a85-48c9-5572-0ba4-0fdb105fef51,Richard,Lopez,richard.lopez@gmail.com,+1-826-359-9714,1990-12-16,3555 Oak Ave,San Jose,CA,95101,US,HR,inactive,2024-09-19
2746cfa4-724e-b58d-9d70-773edcd9f69f,Deborah,Hall,deborah.hall@gmail.com,+1-978-516-5549,1981-02-16,9427 Oak Ave,Chicago,IL,60601,US,Sales,suspended,2024-12-07
6c187782-6e96-f611-e00c-04a33826ad58,Linda,Mitchell,linda.mitchell@icloud.com,+1-619-121-3754,1962-07-23,35 Main St,New York,NY,10001,US,Engineering,active,2024-04-24
18ab202b-df7a-d7b0-3044-f29765623354,David,Wright,david.wright@outlook.com,+1-203-429-1760,1984-05-26,5352 Maple Dr,San Antonio,TX,78201,US,HR,active,2024-09-08
6afd7346-ecc6-9033-296e-44d5b069acba,Kimberly,Rivera,kimberly.rivera@gmail.com,+1-830-275-2023,1984-10-23,978 Lake Dr,Jacksonville,FL,32099,US,Product,suspended,2024-12-14
8e499061-d805-aa2b-2d64-36ea3a25be44,David,Robinson,david.robinson2@hotmail.com,+1-411-993-9218,1998-06-24,9985 Park Blvd,San Diego,CA,92101,US,Finance,active,2024-08-14
f6a64d7f-a190-28e4-e21e-2ae41d3208db,Melissa,Garcia,melissa.garcia@icloud.com,+1-755-930-7594,1988-06-25,2901 Park Blvd,Austin,TX,73301,US,Legal,active,2024-04-14
817ed3f4-a9f0-5ec4-27b1-85f6309b7234,Kimberly,Martin,kimberly.martin@gmail.com,+1-360-305-4696,1963-05-03,9975 Maple Dr,New York,NY,10001,US,Marketing,suspended,2024-09-24
1034794e-db2b-e1be-ba73-5eb2999f46eb,Joseph,Thompson,joseph.thompson@yahoo.com,+1-741-588-6330,1993-01-24,325 Park Blvd,Charlotte,NC,28201,US,Legal,inactive,2024-07-04
a28284df-019b-2b5d-2ac3-aafc94fe0779,Michelle,Williams,michelle.williams@hotmail.com,+1-751-635-2645,1997-01-11,4365 Cedar Ln,Jacksonville,FL,32099,US,Marketing,suspended,2024-03-15
1c54cdb8-b1dd-fdbb-80cf-9dc7eb108621,Joshua,Lewis,joshua.lewis@hotmail.com,+1-560-707-7864,1980-08-30,9496 Cedar Ln,Houston,TX,77001,US,HR,active,2024-11-16
b3953089-2692-a7e6-bb5c-c587d2689ad4,Elizabeth,Mitchell,elizabeth.mitchell2@example.com,+1-600-485-7039,1992-02-16,6542 Park Blvd,New York,NY,10001,US,Sales,suspended,2024-06-19
97da6c23-81d9-cff9-9de2-d8ca4edc3a08,Michael,Rodriguez,michael.rodriguez2@outlook.com,+1-779-266-6626,1969-02-26,5344 Cedar Ln,Charlotte,NC,28201,US,HR,inactive,2024-11-21
9b9abb6d-dc95-4d75-944f-12fc22f1e7d4,James,Carter,james.carter@hotmail.com,+1-223-555-5392,1999-10-08,7786 Maple Dr,San Jose,CA,95101,US,Product,inactive,2024-10-10
8ffbcc0f-0587-29f3-7c03-af356577aba9,Robert,Carter,robert.carter@hotmail.com,+1-203-666-8492,1987-10-03,5030 Lake Dr,Denver,CO,80201,US,HR,suspended,2024-06-22
318beb4e-8251-afd9-f41f-acd11344c2f6,Donna,Torres,donna.torres@outlook.com,+1-822-921-9258,1972-05-15,4953 Oak Ave,Fort Worth,TX,76101,US,Product,inactive,2024-04-10
8953cabc-94de-d20d-bbaa-e0a4660f1b0b,Sandra,King,sandra.king@example.com,+1-746-209-7239,1969-04-02,4800 Main St,Austin,TX,73301,US,HR,active,2024-06-01
53a0730b-0289-a49c-e036-f00d64fdda37,Joshua,Hernandez,joshua.hernandez@example.com,+1-375-221-1514,1996-02-29,2688 Park Blvd,San Francisco,CA,94102,US,Sales,inactive,2024-01-13
8b5b73df-d701-8ade-04a0-c5990fab3b92,Betty,Jackson,betty.jackson@icloud.com,+1-383-377-9759,2000-06-12,4140 Elm St,Nashville,TN,37201,US,Marketing,active,2024-01-18
54730446-0a88-bdd7-cdf3-92f9aa6cfab9,Paul,Torres,paul.torres@icloud.com,+1-694-412-9861,1999-03-31,9029 Cedar Ln,San Antonio,TX,78201,US,Legal,active,2024-12-04
7273b748-f5cb-2af8-ecea-934f263d979a,Kimberly,Thompson,kimberly.thompson@hotmail.com,+1-579-113-1774,1960-08-26,11 Cedar Ln,San Diego,CA,92101,US,Engineering,active,2024-12-13
98b04e7a-c74f-555d-de93-89dee37b9630,Timothy,Baker,timothy.baker@hotmail.com,+1-564-760-4330,1986-07-25,284 Elm St,Houston,TX,77001,US,Product,active,2024-02-18
aa3b3db7-8a96-b857-fa8f-39237032c8e2,Thomas,Roberts,thomas.roberts@icloud.com,+1-501-542-8353,1997-01-10,9331 Main St,San Antonio,TX,78201,US,Legal,active,2024-11-04
07feb08e-08f0-7b8a-cdbb-bc7aa48a8be5,Dorothy,Walker,dorothy.walker2@yahoo.com,+1-315-746-4343,1999-05-24,7008 Elm St,Columbus,OH,43085,US,Marketing,active,2024-04-09
64b58330-0b13-78a1-f02a-1b379865f96f,Charles,Martin,charles.martin@outlook.com,+1-695-380-6618,1986-12-24,6914 Park Blvd,Phoenix,AZ,85001,US,Operations,active,2024-05-02
98ec5b6a-9c7c-f745-581d-0820e90052ed,Matthew,Martinez,matthew.martinez2@yahoo.com,+1-646-993-8826,1974-07-07,2244 Elm St,Houston,TX,77001,US,Product,active,2024-03-28
a29c9dbe-ee8f-0a88-3728-0c983c64b7e5,Elizabeth,Davis,elizabeth.davis@icloud.com,+1-863-775-5831,1974-11-18,7203 Main St,New York,NY,10001,US,HR,inactive,2024-05-16
98e7d92b-5f53-5718-535f-c8ccc91463ac,Matthew,Martin,matthew.martin@icloud.com,+1-428-715-8161,1990-09-18,5346 Maple Dr,San Jose,CA,95101,US,Marketing,active,2024-09-08
5902bf0b-ba89-1427-5540-990249979fe3,Christopher,Smith,christopher.smith@hotmail.com,+1-423-204-3723,1966-02-25,9764 Main St,Chicago,IL,60601,US,Engineering,active,2024-07-05
ec529f2b-3ca0-cbd6-78e8-bf15c7753db0,Kevin,Lopez,kevin.lopez@gmail.com,+1-997-755-3345,1992-03-02,7591 Lake Dr,Chicago,IL,60601,US,Sales,inactive,2024-05-18
b65d95c2-522c-12e1-8e41-602958b48e1d,Michelle,Wright,michelle.wright@example.com,+1-891-428-6320,1987-09-12,2802 Maple Dr,San Diego,CA,92101,US,HR,active,2024-11-27
809a794c-fa3d-5527-1d9b-a45067f4df95,Daniel,Rodriguez,daniel.rodriguez@example.com,+1-535-600-7033,1964-07-19,1377 Lake Dr,Austin,TX,73301,US,Marketing,active,2024-06-02
72bfa693-4221-ad1e-17be-360d996ad475,Dorothy,Green,dorothy.green@gmail.com,+1-665-414-5411,1973-11-02,7727 Cedar Ln,Jacksonville,FL,32099,US,Operations,active,2024-06-25
4bb9536f-bb74-a62b-da69-aa76be4c2dc5,Barbara,Martin,barbara.martin@hotmail.com,+1-314-953-8557,1992-10-28,1952 Elm St,San Francisco,CA,94102,US,HR,suspended,2024-08-07
82b3158f-7d03-3875-3b3a-ef0a5557bd35,Thomas,Jackson,thomas.jackson@icloud.com,+1-747-131-4641,1961-08-23,3199 Oak Ave,San Antonio,TX,78201,US,Finance,inactive,2024-02-28
99d2f7f2-eb1f-283e-856b-1c79a4f17bc1,Robert,Hall,robert.hall2@yahoo.com,+1-386-537-1613,1997-01-10,8405 Lake Dr,San Diego,CA,92101,US,Sales,suspended,2024-02-12
8e0ac6f5-d3c4-0794-4905-8e120277f141,Elizabeth,Walker,elizabeth.walker2@icloud.com,+1-645-288-6176,1968-10-21,1026 Elm St,Indianapolis,IN,46201,US,Sales,active,2024-08-23
cfea3a8f-7b8d-b32f-39f7-113dba9bb777,Karen,Clark,karen.clark@outlook.com,+1-724-151-2663,1974-09-08,8387 Oak Ave,San Antonio,TX,78201,US,Operations,inactive,2024-11-16
71545572-7aac-3fd3-bc37-6bf5166e6aeb,Richard,Jackson,richard.jackson@outlook.com,+1-960-487-3663,1982-04-10,9708 Park Blvd,Fort Worth,TX,76101,US,Marketing,active,2024-04-07
a10d0623-6046-2998-e37f-24d741c7a406,Betty,Rodriguez,betty.rodriguez@icloud.com,+1-640-368-6594,1985-10-26,863 Main St,Nashville,TN,37201,US,Engineering,active,2024-01-18
e7ea6db4-8802-bbd2-0457-9d6f93d3125a,Joshua,Scott,joshua.scott@outlook.com,+1-439-952-6576,1970-03-22,2683 Oak Ave,Indianapolis,IN,46201,US,Marketing,suspended,2024-10-14
46e53c29-63ce-0666-4b78-9b1fa68a8457,Kevin,King,kevin.king@outlook.com,+1-953-626-9465,1967-08-20,4875 Lake Dr,San Jose,CA,95101,US,Operations,inactive,2024-03-18
c1157613-5939-3a5d-922e-047fb5c12af0,Nancy,Roberts,nancy.roberts@hotmail.com,+1-732-229-9492,1988-06-27,1822 Main St,Austin,TX,73301,US,Sales,active,2024-02-15
d881a73a-a99e-7d01-e5ae-81f3a90b9810,Melissa,Nguyen,melissa.nguyen2@hotmail.com,+1-846-958-2212,1987-04-30,2256 Pine Rd,Seattle,WA,98101,US,Finance,suspended,2024-08-03
433fca8a-f72a-1b7a-ea78-b0884c9b9009,Sandra,Smith,sandra.smith@outlook.com,+1-536-930-2620,1983-09-26,4357 Cedar Ln,Denver,CO,80201,US,Product,inactive,2024-03-17
07996e3b-a360-c4cb-37b7-1c72b9e2f6e0,Betty,King,betty.king@gmail.com,+1-414-640-9237,1968-03-04,5599 Park Blvd,Chicago,IL,60601,US,Marketing,active,2024-10-08
93916c8b-5628-c13e-ea9b-85ebf1fc8f26,Donna,Young,donna.young@icloud.com,+1-211-940-1371,1972-05-04,9386 Maple Dr,Chicago,IL,60601,US,Marketing,inactive,2024-08-19
6c47016c-ecb3-59bf-6cdb-930cdc87885e,Patricia,White,patricia.white@outlook.com,+1-799-312-4621,1985-02-17,6123 Oak Ave,Phoenix,AZ,85001,US,Operations,suspended,2024-09-25
ab3f631b-d60c-e979-c4d0-388b030b23db,Mary,Carter,mary.carter2@example.com,+1-526-299-3073,1993-08-06,6465 Main St,Charlotte,NC,28201,US,Marketing,active,2024-10-08
92d13d77-da53-2699-202a-9ced885afb35,Emily,Garcia,emily.garcia@gmail.com,+1-685-414-3202,1998-06-21,5164 Elm St,San Diego,CA,92101,US,Marketing,active,2024-12-14
19df5a16-cc2f-95ed-88f6-8352d38bca4e,John,Torres,john.torres3@gmail.com,+1-714-834-3015,1974-09-19,700 Pine Rd,San Francisco,CA,94102,US,Operations,active,2024-03-10
eec335f7-57df-4c9a-e7e0-fe2511d67820,Susan,Rivera,susan.rivera@hotmail.com,+1-913-914-9698,1977-12-18,8130 Cedar Ln,San Antonio,TX,78201,US,Product,inactive,2024-03-15
917f61b3-66a4-372a-997e-53d1b87ad896,Jennifer,Wilson,jennifer.wilson2@example.com,+1-451-314-6787,1982-11-11,3965 Main St,Jacksonville,FL,32099,US,Engineering,active,2024-09-11
aa68a301-734a-f94f-4ab9-e0dff4a3ee30,Timothy,Ramirez,timothy.ramirez@gmail.com,+1-452-188-6477,1988-05-21,6322 Park Blvd,Jacksonville,FL,32099,US,Finance,suspended,2024-08-19
6494446a-3f00-5dab-4a49-0f80613c9847,Elizabeth,Thompson,elizabeth.thompson@outlook.com,+1-895-728-1697,1964-07-17,2196 Cedar Ln,Houston,TX,77001,US,Legal,inactive,2024-03-15
60d2642e-a670-af0f-c405-86bcff2c37dc,Mary,Hernandez,mary.hernandez@icloud.com,+1-619-104-6621,1978-12-03,4086 Pine Rd,Nashville,TN,37201,US,Sales,suspended,2024-02-13
9f9a8a33-1ad6-ff7b-e4af-65aa08f343a9,Thomas,Taylor,thomas.taylor@gmail.com,+1-913-572-6297,1963-06-08,3355 Elm St,Columbus,OH,43085,US,HR,inactive,2024-05-02
22a7899d-0050-1cd8-8bff-35b38f6a5979,Nancy,Davis,nancy.davis@gmail.com,+1-702-319-1135,1990-01-08,4327 Maple Dr,San Antonio,TX,78201,US,Legal,inactive,2024-04-14
740aa8ad-4545-448d-ad2a-a94b4258828b,William,Allen,william.allen@gmail.com,+1-318-641-4766,1988-06-05,9699 Elm St,Dallas,TX,75201,US,Finance,active,2024-10-14
dc4de578-c194-73fe-b1f6-d38e4297bb04,Andrew,Williams,andrew.williams@hotmail.com,+1-875-980-1058,1978-01-14,9334 Maple Dr,Indianapolis,IN,46201,US,Sales,suspended,2024-09-25
c1204784-51e5-0918-df04-ea9f4505f98e,Sarah,Flores,sarah.flores2@icloud.com,+1-559-214-4885,1994-04-30,5385 Lake Dr,Charlotte,NC,28201,US,Sales,inactive,2024-02-15
fc30c77c-8f58-ed08-f5b9-17b18d84067f,Sarah,Gonzalez,sarah.gonzalez@gmail.com,+1-322-907-2731,1996-02-27,6288 Pine Rd,Columbus,OH,43085,US,Engineering,active,2024-05-07
784aed02-8c62-6a8f-349e-b0da7e509ec4,Emily,Allen,emily.allen@icloud.com,+1-653-767-6884,1982-10-02,8389 Cedar Ln,Chicago,IL,60601,US,Finance,active,2024-07-10
b7ab7799-3b88-46e6-1823-979040460d07,Timothy,Walker,timothy.walker@hotmail.com,+1-208-719-1204,1997-03-15,1847 Elm St,New York,NY,10001,US,Finance,suspended,2024-11-28
43b6c14b-5943-2577-221c-08a365599255,Anthony,Johnson,anthony.johnson2@yahoo.com,+1-370-140-5292,1965-09-23,1112 Maple Dr,Seattle,WA,98101,US,Finance,active,2024-10-02
c209cac4-44be-71b9-01df-e84a224a94a5,George,Adams,george.adams@outlook.com,+1-486-167-1322,1980-09-18,928 Lake Dr,Charlotte,NC,28201,US,HR,active,2024-10-07
0f3b35f9-1345-c526-a4ab-ce568d03bd2f,David,Moore,david.moore@outlook.com,+1-836-594-6071,1997-09-08,1619 Maple Dr,San Diego,CA,92101,US,Sales,active,2024-09-15
fba38051-63c8-4474-be91-935426a97770,Mary,Nguyen,mary.nguyen@example.com,+1-461-986-7666,1981-04-16,3354 Maple Dr,Seattle,WA,98101,US,Sales,active,2024-02-16
b1a33f6d-e3db-e202-d516-f81c43d8015f,Karen,Martinez,karen.martinez@yahoo.com,+1-861-789-4505,1960-08-17,2825 Park Blvd,San Jose,CA,95101,US,Marketing,active,2024-09-27
19664504-6e7e-b978-869d-7b0161f03b99,Donna,Brown,donna.brown@gmail.com,+1-904-490-4524,1973-09-13,824 Lake Dr,San Antonio,TX,78201,US,Engineering,active,2024-09-13
c76ee7c0-26c5-3162-ee12-5271ef2b03e0,Mark,Hall,mark.hall@example.com,+1-235-132-6492,1962-07-07,3874 Park Blvd,Philadelphia,PA,19101,US,Product,active,2024-02-19
77002b66-56c6-5adb-028d-d02507fb3bdd,Nancy,Gonzalez,nancy.gonzalez@hotmail.com,+1-687-719-6128,1986-03-03,492 Main St,Seattle,WA,98101,US,Marketing,inactive,2024-04-05
76237f14-9d86-a7ff-3758-16cf761df97f,Lisa,Torres,lisa.torres2@gmail.com,+1-291-294-1567,1995-10-27,7397 Maple Dr,New York,NY,10001,US,Sales,active,2024-02-07
135896aa-e275-1ce6-78fd-3b1682628a03,Paul,Harris,paul.harris@icloud.com,+1-870-499-9120,1993-05-04,2336 Maple Dr,Los Angeles,CA,90001,US,Marketing,active,2024-05-11
1c67d4d6-7ef8-6974-ffb0-f0271ca3d15a,Amanda,Roberts,amanda.roberts@outlook.com,+1-783-271-9964,1995-07-17,1121 Lake Dr,Columbus,OH,43085,US,Engineering,inactive,2024-05-10
4b0af1e0-4d31-5b7c-c273-973b39bfccca,Jessica,Clark,jessica.clark@gmail.com,+1-334-288-6907,1997-01-03,2363 Oak Ave,Phoenix,AZ,85001,US,Product,active,2024-03-11
bb8999fa-f450-45ad-2454-9c98151071bc,Elizabeth,Wilson,elizabeth.wilson@icloud.com,+1-880-847-1278,1993-11-18,9558 Pine Rd,Dallas,TX,75201,US,HR,inactive,2024-08-06
a0216b00-a43c-cdd5-6bb0-c8a02ec0f10a,Matthew,Flores,matthew.flores@gmail.com,+1-561-423-2546,1990-04-02,3681 Maple Dr,San Antonio,TX,78201,US,Legal,inactive,2024-02-21
2249aa0f-ad58-35f3-f87e-213cf8736e59,Sandra,Hill,sandra.hill2@outlook.com,+1-476-453-6883,1961-01-29,9574 Elm St,Seattle,WA,98101,US,Marketing,inactive,2024-01-05
94d96516-897a-68c9-ee1d-b5eef4804b7b,Michael,Miller,michael.miller@icloud.com,+1-293-274-8042,1974-05-04,8856 Park Blvd,Houston,TX,77001,US,HR,suspended,2024-09-14
8381863c-fb0c-d85d-e886-68a4e0f99296,Thomas,Walker,thomas.walker@icloud.com,+1-890-531-3079,1995-06-28,3505 Lake Dr,Columbus,OH,43085,US,Product,active,2024-01-17
3b108cba-bfcb-aa55-82dc-286e060cfba5,Dorothy,Moore,dorothy.moore@outlook.com,+1-648-940-2451,1971-08-11,9250 Oak Ave,Charlotte,NC,28201,US,Engineering,inactive,2024-05-20
923f720a-6756-84ce-0ce3-dcce0b2a2994,Andrew,Rodriguez,andrew.rodriguez@gmail.com,+1-954-843-9668,1973-06-28,3304 Park Blvd,Columbus,OH,43085,US,Sales,active,2024-06-08
f35977e1-f1cd-f51a-72f4-c4b3453a2e55,Sarah,Wright,sarah.wright@outlook.com,+1-240-616-3584,1979-08-09,1922 Cedar Ln,San Francisco,CA,94102,US,Product,active,2024-05-14
33057245-2a9f-b994-ff74-7a8a10e00199,Elizabeth,Martinez,elizabeth.martinez@example.com,+1-961-844-9055,1967-07-18,2432 Main St,New York,NY,10001,US,Operations,active,2024-01-07
607cbd33-84dc-ff4d-8c6d-5cde04a7083d,Timothy,Wilson,timothy.wilson@gmail.com,+1-454-912-5779,1960-12-03,6608 Lake Dr,Los Angeles,CA,90001,US,Finance,suspended,2024-02-20
ffd04fa6-9170-d854-c734-817fc4a360a6,James,Smith,james.smith@icloud.com,+1-292-224-5130,1985-08-24,1952 Park Blvd,San Francisco,CA,94102,US,Engineering,active,2024-10-28
7e95b992-af7d-a5d4-238c-929d3c2f5047,Jennifer,Harris,jennifer.harris@icloud.com,+1-406-567-9715,1996-10-19,9457 Lake Dr,Phoenix,AZ,85001,US,Engineering,inactive,2024-01-18
dac5169d-f15b-854e-150b-1760f371c77e,George,Perez,george.perez2@outlook.com,+1-760-535-8864,1997-10-18,4228 Park Blvd,Seattle,WA,98101,US,Finance,active,2024-01-01
1e65ca50-6f3f-753b-3fc1-298438181f7a,Joshua,Nguyen,joshua.nguyen@icloud.com,+1-299-840-5002,1990-09-11,7302 Oak Ave,Dallas,TX,75201,US,Marketing,suspended,2024-02-11
5468edcc-4256-dc8d-b1bd-d56a5e8fb079,Jennifer,Nelson,jennifer.nelson@icloud.com,+1-713-244-6063,1988-12-19,2459 Main St,Seattle,WA,98101,US,Finance,active,2024-11-01
693ee2d5-69b2-0a83-4719-94c93d3a79ab,Robert,White,robert.white@yahoo.com,+1-230-557-6269,1994-03-18,6146 Pine Rd,Austin,TX,73301,US,HR,suspended,2024-12-09
8ceff4f4-0efd-cce7-1872-11540dbd384d,Betty,Ramirez,betty.ramirez@hotmail.com,+1-341-373-1262,1992-02-14,2282 Oak Ave,Phoenix,AZ,85001,US,Sales,active,2024-11-08
641df3f9-e403-cbbb-f602-49b52637fce4,Steven,Lewis,steven.lewis@icloud.com,+1-344-134-9697,1960-01-19,5680 Oak Ave,San Jose,CA,95101,US,Legal,active,2024-12-11
4fc34028-695d-b06d-3151-bb94f88f7584,William,Robinson,william.robinson@yahoo.com,+1-363-327-6643,1988-07-31,7446 Main St,Jacksonville,FL,32099,US,Engineering,active,2024-02-06
8c881f36-1b70-5635-54fe-f8cfb3831f17,Donna,Miller,donna.miller@icloud.com,+1-318-803-7859,1984-09-29,1138 Maple Dr,Phoenix,AZ,85001,US,Operations,active,2024-10-01
9a037182-76f3-304d-0f92-b3fb081df5b6,Charles,Nelson,charles.nelson@hotmail.com,+1-377-324-1907,1999-08-17,4334 Park Blvd,Houston,TX,77001,US,Product,active,2024-01-03
16f89d97-0795-7c4a-162f-bcea7551eb4f,William,Scott,william.scott@yahoo.com,+1-940-863-3879,1966-06-06,3286 Maple Dr,San Francisco,CA,94102,US,Product,active,2024-06-03
7f6d19a8-02f3-8593-5fcf-960eb71fe000,William,Johnson,william.johnson@example.com,+1-953-539-8130,1983-11-18,5327 Cedar Ln,Dallas,TX,75201,US,HR,active,2024-07-24
6b411683-7097-2046-fa7c-f89324f295fc,John,Martin,john.martin@example.com,+1-424-972-5912,2000-02-04,6273 Main St,Philadelphia,PA,19101,US,Marketing,suspended,2024-02-11
fba837a7-a03c-6494-cc6d-bed4be576fe1,Jessica,Smith,jessica.smith2@outlook.com,+1-409-849-6064,1992-04-05,8058 Maple Dr,Indianapolis,IN,46201,US,HR,active,2024-06-18
515ea371-f0b1-0781-29c6-49ec2b48a034,Anthony,Garcia,anthony.garcia@hotmail.com,+1-975-203-3067,1983-12-27,7518 Maple Dr,Columbus,OH,43085,US,Product,inactive,2024-01-17
6672cf51-c87d-f059-b2e3-e64bee8fd6ca,Betty,Clark,betty.clark@example.com,+1-356-976-3130,1975-10-01,4523 Oak Ave,Fort Worth,TX,76101,US,Legal,inactive,2024-09-15
a9927ca9-149c-eebd-d472-511a7792a78a,Steven,Moore,steven.moore@icloud.com,+1-363-692-1984,1981-03-25,3403 Elm St,San Jose,CA,95101,US,Engineering,active,2024-07-04
25445d8c-f93a-db04-4d24-6ef6fe50e2da,Steven,Martin,steven.martin@icloud.com,+1-328-340-6131,1981-09-06,4455 Cedar Ln,Denver,CO,80201,US,HR,active,2024-05-24
163dcf6f-269b-ded7-1c47-4b1cf28dacb1,Anthony,Mitchell,anthony.mitchell@hotmail.com,+1-544-909-8091,1966-11-01,4142 Elm St,Seattle,WA,98101,US,Sales,active,2024-05-19
1683541b-d180-1014-a48f-b9e94876494b,Elizabeth,Johnson,elizabeth.johnson@hotmail.com,+1-984-226-2656,1995-12-07,8079 Cedar Ln,Dallas,TX,75201,US,Marketing,suspended,2024-03-15
ad5ae575-565d-6ed0-39b0-5c644e85661e,Jessica,Smith,jessica.smith@example.com,+1-800-907-5710,1970-06-22,8200 Maple Dr,Columbus,OH,43085,US,Marketing,suspended,2024-09-09
c62d7b34-ddbd-67b1-4279-c1cc67b80414,Emily,Clark,emily.clark@icloud.com,+1-218-455-2611,1978-03-05,1651 Main St,New York,NY,10001,US,Sales,active,2024-03-27
3f4435c3-2fbd-af4f-b9e8-ba00cd59855d,Nancy,Martin,nancy.martin@yahoo.com,+1-230-221-7577,1963-09-09,835 Pine Rd,Dallas,TX,75201,US,Product,active,2024-04-16
33dfeff6-0ef6-da2a-fcc9-cdf10d88fa93,Barbara,Miller,barbara.miller@example.com,+1-367-163-4303,1977-04-09,1721 Lake Dr,San Francisco,CA,94102,US,Engineering,active,2024-02-26
d033dd5e-798f-5e3f-efd1-422eeb428215,Sarah,Williams,sarah.williams@gmail.com,+1-319-346-2752,1973-05-11,8133 Oak Ave,San Antonio,TX,78201,US,Legal,suspended,2024-07-02
fcd9915d-c2b4-08fc-27d4-9ec5ed646014,Deborah,Mitchell,deborah.mitchell@gmail.com,+1-563-800-1834,1999-08-29,8313 Pine Rd,Fort Worth,TX,76101,US,Marketing,suspended,2024-11-10
a0f1963a-0269-b71b-ebd7-fd915d5a43aa,Kenneth,Robinson,kenneth.robinson@icloud.com,+1-323-178-4375,1998-11-27,7169 Elm St,Austin,TX,73301,US,Finance,active,2024-09-06
de02ad35-ad0e-0e1b-874a-c31d8ee068b6,Amanda,Davis,amanda.davis2@gmail.com,+1-654-635-1056,1967-06-20,7728 Maple Dr,Indianapolis,IN,46201,US,Legal,suspended,2024-01-23
b0b4d74e-8d72-441d-0709-9bf86d3f9e04,Joseph,Robinson,joseph.robinson@gmail.com,+1-724-213-8700,1964-09-29,2534 Maple Dr,Columbus,OH,43085,US,Finance,suspended,2024-10-21
7c33c04f-32ad-ddad-8914-d0391ee096ff,Matthew,Taylor,matthew.taylor@hotmail.com,+1-546-957-4714,1994-10-04,661 Lake Dr,Indianapolis,IN,46201,US,Product,suspended,2024-02-01
5dc838f0-8c8d-f318-b760-9e4cb90914d8,Elizabeth,Jackson,elizabeth.jackson@icloud.com,+1-560-576-9200,1990-03-22,516 Main St,New York,NY,10001,US,Sales,active,2024-11-28
298a7a60-2fac-4e8c-f6c9-4743652fd941,Charles,Gonzalez,charles.gonzalez@yahoo.com,+1-324-500-1623,1999-04-23,6299 Park Blvd,San Antonio,TX,78201,US,Operations,inactive,2024-05-13
5b44102f-aec1-6f6c-aea7-4c2e7146a1c1,Kevin,Walker,kevin.walker@gmail.com,+1-267-547-2939,1995-12-04,4029 Elm St,Fort Worth,TX,76101,US,Sales,active,2024-06-02
0121221d-129c-717f-636d-de12252b473a,Melissa,Davis,melissa.davis@hotmail.com,+1-691-109-4564,1996-12-08,3238 Elm St,San Jose,CA,95101,US,Engineering,suspended,2024-05-26
93f06c26-38dd-9a5e-dd9e-ae7389c70e18,David,Jackson,david.jackson@yahoo.com,+1-340-395-9877,1987-10-24,4798 Oak Ave,Houston,TX,77001,US,Finance,active,2024-01-10
03f5dc20-d065-699a-1318-9bf2cf3ab554,Michael,Mitchell,michael.mitchell@hotmail.com,+1-523-978-4745,1996-04-21,768 Maple Dr,Nashville,TN,37201,US,Marketing,active,2024-02-13
b6819b33-677e-e2ce-4a71-fa06b2c2dd37,Donald,Campbell,donald.campbell@outlook.com,+1-450-336-6406,1977-05-30,3813 Pine Rd,Seattle,WA,98101,US,Marketing,active,2024-01-11
27ccc1dd-fe5e-36e2-c4ca-023342739de8,Mary,Davis,mary.davis@outlook.com,+1-702-617-7954,1978-11-13,2004 Elm St,Indianapolis,IN,46201,US,Legal,active,2024-09-11
72f44add-e7e4-a92a-138c-549cc53acbfc,Christopher,Mitchell,christopher.mitchell@gmail.com,+1-704-437-2613,1984-06-28,2196 Cedar Ln,Phoenix,AZ,85001,US,Operations,suspended,2024-08-17
a3b5bc49-f05a-fb4a-daa5-1cfb605a79a3,Michael,Perez,michael.perez@outlook.com,+1-246-880-8567,1966-12-10,2635 Cedar Ln,Dallas,TX,75201,US,Product,active,2024-03-10
766b6138-c5ee-154f-6c3f-fefb47ba1cc7,Charles,Ramirez,charles.ramirez@example.com,+1-679-244-1600,1994-08-13,5868 Oak Ave,Jacksonville,FL,32099,US,Legal,active,2024-01-15
43799d48-ce35-d5ea-625f-c9245c9557ea,Susan,Brown,susan.brown2@icloud.com,+1-972-767-8875,1965-06-30,8710 Cedar Ln,Charlotte,NC,28201,US,Legal,active,2024-04-04
e37fb2dd-2f8a-d8e5-c6bc-b0d00415052c,Ashley,Lee,ashley.lee@outlook.com,+1-652-403-2194,1983-10-11,4944 Elm St,San Diego,CA,92101,US,Legal,active,2024-07-02
af6c9f36-64f9-2ef3-c072-15b1c544966b,David,Torres,david.torres@yahoo.com,+1-740-512-3416,1971-08-23,7388 Maple Dr,Austin,TX,73301,US,HR,active,2024-08-14
aee5b68c-6093-418a-e472-3a97a7178558,Margaret,Taylor,margaret.taylor@yahoo.com,+1-411-247-8835,1979-12-23,1108 Cedar Ln,New York,NY,10001,US,Operations,active,2024-12-18
e4a3482f-37c7-83d1-2018-ed3f9a8ed6e8,Betty,Walker,betty.walker@hotmail.com,+1-741-541-9256,1976-01-24,7786 Main St,Phoenix,AZ,85001,US,Product,active,2024-05-17
c7b95bd9-55a8-edb9-b1a4-da6c0eba92ac,Dorothy,Sanchez,dorothy.sanchez2@icloud.com,+1-579-896-4855,1967-11-29,4256 Main St,San Diego,CA,92101,US,Operations,active,2024-11-17
157470f1-be01-0fe7-6b09-ea4293e4d5f7,Joshua,Roberts,joshua.roberts@yahoo.com,+1-535-710-8362,1968-12-21,7030 Pine Rd,Indianapolis,IN,46201,US,Engineering,active,2024-04-22
800c8efb-7943-bf07-bc9b-58720eca3630,Michelle,Mitchell,michelle.mitchell@outlook.com,+1-809-574-9188,1980-03-12,5555 Elm St,Columbus,OH,43085,US,HR,active,2024-07-28
4279dcd6-86e7-6c6c-c800-69fbd4c7ca67,Robert,Nguyen,robert.nguyen@example.com,+1-350-965-3964,1970-10-27,7813 Cedar Ln,New York,NY,10001,US,Product,active,2024-08-24
7b6de071-25b0-8a57-a4ba-1e5cf195dc4c,Susan,Lopez,susan.lopez2@gmail.com,+1-305-208-2228,1967-11-14,7616 Elm St,Philadelphia,PA,19101,US,Legal,inactive,2024-10-04
9de5d2eb-2859-6e80-4b66-2fe0c7893c91,Ashley,Miller,ashley.miller@hotmail.com,+1-756-480-2868,1962-07-26,4735 Pine Rd,Philadelphia,PA,19101,US,Product,suspended,2024-09-08
020359c1-941e-22e9-f492-12e96cc1bd55,John,White,john.white@yahoo.com,+1-412-698-3935,1997-06-24,3067 Main St,Houston,TX,77001,US,Sales,inactive,2024-10-26
7ed62e8c-44c5-6f6a-65c3-ea24adb94578,Kimberly,Smith,kimberly.smith@gmail.com,+1-279-162-7919,1968-04-08,8952 Main St,Dallas,TX,75201,US,Marketing,inactive,2024-08-25
0a120876-c74d-e5e3-e318-96d57216006c,Mary,Wilson,mary.wilson@gmail.com,+1-550-801-1176,1968-09-13,540 Pine Rd,Fort Worth,TX,76101,US,Finance,active,2024-03-14
1cf63fae-da51-db69-394f-fcb993dbc3a5,Sandra,Lopez,sandra.lopez@outlook.com,+1-651-263-5565,1976-11-24,7268 Park Blvd,Dallas,TX,75201,US,Finance,suspended,2024-01-18
0f94e2f9-4296-8a4a-5339-8474edfc1ab2,Joseph,Torres,joseph.torres@gmail.com,+1-360-458-6325,1993-12-03,1782 Cedar Ln,Fort Worth,TX,76101,US,Finance,active,2024-08-23
e5121da2-28fa-0a73-1646-113ddc7639e5,David,Carter,david.carter@hotmail.com,+1-786-220-7350,1984-04-06,3641 Elm St,Philadelphia,PA,19101,US,Engineering,active,2024-10-27
a5588005-6527-6d38-73db-22db6b76c990,Margaret,Brown,margaret.brown@yahoo.com,+1-539-943-3812,1992-03-25,7433 Maple Dr,Columbus,OH,43085,US,HR,active,2024-04-19
00256416-b908-803c-73e0-72cb05fd35aa,Ashley,Taylor,ashley.taylor@icloud.com,+1-717-979-9947,1976-10-04,7125 Pine Rd,Denver,CO,80201,US,Engineering,inactive,2024-12-16
aa447966-029e-6783-8baf-15160b6a9167,Nancy,Carter,nancy.carter@hotmail.com,+1-932-205-3814,1967-08-11,9749 Main St,New York,NY,10001,US,Sales,active,2024-02-12
928a44dd-8ace-87b7-4250-f956478cd79d,Deborah,Martin,deborah.martin@yahoo.com,+1-235-698-4689,1961-06-17,2841 Maple Dr,Nashville,TN,37201,US,Operations,active,2024-04-07
cf41205c-276a-3335-0a6d-bd8b11365b34,Elizabeth,Smith,elizabeth.smith@yahoo.com,+1-583-767-6429,1976-01-14,5637 Main St,San Diego,CA,92101,US,Marketing,suspended,2024-12-08
81196352-94b5-8d54-67a2-4ab3daf60099,Lisa,Jackson,lisa.jackson@outlook.com,+1-767-927-5666,1970-02-20,3411 Cedar Ln,Los Angeles,CA,90001,US,Finance,active,2024-03-10
899348fc-cfd5-1f1e-01da-a44021dbf7f7,Jessica,Sanchez,jessica.sanchez@yahoo.com,+1-227-455-9820,1979-02-21,3777 Oak Ave,Denver,CO,80201,US,Sales,active,2024-05-03
648ff83f-9933-a462-c058-ec0f5555c133,David,Nguyen,david.nguyen@gmail.com,+1-520-995-3193,1994-12-28,925 Oak Ave,Charlotte,NC,28201,US,Sales,active,2024-08-13
28f93da0-4721-8489-5f27-6ba796870bf1,Richard,Jones,richard.jones@hotmail.com,+1-267-115-7290,1973-11-10,2987 Pine Rd,Charlotte,NC,28201,US,Marketing,suspended,2024-04-15
13759f4a-7243-3e53-6541-02672e49a904,Lisa,Flores,lisa.flores2@gmail.com,+1-919-334-2636,1965-12-09,7891 Elm St,Denver,CO,80201,US,Finance,inactive,2024-03-14
eaf590ed-a12a-8971-8239-e5a8da614a73,Sarah,Walker,sarah.walker@outlook.com,+1-608-357-7276,1989-12-14,1686 Maple Dr,Phoenix,AZ,85001,US,Engineering,suspended,2024-07-04
a8eb963a-2888-ead9-97d4-d81b92326c46,Mark,Roberts,mark.roberts@yahoo.com,+1-959-645-5400,1960-03-14,5168 Maple Dr,New York,NY,10001,US,HR,active,2024-04-06
5ac8c08c-54f5-1900-dc2c-e1c43af31608,Amanda,Miller,amanda.miller@gmail.com,+1-210-425-2541,1990-12-31,4439 Cedar Ln,Jacksonville,FL,32099,US,Sales,active,2024-10-21
ead5d65a-7c30-761e-710d-c918d9f23b37,Michael,Martin,michael.martin@yahoo.com,+1-805-572-3288,1983-03-18,4276 Lake Dr,Los Angeles,CA,90001,US,Sales,active,2024-12-24
d1924b21-b54c-54f9-3c7b-fe7e8b95e8ea,Thomas,Rodriguez,thomas.rodriguez@yahoo.com,+1-460-743-6264,1982-07-04,8843 Oak Ave,Chicago,IL,60601,US,Sales,active,2024-05-25
d45b1527-61d8-1be9-a250-ed787e223279,Paul,Walker,paul.walker@hotmail.com,+1-788-303-4423,1979-05-09,3842 Maple Dr,Los Angeles,CA,90001,US,Product,active,2024-02-12
4a32b32a-aa5f-0169-8afb-9b2db766c0f6,Donna,Brown,donna.brown@yahoo.com,+1-643-381-1939,1980-12-16,8516 Elm St,Austin,TX,73301,US,Operations,suspended,2024-09-07
7a52cd11-cb32-32ab-b5e9-fa216fef2a24,Melissa,Wright,melissa.wright@yahoo.com,+1-338-514-3816,1991-05-18,295 Pine Rd,Austin,TX,73301,US,Product,inactive,2024-03-22
c7b7383e-dcbd-4d9b-377a-132cec89cea7,Emily,Roberts,emily.roberts@yahoo.com,+1-852-995-6224,1973-09-08,6116 Oak Ave,Jacksonville,FL,32099,US,Product,active,2024-09-06
5a487fd6-2ef0-17e7-8885-46da1b35caa1,Elizabeth,Lopez,elizabeth.lopez@outlook.com,+1-946-914-7647,1993-11-12,2753 Pine Rd,New York,NY,10001,US,Legal,active,2024-09-14
f21d96e7-d9e0-7cbd-1734-295703411e59,Richard,Nguyen,richard.nguyen@outlook.com,+1-373-911-3662,1988-12-25,4026 Pine Rd,Philadelphia,PA,19101,US,Marketing,active,2024-10-19
64f8a4b1-6ae1-a31f-a7b6-3925b3c120c3,Elizabeth,Hill,elizabeth.hill@gmail.com,+1-374-951-8264,1987-02-28,652 Maple Dr,New York,NY,10001,US,Product,inactive,2024-01-09
7a2ab300-1116-bead-2f63-787731b77072,Lisa,Brown,lisa.brown@icloud.com,+1-491-762-1644,1979-04-21,308 Cedar Ln,Jacksonville,FL,32099,US,Marketing,active,2024-12-25
9e830948-89eb-14e8-3367-1e1cc354fc52,Jennifer,Torres,jennifer.torres2@yahoo.com,+1-381-237-3626,1976-08-18,4881 Lake Dr,San Diego,CA,92101,US,Marketing,active,2024-10-08
87647505-ee88-19c9-0571-cc8df7102c89,Matthew,Smith,matthew.smith@example.com,+1-347-572-8960,1978-11-01,611 Elm St,Los Angeles,CA,90001,US,Product,active,2024-07-04
213a839c-decc-87f2-6f98-e008f9c20003,Carol,Mitchell,carol.mitchell@hotmail.com,+1-600-388-4578,1981-04-06,8614 Elm St,Los Angeles,CA,90001,US,Engineering,active,2024-10-11
d37f6059-71d7-64ba-1712-df486c74eed4,Joseph,Robinson,joseph.robinson@yahoo.com,+1-635-774-3402,1972-03-04,3653 Oak Ave,San Antonio,TX,78201,US,Finance,active,2024-07-04
6f6e0a4e-f70a-1523-17d8-e814b669c307,James,Adams,james.adams@icloud.com,+1-506-240-4277,1972-09-12,1625 Park Blvd,Dallas,TX,75201,US,Operations,active,2024-05-04
636ba8a3-e50e-f872-a892-f46778494ae5,Melissa,Gonzalez,melissa.gonzalez@hotmail.com,+1-735-470-8808,1980-10-22,6885 Main St,Philadelphia,PA,19101,US,Product,active,2024-05-20
cf10ecb5-6db6-8f14-e147-a5cf47068498,Charles,Lopez,charles.lopez@icloud.com,+1-271-584-6370,1996-09-23,5574 Oak Ave,Los Angeles,CA,90001,US,Legal,active,2024-02-27
2ec8d7c7-b284-6e07-4cbe-5d5d2c24bc1b,Ashley,Flores,ashley.flores@icloud.com,+1-242-272-5702,1968-06-20,9181 Cedar Ln,Denver,CO,80201,US,Legal,active,2024-05-25
c7e9607b-6dab-aa1c-5868-e32a44c77106,Sarah,Jones,sarah.jones@hotmail.com,+1-543-915-4217,1969-10-28,8209 Park Blvd,Philadelphia,PA,19101,US,HR,inactive,2024-10-25
39b3742d-becf-bc0b-5ea6-2cb9893ba2ae,James,Hernandez,james.hernandez2@outlook.com,+1-587-962-3241,1994-08-30,6849 Main St,San Jose,CA,95101,US,HR,inactive,2024-03-07
f5103222-fab0-509e-0318-31eba72052b4,Dorothy,Ramirez,dorothy.ramirez@example.com,+1-203-709-6552,1962-11-01,3722 Elm St,Dallas,TX,75201,US,Operations,inactive,2024-12-09
9a78ceed-9708-094c-c7bd-251a523fded7,Elizabeth,Garcia,elizabeth.garcia@hotmail.com,+1-216-955-1532,1970-07-08,9529 Cedar Ln,Dallas,TX,75201,US,Legal,suspended,2024-02-09
691acd19-a295-5303-a5c5-677fd8afa26c,Carol,Ramirez,carol.ramirez@gmail.com,+1-954-196-5810,1981-12-03,3640 Lake Dr,San Jose,CA,95101,US,HR,active,2024-04-15
d7deaa33-738d-21e8-c0a0-07018acfbadc,Patricia,Sanchez,patricia.sanchez@example.com,+1-867-976-6757,1963-09-11,6810 Pine Rd,Fort Worth,TX,76101,US,Product,inactive,2024-03-22
f6f4fc48-e6bd-7f5e-cf23-7be0ecb3a74d,Matthew,Carter,matthew.carter@yahoo.com,+1-268-476-5864,1984-10-28,1428 Elm St,Fort Worth,TX,76101,US,Engineering,active,2024-03-15
845ba1d0-c6ee-1f6a-02d6-fd311c28bbd8,Donald,Hall,donald.hall@yahoo.com,+1-515-442-1671,1997-10-26,7446 Park Blvd,Denver,CO,80201,US,Engineering,active,2024-04-12
b4b511b9-3a57-3c6e-0958-63f4e640bc25,Anthony,Carter,anthony.carter@hotmail.com,+1-453-554-5374,1975-02-19,6961 Cedar Ln,Los Angeles,CA,90001,US,Finance,active,2024-07-16
b36a7314-7893-aa69-6790-b027d142a871,Michelle,Lewis,michelle.lewis@example.com,+1-323-661-3222,1960-12-30,2999 Maple Dr,San Antonio,TX,78201,US,Product,inactive,2024-08-19
8211dfed-73be-43cc-830b-ed4fc566a2fa,Michelle,Moore,michelle.moore@gmail.com,+1-862-619-8059,1960-09-21,5392 Cedar Ln,Nashville,TN,37201,US,Operations,suspended,2024-01-13
d02e4ccc-ae03-43a9-4dff-80fc34504da6,Donald,Carter,donald.carter@yahoo.com,+1-373-813-9438,1978-08-08,8253 Lake Dr,Denver,CO,80201,US,Product,active,2024-12-28
922d2afe-4d7c-a758-a305-5dbfabb5fd1e,Christopher,Green,christopher.green@outlook.com,+1-341-242-2932,1997-11-07,7462 Main St,New York,NY,10001,US,HR,suspended,2024-07-25
715a27c5-b929-6f54-aecb-962566c6ea9b,Brian,Carter,brian.carter@gmail.com,+1-230-516-7402,1998-10-08,3375 Maple Dr,Seattle,WA,98101,US,Engineering,active,2024-07-25
9489133c-cf40-ee1a-f189-918931107d36,David,Torres,david.torres2@example.com,+1-795-281-9338,1981-04-15,1313 Maple Dr,New York,NY,10001,US,Legal,active,2024-09-05
1726e178-76b1-cd87-3bbe-d1b4cde57aa6,Anthony,Hall,anthony.hall@outlook.com,+1-668-855-1099,1994-08-28,8748 Park Blvd,San Antonio,TX,78201,US,HR,suspended,2024-05-06
976343b4-b209-683e-b7cc-715734cc97ac,Betty,Nguyen,betty.nguyen@outlook.com,+1-748-803-4840,1961-05-09,1428 Cedar Ln,Philadelphia,PA,19101,US,Operations,active,2024-11-21
9c4973a4-90c9-e728-c66c-21045bd9d3c9,Joshua,Hall,joshua.hall@gmail.com,+1-628-560-1438,1972-08-29,6233 Maple Dr,Houston,TX,77001,US,Marketing,suspended,2024-06-27
87cef9a2-9b75-459c-ff09-338c422aaaa7,Paul,Lewis,paul.lewis2@yahoo.com,+1-366-378-4801,1976-07-02,9199 Pine Rd,New York,NY,10001,US,Finance,active,2024-12-05
6a0e99b2-1c94-d5c6-89ed-4d64b984933d,Brian,Baker,brian.baker@example.com,+1-682-614-1091,1980-11-24,6331 Park Blvd,Chicago,IL,60601,US,HR,active,2024-11-04
ebcfbcfa-e726-9390-c235-25c0c16f584a,Lisa,Adams,lisa.adams@icloud.com,+1-253-205-7219,1998-09-28,4139 Maple Dr,Denver,CO,80201,US,Marketing,active,2024-01-07
fa32126e-995d-1d59-efd9-b5e10ded1b4d,Mark,Roberts,mark.roberts@gmail.com,+1-359-522-5888,1981-05-08,697 Lake Dr,Houston,TX,77001,US,Engineering,active,2024-01-17
dbe79ccb-f600-2685-ddbd-3afbe5f3fcb9,Kenneth,Wright,kenneth.wright@gmail.com,+1-267-565-3610,1988-09-25,6589 Maple Dr,San Francisco,CA,94102,US,Sales,suspended,2024-07-18
f24f8dc4-c094-7fb5-5385-0d9286cdc5b7,Elizabeth,Adams,elizabeth.adams@outlook.com,+1-230-776-1315,1997-10-15,7499 Maple Dr,San Jose,CA,95101,US,Operations,suspended,2024-03-21
008f03ca-8a32-c05e-6b40-335213445e51,Michelle,Robinson,michelle.robinson@example.com,+1-633-706-2840,1963-12-26,9828 Park Blvd,Dallas,TX,75201,US,Marketing,active,2024-08-13
0449464f-d736-466b-222b-043687c73b31,Betty,Rodriguez,betty.rodriguez@gmail.com,+1-445-739-2966,1961-06-26,7476 Main St,Seattle,WA,98101,US,Sales,inactive,2024-04-22
a155b585-61a9-0374-9848-e22ecd95e7a8,Thomas,Moore,thomas.moore@outlook.com,+1-866-288-5146,1974-08-17,5473 Lake Dr,San Antonio,TX,78201,US,Engineering,active,2024-03-01
5fba343c-e07c-dd5c-a85a-672c298ce7b4,Melissa,Mitchell,melissa.mitchell@outlook.com,+1-420-517-1304,1973-05-18,9594 Oak Ave,Phoenix,AZ,85001,US,Sales,active,2024-08-12
67b29aec-738b-9ebb-91e3-684c44299fa1,Jessica,Smith,jessica.smith@yahoo.com,+1-921-160-5094,2000-10-17,9995 Park Blvd,Seattle,WA,98101,US,Legal,active,2024-03-25
b0908f13-e432-9c84-c3cd-8b60d82ea394,Charles,Thomas,charles.thomas@hotmail.com,+1-515-143-6766,1965-12-18,5815 Cedar Ln,Austin,TX,73301,US,Product,active,2024-09-25
47440006-f10e-b0ea-c764-f8c75e01ea7d,Jennifer,Hall,jennifer.hall@icloud.com,+1-895-116-4982,1995-06-05,6556 Pine Rd,Charlotte,NC,28201,US,Sales,active,2024-06-28
f066e6f7-46c5-1d5a-5e93-8891848c9fe6,Amanda,Torres,amanda.torres@hotmail.com,+1-929-509-7735,1971-02-27,2495 Cedar Ln,Indianapolis,IN,46201,US,Sales,active,2024-07-02
686279e7-8768-95c2-f85c-24c39ffb5fa9,Matthew,Sanchez,matthew.sanchez@hotmail.com,+1-490-699-2207,1994-10-14,2120 Elm St,Nashville,TN,37201,US,HR,suspended,2024-08-28
630f4268-8641-5cd2-9ad6-48792f9d628b,Kevin,Lopez,kevin.lopez@yahoo.com,+1-388-269-7729,1971-07-05,9236 Maple Dr,Los Angeles,CA,90001,US,Engineering,inactive,2024-07-13
5841b548-e47d-85ce-306b-ba502d4aad08,Robert,Robinson,robert.robinson@icloud.com,+1-586-724-3528,1978-04-23,9634 Cedar Ln,Denver,CO,80201,US,Finance,active,2024-09-24
9c64edbe-7370-ca9f-7ed4-a540b5ca2226,Donald,Sanchez,donald.sanchez@icloud.com,+1-391-481-8107,1980-10-24,203 Pine Rd,San Francisco,CA,94102,US,Marketing,active,2024-05-17
187c3bb0-3f3c-a8ee-d027-38b79ba67574,Elizabeth,Brown,elizabeth.brown@icloud.com,+1-535-304-9648,2000-02-27,3107 Oak Ave,Dallas,TX,75201,US,Sales,active,2024-07-01
a881644c-fa98-73b9-a701-d0960cb7321f,Mary,Smith,mary.smith@gmail.com,+1-915-577-7535,1973-05-06,2406 Oak Ave,San Jose,CA,95101,US,HR,active,2024-01-28
34418d4c-0445-50e7-1e42-ee2d4ceed038,Charles,Campbell,charles.campbell@icloud.com,+1-728-931-9121,1969-10-07,5266 Maple Dr,Chicago,IL,60601,US,Legal,active,2024-01-19
28e69d58-4c10-3b64-623d-134fabde5e49,Donna,Wright,donna.wright@hotmail.com,+1-960-904-3218,1997-05-10,4864 Main St,Austin,TX,73301,US,Operations,suspended,2024-12-21
07ee522e-3b6c-b551-d4e7-11aa563aba44,Barbara,Brown,barbara.brown@icloud.com,+1-783-596-7989,1970-06-23,7015 Oak Ave,Philadelphia,PA,19101,US,HR,suspended,2024-10-13
66fd046f-5eb9-bbd8-db78-7079fcdc5b25,William,Torres,william.torres@icloud.com,+1-746-234-1070,1989-02-10,1396 Lake Dr,Los Angeles,CA,90001,US,Operations,active,2024-11-01
9266226b-6e3c-ae9f-86b4-8979efbb0288,Mark,Flores,mark.flores@hotmail.com,+1-541-591-3505,1964-07-04,4758 Main St,Columbus,OH,43085,US,HR,active,2024-05-16
a81a1d16-1292-26f9-f6e0-a26e39bce100,Thomas,Davis,thomas.davis@example.com,+1-398-593-6173,1974-04-06,6631 Oak Ave,Philadelphia,PA,19101,US,Engineering,active,2024-08-16
598029bb-f87e-970e-fd96-9b8d7f0f6ba8,Ashley,Gonzalez,ashley.gonzalez@example.com,+1-263-331-7865,1963-04-15,1412 Maple Dr,Philadelphia,PA,19101,US,Engineering,active,2024-12-11
8400bf6e-32c2-368c-973d-c559122beb5e,Donna,Mitchell,donna.mitchell@icloud.com,+1-695-298-4440,1992-05-25,7531 Main St,Nashville,TN,37201,US,Finance,active,2024-12-06
c79c6ed5-0005-9930-9be3-148c8cc988f3,Charles,Martin,charles.martin2@outlook.com,+1-477-605-8065,1972-11-08,421 Lake Dr,Charlotte,NC,28201,US,Product,active,2024-04-11
c1ce653a-c703-2c2d-1382-e9e652442cd5,Robert,Smith,robert.smith@example.com,+1-822-173-8720,1978-07-20,559 Elm St,Indianapolis,IN,46201,US,Marketing,inactive,2024-12-08
622ecdaf-5a07-63a1-449a-a2841415c20e,Kevin,Hernandez,kevin.hernandez@icloud.com,+1-397-361-1606,1975-07-28,9913 Oak Ave,Denver,CO,80201,US,Operations,suspended,2024-01-12
522a7f0e-186e-8180-cec9-646bbc92379c,Daniel,Wright,daniel.wright@example.com,+1-662-366-5444,1992-09-11,6430 Elm St,Chicago,IL,60601,US,Finance,suspended,2024-11-04
48f975a1-0cf2-b534-00b0-7a66790915e4,Betty,Brown,betty.brown@example.com,+1-211-701-5027,1996-11-02,207 Pine Rd,Indianapolis,IN,46201,US,Operations,active,2024-02-18
2d9f3daf-264c-ed70-8bc2-2e17b63b5c5f,Sarah,Johnson,sarah.johnson@yahoo.com,+1-283-923-9841,1995-05-15,396 Cedar Ln,Nashville,TN,37201,US,Product,inactive,2024-03-25
8b42cee7-d21d-d567-ea53-a09d5f2acb16,Melissa,Campbell,melissa.campbell@gmail.com,+1-767-508-5566,1983-01-17,345 Lake Dr,San Diego,CA,92101,US,Engineering,active,2024-07-11
4850e865-61d3-b32d-e6bb-4d53f8880fc3,David,Hill,david.hill@example.com,+1-908-547-4385,1964-01-23,3338 Cedar Ln,Austin,TX,73301,US,Operations,inactive,2024-03-07
80cd9f52-054a-4d99-d999-e026437e6068,Patricia,Gonzalez,patricia.gonzalez@icloud.com,+1-719-154-8077,1973-06-15,7986 Main St,Charlotte,NC,28201,US,Legal,active,2024-10-06
8a753c9e-17b8-54c9-9d79-6635b304c4db,John,Baker,john.baker@example.com,+1-940-942-5622,1986-11-21,3644 Oak Ave,Houston,TX,77001,US,Marketing,active,2024-11-28
8db51d32-4692-c57e-8980-4b4455d549a2,Barbara,Harris,barbara.harris@hotmail.com,+1-546-674-1770,1964-04-25,5619 Maple Dr,Houston,TX,77001,US,Product,active,2024-03-22
cc78f060-746f-3431-fe83-90214b96b952,Linda,Davis,linda.davis@icloud.com,+1-900-788-3603,1961-06-13,2405 Main St,Fort Worth,TX,76101,US,Operations,active,2024-10-16
4bd814a2-474c-d1a1-b60f-1d695d050f70,Carol,Smith,carol.smith@hotmail.com,+1-691-843-1929,1972-03-24,8714 Maple Dr,Indianapolis,IN,46201,US,Finance,active,2024-08-25
baac807c-56c5-fbb1-9281-ebd79e1a27b0,Robert,Jackson,robert.jackson@hotmail.com,+1-449-690-5461,1996-11-28,6902 Lake Dr,Chicago,IL,60601,US,Product,inactive,2024-03-28
ec3fd690-603c-bf33-9383-0620c24a2989,Anthony,Lopez,anthony.lopez3@yahoo.com,+1-202-472-4802,1991-07-16,223 Maple Dr,Austin,TX,73301,US,Product,active,2024-12-18
72cbf046-e83f-4e25-8e36-d254d01dc98b,Karen,Johnson,karen.johnson@yahoo.com,+1-206-321-7361,1981-10-22,8470 Park Blvd,Jacksonville,FL,32099,US,Engineering,active,2024-01-13
5ef788de-0224-1f4c-d448-bf656f18d5e8,Jessica,Williams,jessica.williams@hotmail.com,+1-245-232-9698,1970-09-15,1438 Park Blvd,Fort Worth,TX,76101,US,HR,active,2024-10-18
fd0a2eb0-1e46-a7e3-97a5-3ed00b369735,Emily,Davis,emily.davis@gmail.com,+1-368-160-4887,1986-04-25,473 Maple Dr,San Antonio,TX,78201,US,Operations,active,2024-01-20
5efba775-c1c9-3014-75c7-04d6f1589241,Thomas,Perez,thomas.perez@yahoo.com,+1-782-578-7007,1994-06-03,3790 Oak Ave,San Antonio,TX,78201,US,Sales,inactive,2024-01-02
76a5dfbc-f78d-d77a-dcf0-3433220f6e18,Donna,Rivera,donna.rivera@icloud.com,+1-557-934-9077,1961-12-05,4838 Elm St,Columbus,OH,43085,US,HR,active,2024-11-19
48116cd7-9adf-a294-f66f-db7a8e8cdc0b,William,Williams,william.williams@outlook.com,+1-910-392-6396,1993-07-07,3689 Oak Ave,San Jose,CA,95101,US,Marketing,suspended,2024-01-21
59b33931-a116-8f53-590d-674b63a87c95,Kimberly,Davis,kimberly.davis@example.com,+1-742-316-5643,1986-09-13,4637 Elm St,Seattle,WA,98101,US,Product,inactive,2024-03-28
7ebb0b45-9dd4-f9f4-7e4a-721e1f93bb9d,David,Hill,david.hill2@example.com,+1-253-422-7674,1966-09-13,6225 Main St,Jacksonville,FL,32099,US,Finance,inactive,2024-02-26
4bdc7595-02af-2537-7298-dc1d07cdc1e3,Anthony,Rodriguez,anthony.rodriguez@outlook.com,+1-659-984-3527,1978-12-23,6908 Park Blvd,Seattle,WA,98101,US,Engineering,active,2024-04-12
32f4cb84-f473-db44-5fdc-889f122d774d,Robert,White,robert.white@icloud.com,+1-897-104-2111,1961-03-21,7229 Cedar Ln,Jacksonville,FL,32099,US,Marketing,inactive,2024-08-26
0fd4a3c9-9273-f0c1-70a6-4fb386cc9733,Michael,Lee,michael.lee@hotmail.com,+1-582-232-3936,1975-07-23,4189 Pine Rd,Los Angeles,CA,90001,US,Marketing,active,2024-04-19
f7f814cd-6018-a71b-b5ab-f66e0e7e4811,Christopher,Martin,christopher.martin@hotmail.com,+1-470-849-6986,1971-11-26,3503 Oak Ave,Denver,CO,80201,US,Operations,inactive,2024-10-02
c22b2c5a-1477-ba83-bc3f-394ceefed351,Christopher,Campbell,christopher.campbell@hotmail.com,+1-858-637-9708,1985-09-08,6519 Park Blvd,Houston,TX,77001,US,HR,inactive,2024-10-07
52803ae5-e190-3719-31de-f4b23c2c5529,Margaret,Perez,margaret.perez@hotmail.com,+1-930-721-9108,1984-11-02,4323 Lake Dr,Houston,TX,77001,US,Product,suspended,2024-01-12
7a6fd125-b1ae-3df9-beff-e333fe6b01fc,Carol,Robinson,carol.robinson@gmail.com,+1-685-920-2453,1970-11-23,8882 Pine Rd,Philadelphia,PA,19101,US,Finance,active,2024-11-04
3decdd27-7d26-8350-6eb7-71e45c21245e,Andrew,Lopez,andrew.lopez@yahoo.com,+1-422-294-3353,1987-01-26,9892 Lake Dr,New York,NY,10001,US,Finance,active,2024-04-19
2224a0d1-ebeb-50d9-8f88-22b7de5b12f7,Betty,Jackson,betty.jackson@outlook.com,+1-529-345-3684,1968-05-06,6469 Lake Dr,Los Angeles,CA,90001,US,Product,suspended,2024-10-21
eedc7fbf-9f38-1468-3c9c-1cd2eb1f4a1c,Elizabeth,Taylor,elizabeth.taylor@yahoo.com,+1-926-263-4667,1981-03-27,8765 Elm St,Charlotte,NC,28201,US,Sales,active,2024-03-08
0008b748-fdd7-e12f-b051-411b405945b1,Carol,Lopez,carol.lopez@gmail.com,+1-266-533-4094,1964-03-18,3735 Maple Dr,Denver,CO,80201,US,HR,active,2024-03-07
e3b384ca-263b-da8d-8678-2d01974b18d9,Karen,Young,karen.young@example.com,+1-822-109-8917,1987-02-14,5430 Elm St,Chicago,IL,60601,US,Marketing,active,2024-05-23
b091e536-9182-4513-6fb9-0ec652d7f029,Lisa,Rodriguez,lisa.rodriguez@hotmail.com,+1-823-737-2137,1979-11-07,3306 Cedar Ln,Los Angeles,CA,90001,US,Marketing,active,2024-01-23
c22468c0-c601-4415-2f2e-9dbd279c168e,Betty,Jackson,betty.jackson@yahoo.com,+1-642-740-3466,1990-03-17,2102 Lake Dr,San Antonio,TX,78201,US,Legal,inactive,2024-08-07
65ff3b15-f477-0dfe-08a5-251cf5c87d66,Susan,Jones,susan.jones@hotmail.com,+1-611-405-8833,1991-05-24,464 Lake Dr,San Francisco,CA,94102,US,Engineering,active,2024-09-12
9fb83bc9-2b62-1afd-502d-58d99d46df41,Patricia,Thomas,patricia.thomas@hotmail.com,+1-715-915-5984,1975-01-11,2217 Pine Rd,Los Angeles,CA,90001,US,Marketing,active,2024-11-16
04bc969a-452f-03c9-7efd-b8dae5d6ab9b,Amanda,Martin,amanda.martin@example.com,+1-891-763-8116,1965-12-07,7754 Elm St,Los Angeles,CA,90001,US,Sales,inactive,2024-08-14
28ef4623-d495-8480-6e00-d063ed0ad4fa,William,White,william.white@icloud.com,+1-214-962-1655,1997-10-05,4016 Park Blvd,New York,NY,10001,US,Finance,suspended,2024-11-12
72a41cc5-92dc-7824-4860-a21b122b5652,Kenneth,Sanchez,kenneth.sanchez@outlook.com,+1-473-422-8957,1992-09-11,9605 Cedar Ln,Columbus,OH,43085,US,Marketing,suspended,2024-04-19
b543e8c5-8aab-c40b-d6b1-4c5a930655b3,Brian,Roberts,brian.roberts@icloud.com,+1-484-962-2267,1993-07-30,4222 Park Blvd,Indianapolis,IN,46201,US,Engineering,suspended,2024-12-20
3521279f-a96e-4559-cce9-5a81b3c36558,Christopher,Lee,christopher.lee@gmail.com,+1-346-943-7831,1986-10-15,7152 Pine Rd,San Jose,CA,95101,US,Finance,active,2024-03-24
b7f63ccc-282d-c674-19d0-eebb2179a342,Joseph,Nguyen,joseph.nguyen@outlook.com,+1-761-699-9743,1964-07-19,1223 Oak Ave,Fort Worth,TX,76101,US,Operations,suspended,2024-05-18
af5fd46a-2eb5-34fa-12bf-7a23b3264e5e,Lisa,Anderson,lisa.anderson@outlook.com,+1-661-547-3676,1960-03-07,2253 Cedar Ln,New York,NY,10001,US,HR,inactive,2024-05-06
b23283b2-8107-2c9f-bf1c-25a8760a54e8,Kenneth,Hernandez,kenneth.hernandez@outlook.com,+1-703-165-9411,1992-01-29,8212 Maple Dr,Fort Worth,TX,76101,US,Sales,active,2024-08-17
f8f7ccbe-8bf1-9e1e-a842-7c3f546f97fb,Michelle,Wright,michelle.wright2@example.com,+1-497-169-7355,1962-08-05,8556 Main St,Indianapolis,IN,46201,US,Product,active,2024-12-07
77b09c85-4e52-90ae-669b-bff25ebd6c93,Brian,Campbell,brian.campbell@outlook.com,+1-965-688-9789,1988-10-25,4441 Park Blvd,Denver,CO,80201,US,Engineering,active,2024-09-14
315b3176-6306-ac41-cbf9-c222c6694eaf,Carol,Lewis,carol.lewis@icloud.com,+1-894-654-4955,1985-06-13,61 Lake Dr,Dallas,TX,75201,US,Sales,active,2024-07-26
156ba919-6acc-5d15-2405-7f26e14b6985,Linda,Brown,linda.brown@icloud.com,+1-593-510-3169,1985-09-29,122 Oak Ave,Los Angeles,CA,90001,US,Product,active,2024-06-11
7fcfa67b-549e-87aa-471c-ca45f37a3110,George,Lewis,george.lewis@example.com,+1-881-635-7530,1978-03-24,5284 Elm St,San Francisco,CA,94102,US,Operations,inactive,2024-06-04
62ec14eb-0d63-bcae-01c0-d4460176ec49,Elizabeth,Taylor,elizabeth.taylor@hotmail.com,+1-736-557-6530,1972-04-26,8537 Park Blvd,Columbus,OH,43085,US,Sales,active,2024-11-02
27666668-1b44-5468-5339-7fbe415ee12f,Daniel,Jones,daniel.jones@hotmail.com,+1-379-362-5956,1975-10-30,4261 Oak Ave,Fort Worth,TX,76101,US,Legal,active,2024-01-05
04595ccb-6d01-44d8-ff84-3d1a88cf22ad,Richard,Gonzalez,richard.gonzalez2@icloud.com,+1-724-894-4823,2000-11-30,5215 Lake Dr,Columbus,OH,43085,US,Engineering,active,2024-08-01
efc5a8dc-cf54-f88a-4c5d-53779f493777,Jessica,Clark,jessica.clark3@yahoo.com,+1-474-257-4476,1999-07-23,8400 Park Blvd,Los Angeles,CA,90001,US,Engineering,active,2024-01-26
392cbbe0-88e0-6703-bc62-eccf9c88df90,Brian,Perez,brian.perez@example.com,+1-231-723-5554,1984-03-31,1134 Cedar Ln,Los Angeles,CA,90001,US,HR,suspended,2024-01-19
7c1b4227-98ac-23c0-79c2-e9d49b7eb2c8,Deborah,Ramirez,deborah.ramirez@example.com,+1-789-998-8978,1996-12-12,2211 Pine Rd,Chicago,IL,60601,US,Operations,active,2024-09-09
4c7fbca1-035f-edea-86d1-030345327fbb,Linda,Wilson,linda.wilson@outlook.com,+1-525-143-8602,1987-05-03,3353 Elm St,Fort Worth,TX,76101,US,Product,inactive,2024-05-17
92b290a6-3907-963b-f40e-24dda39fe087,James,Torres,james.torres@outlook.com,+1-457-793-1308,1988-09-19,5518 Main St,Indianapolis,IN,46201,US,Sales,inactive,2024-01-06
db4b04d1-cf09-ba78-df35-afc6a6928bbf,Amanda,Flores,amanda.flores@outlook.com,+1-245-920-4821,1966-08-07,1475 Elm St,Dallas,TX,75201,US,Sales,active,2024-09-09
3a341cc8-0a76-6472-2750-06d74feaf4ed,Donna,Johnson,donna.johnson@hotmail.com,+1-298-677-8209,1997-11-16,7534 Lake Dr,San Antonio,TX,78201,US,HR,suspended,2024-07-15
e63c112e-8373-c5c7-1112-d66c4f0b104d,Nancy,Flores,nancy.flores2@outlook.com,+1-635-855-5379,1989-06-09,8564 Maple Dr,Houston,TX,77001,US,Finance,active,2024-09-17
dfb0d43f-851e-b39e-a431-fdf2c965afa7,Timothy,Campbell,timothy.campbell@yahoo.com,+1-605-813-9426,1974-05-09,4530 Oak Ave,Nashville,TN,37201,US,Product,active,2024-04-21
b8fa7348-5c4f-ebf6-a490-2e72bca0cdb4,Deborah,Anderson,deborah.anderson@yahoo.com,+1-761-485-5586,1961-05-25,2716 Lake Dr,Columbus,OH,43085,US,Product,inactive,2024-05-17
2e8a0175-6721-837f-624a-7cab00a30b00,Susan,Miller,susan.miller@hotmail.com,+1-804-318-2416,1991-05-23,6088 Oak Ave,San Antonio,TX,78201,US,Marketing,inactive,2024-09-17
90290dbe-5702-c06f-d25b-15085c9fd48d,Barbara,Jackson,barbara.jackson2@yahoo.com,+1-519-524-9990,1996-12-06,9728 Main St,Fort Worth,TX,76101,US,Product,active,2024-04-05
9fea9f54-7347-83b0-1e79-df28794826b3,Sandra,Campbell,sandra.campbell2@yahoo.com,+1-714-693-1441,1989-04-29,2483 Maple Dr,San Diego,CA,92101,US,Finance,inactive,2024-11-27
cca8f708-df77-c1cc-45d1-cfbdd2ec8e7a,Andrew,Brown,andrew.brown2@gmail.com,+1-931-655-8340,1974-03-11,912 Pine Rd,Columbus,OH,43085,US,Legal,inactive,2024-10-11
33d8ae7b-505a-14fc-505f-b2037f140af5,Amanda,Taylor,amanda.taylor@gmail.com,+1-807-637-2268,1978-11-15,8924 Main St,Charlotte,NC,28201,US,Legal,active,2024-08-17
8ecdb525-0ede-357a-9a3f-493e7e7e2824,Robert,Thompson,robert.thompson@icloud.com,+1-794-409-7055,1974-05-16,8355 Park Blvd,Chicago,IL,60601,US,Sales,inactive,2024-09-07
05d9c4d3-866e-8085-3492-abcf6938edd8,Steven,Taylor,steven.taylor@icloud.com,+1-359-117-8847,1979-11-19,6531 Oak Ave,San Francisco,CA,94102,US,Sales,active,2024-10-13
0721a813-9a45-c779-aafb-8006c94e5103,Carol,Miller,carol.miller@yahoo.com,+1-847-970-6467,1988-05-01,1446 Oak Ave,Houston,TX,77001,US,Sales,suspended,2024-11-26
1929a0e7-c32d-d294-c8bd-4448a7d98c3e,Paul,King,paul.king@example.com,+1-723-885-3192,1998-01-03,436 Lake Dr,Fort Worth,TX,76101,US,Engineering,inactive,2024-07-23
382d9e0c-21c7-d06f-960d-08d774660343,Timothy,Hill,timothy.hill@gmail.com,+1-692-898-3404,1962-02-10,9659 Maple Dr,Houston,TX,77001,US,Product,suspended,2024-10-08
a94e6d31-6fc8-e07d-d97b-47b6ee009e59,Joseph,Moore,joseph.moore@example.com,+1-511-722-8440,1989-09-23,758 Cedar Ln,San Francisco,CA,94102,US,Operations,active,2024-07-16
bac770a4-c86e-cb62-84c0-a2e5dcbc8f64,Christopher,Robinson,christopher.robinson@icloud.com,+1-430-295-6543,1978-07-24,5806 Lake Dr,Nashville,TN,37201,US,Engineering,inactive,2024-08-08
a1d2fc0f-571b-8409-544b-032552a9e050,Melissa,Miller,melissa.miller@yahoo.com,+1-243-797-6214,1964-06-28,7209 Main St,San Antonio,TX,78201,US,Operations,active,2024-11-03
843e7994-38ff-2d39-bd38-fafae08e7b53,Dorothy,Walker,dorothy.walker@icloud.com,+1-480-827-5590,1990-04-20,4316 Main St,Nashville,TN,37201,US,HR,active,2024-09-18
f373057b-7bbf-ec61-e344-7f1d4efe5cf1,Susan,Miller,susan.miller@gmail.com,+1-252-767-2677,1962-11-12,2497 Cedar Ln,San Jose,CA,95101,US,Operations,active,2024-04-13
ef346f0d-d1b2-dd0f-64bf-4bffc0036851,Paul,Lewis,paul.lewis@gmail.com,+1-995-646-2223,1988-02-28,614 Lake Dr,Austin,TX,73301,US,Legal,suspended,2024-08-18
5b6ededf-445a-bdce-a0a7-f916c7298c4e,Patricia,Martinez,patricia.martinez2@yahoo.com,+1-636-624-5782,1996-01-29,4316 Park Blvd,San Jose,CA,95101,US,Legal,suspended,2024-05-01
6e97f8ce-10ff-2cbb-058a-c91fd07cbff2,Timothy,Anderson,timothy.anderson@hotmail.com,+1-423-237-6231,1973-05-17,7861 Cedar Ln,Columbus,OH,43085,US,Legal,suspended,2024-11-07
2900b3a7-eac0-4858-b4d7-d74873f833d3,Linda,Thompson,linda.thompson@icloud.com,+1-815-820-3413,1976-06-02,7196 Cedar Ln,Indianapolis,IN,46201,US,Marketing,suspended,2024-07-18
54d861dc-16b6-e4d3-d472-1f5f909f9248,Deborah,Mitchell,deborah.mitchell@yahoo.com,+1-772-477-5985,1966-02-17,2682 Cedar Ln,Los Angeles,CA,90001,US,Finance,active,2024-05-03
41191db3-bd26-551f-a077-da2558d25613,Matthew,Mitchell,matthew.mitchell@outlook.com,+1-750-353-8091,1984-09-02,6375 Main St,Chicago,IL,60601,US,Legal,active,2024-05-10
586a9f10-1f51-21a6-ba26-dbc32d3b4adc,Matthew,Walker,matthew.walker@example.com,+1-960-747-6844,1977-06-09,8926 Pine Rd,Dallas,TX,75201,US,Marketing,inactive,2024-05-24
f2c416f1-035c-5a0b-5630-033c00c08124,Donna,Davis,donna.davis@hotmail.com,+1-365-269-2260,1979-10-28,8416 Oak Ave,Chicago,IL,60601,US,Product,suspended,2024-09-03
46014e11-d678-8ff7-4cc3-17efc3619cd3,Michelle,Jackson,michelle.jackson@gmail.com,+1-883-591-7334,1995-05-03,960 Pine Rd,San Diego,CA,92101,US,Finance,inactive,2024-08-10
89383fb3-2018-925e-dc03-82e2b80e2079,Mary,Mitchell,mary.mitchell@yahoo.com,+1-614-395-4954,1996-05-08,3298 Main St,Denver,CO,80201,US,Sales,inactive,2024-11-12
1dd7dcee-2fea-04d8-d1b5-20ecb50334d2,Melissa,Johnson,melissa.johnson@icloud.com,+1-771-293-7809,1977-03-31,6179 Lake Dr,Denver,CO,80201,US,Legal,active,2024-10-24
503e19e9-ff54-6b60-23b9-89fa0062050e,Matthew,Clark,matthew.clark@hotmail.com,+1-964-503-4940,1963-07-01,4553 Maple Dr,Columbus,OH,43085,US,Engineering,active,2024-03-05
1286dfff-0a24-64f3-8b51-dc9996a0465b,Carol,Hall,carol.hall@yahoo.com,+1-413-842-8171,1987-07-13,6937 Cedar Ln,Dallas,TX,75201,US,Product,inactive,2024-06-20
53d05823-1279-8646-9d40-ae1a73cc8561,Melissa,Johnson,melissa.johnson@gmail.com,+1-353-750-5987,1998-10-07,4524 Park Blvd,Indianapolis,IN,46201,US,Marketing,active,2024-05-01
753a531b-100a-f3a9-59b7-de4bdbbc9e37,Donna,Hernandez,donna.hernandez@yahoo.com,+1-511-971-7479,1994-11-06,5907 Park Blvd,San Diego,CA,92101,US,HR,active,2024-07-27
612e1fcf-20d4-61ba-c069-60367d577db0,Patricia,Davis,patricia.davis3@icloud.com,+1-423-168-6844,1971-01-18,6249 Elm St,Fort Worth,TX,76101,US,Operations,suspended,2024-03-21
cfd83503-4340-d816-e17c-0533d9ce8b26,Elizabeth,Young,elizabeth.young@example.com,+1-294-405-1736,1976-11-06,432 Cedar Ln,Charlotte,NC,28201,US,Operations,active,2024-03-24
4565e77f-f7f2-7d96-c823-bd8aefd18b7b,Lisa,Perez,lisa.perez@gmail.com,+1-998-395-5191,1997-04-23,9001 Park Blvd,San Antonio,TX,78201,US,Legal,active,2024-03-18
f4ea6d5d-3dbf-4e1c-c149-88c87804b7be,Paul,Anderson,paul.anderson@icloud.com,+1-439-167-5140,1973-06-27,5918 Pine Rd,New York,NY,10001,US,Product,active,2024-06-22
42be2d2d-1d4d-08e7-17c1-69a55b8b8ccd,Donald,Jackson,donald.jackson@icloud.com,+1-913-900-8503,1966-09-04,8618 Lake Dr,San Antonio,TX,78201,US,Operations,active,2024-02-05
70d91273-3e6d-9f97-4910-f373527db562,Brian,Smith,brian.smith@outlook.com,+1-707-766-8134,1986-02-27,6962 Oak Ave,New York,NY,10001,US,Finance,active,2024-12-17
7afd04ce-8931-a16a-b25b-9a6db91c3516,Nancy,Allen,nancy.allen@gmail.com,+1-449-187-6112,1964-06-24,3378 Oak Ave,Los Angeles,CA,90001,US,Operations,active,2024-02-09
f1fe6e7c-1a98-3011-a19d-5b962bbb87e0,Joseph,Ramirez,joseph.ramirez3@hotmail.com,+1-215-597-9986,1978-07-04,1272 Lake Dr,Seattle,WA,98101,US,Marketing,active,2024-10-22
c2cffc0f-54a6-b09a-20fd-e1804d1af053,Betty,Green,betty.green@icloud.com,+1-665-959-1866,1978-12-26,6661 Main St,Austin,TX,73301,US,Sales,inactive,2024-10-22
b4ec2cea-2de0-6f51-4366-2f06f12b37c6,Richard,Thomas,richard.thomas@example.com,+1-960-300-1200,1976-09-12,6624 Main St,Chicago,IL,60601,US,Engineering,active,2024-04-02
e8f2b844-55cb-8d54-f13f-e00db0fe70f9,Elizabeth,Allen,elizabeth.allen@hotmail.com,+1-912-119-6348,1989-01-08,2263 Maple Dr,Austin,TX,73301,US,HR,active,2024-02-10
134c9e86-50a6-4568-1a64-8d300963161c,Barbara,Johnson,barbara.johnson@hotmail.com,+1-462-427-3321,1981-07-19,313 Oak Ave,Columbus,OH,43085,US,Product,inactive,2024-04-07
09904f9b-4722-d6d9-22fa-304dda566160,Melissa,King,melissa.king@yahoo.com,+1-232-427-4802,1966-02-01,9620 Maple Dr,Phoenix,AZ,85001,US,Sales,active,2024-01-12
9d2bc6ae-bd39-9a47-a9cb-126df5fc402b,Matthew,Rodriguez,matthew.rodriguez@example.com,+1-975-147-2237,1964-04-15,1866 Cedar Ln,New York,NY,10001,US,HR,suspended,2024-05-07
2e791bbb-5d16-0453-2c9f-8912a4493a03,Joseph,Torres,joseph.torres2@gmail.com,+1-729-487-2912,1970-03-21,3518 Maple Dr,San Antonio,TX,78201,US,Finance,suspended,2024-05-11
80272505-2f88-198b-4de5-3f263771ad89,Anthony,Baker,anthony.baker@outlook.com,+1-609-405-5881,1965-08-30,9985 Lake Dr,Austin,TX,73301,US,Product,active,2024-03-09
0df4495a-bed4-0c9c-2c82-96ea4482ebb7,Emily,Allen,emily.allen@hotmail.com,+1-947-929-6842,1968-09-02,4056 Park Blvd,Columbus,OH,43085,US,Legal,inactive,2024-11-28
2d669be9-5c4b-3f9c-a005-ac0da310dff5,Jessica,Moore,jessica.moore@example.com,+1-836-583-4801,1984-09-04,5837 Park Blvd,Denver,CO,80201,US,Marketing,active,2024-12-06
7ce8abfb-447b-9b0c-10fb-6052d8d9192e,Matthew,Sanchez,matthew.sanchez@outlook.com,+1-982-499-3583,1985-03-29,6058 Cedar Ln,Austin,TX,73301,US,Engineering,suspended,2024-07-14
3fcc7644-381b-e2a1-5e95-d7b6fe1c4a28,Karen,Miller,karen.miller@outlook.com,+1-614-969-7076,1995-02-10,2610 Pine Rd,Indianapolis,IN,46201,US,Legal,active,2024-07-14
b2e0c353-949f-9826-8faa-586e3558483c,George,Lee,george.lee@example.com,+1-905-816-7680,1975-03-01,2086 Elm St,San Diego,CA,92101,US,Finance,active,2024-05-07
56b8a1c5-1a6f-19ab-4c3d-4a8126968a0a,Amanda,Carter,amanda.carter@hotmail.com,+1-686-183-3566,1986-07-28,7499 Park Blvd,Indianapolis,IN,46201,US,Finance,suspended,2024-04-11
bfc3e5bc-800d-d8dd-541a-1fab8c6c6191,Sarah,Wilson,sarah.wilson2@example.com,+1-639-352-1428,1978-06-05,6766 Oak Ave,San Jose,CA,95101,US,Product,suspended,2024-03-10
c2486251-e3b0-f45d-c086-65ec9bc150d9,Andrew,Walker,andrew.walker@icloud.com,+1-759-906-2264,1987-08-18,6804 Oak Ave,San Diego,CA,92101,US,Operations,active,2024-11-17
16a05dd7-763f-61f1-b1d3-cf22325d2c3b,Jennifer,Miller,jennifer.miller@hotmail.com,+1-229-350-1378,1989-06-01,8145 Cedar Ln,San Francisco,CA,94102,US,Legal,active,2024-07-02
6c71dad1-9d11-421a-894b-50af461c52c2,Donald,Hall,donald.hall2@yahoo.com,+1-693-667-1312,1964-04-12,9109 Maple Dr,New York,NY,10001,US,Product,active,2024-10-07
c4a9a7c5-9797-5b0b-324b-2851c8a41ff0,Linda,Rodriguez,linda.rodriguez2@gmail.com,+1-504-901-8242,1977-11-11,6503 Maple Dr,San Jose,CA,95101,US,Operations,active,2024-03-24
c02ac52a-582f-5c69-4be9-e5d7b3d916f2,Emily,Green,emily.green@yahoo.com,+1-615-310-4133,1997-10-15,9796 Oak Ave,Fort Worth,TX,76101,US,Legal,active,2024-12-19
4323c3c7-9299-ad80-d216-bc346539b1f8,Emily,Green,emily.green@outlook.com,+1-717-966-2309,1969-08-27,1800 Maple Dr,New York,NY,10001,US,Product,inactive,2024-12-10
068c1237-ac17-96a6-fd54-c0c973955c95,Andrew,Robinson,andrew.robinson@gmail.com,+1-621-798-4673,1978-05-23,3580 Elm St,Nashville,TN,37201,US,Finance,suspended,2024-02-02
070cdacd-923b-6c06-c5fa-bf97c907460e,Michael,Harris,michael.harris2@gmail.com,+1-316-510-5045,1975-09-11,9301 Pine Rd,Philadelphia,PA,19101,US,Engineering,active,2024-04-08
d54e9c62-6b54-c209-aa77-5836eaea93f6,Joseph,Moore,joseph.moore@outlook.com,+1-693-772-4360,1981-05-12,4484 Oak Ave,San Antonio,TX,78201,US,HR,active,2024-10-18
99ba118b-7e5e-212d-6f25-222ddd6f0420,Brian,Taylor,brian.taylor@gmail.com,+1-421-138-2210,1963-03-11,4114 Oak Ave,Los Angeles,CA,90001,US,Marketing,inactive,2024-01-10
0660d917-c58b-72cd-1541-fa1aa85ea974,Emily,Adams,emily.adams@example.com,+1-248-968-6104,1989-09-26,2647 Main St,Denver,CO,80201,US,Sales,suspended,2024-09-27
f6fe34c8-bf7c-4122-0871-66e1ffcef759,Anthony,Clark,anthony.clark@gmail.com,+1-274-997-1648,1984-05-31,4038 Pine Rd,Fort Worth,TX,76101,US,Sales,active,2024-04-09
ff14eeba-27eb-7195-e35e-232c42d99eff,Steven,Mitchell,steven.mitchell@outlook.com,+1-261-314-6230,1984-10-29,3236 Oak Ave,San Jose,CA,95101,US,Product,active,2024-12-16
19853d8f-9778-3a80-ed9a-c1dcf0702886,Andrew,Nelson,andrew.nelson@gmail.com,+1-410-656-7261,1997-07-23,963 Oak Ave,Indianapolis,IN,46201,US,Operations,inactive,2024-02-28
b496c0e4-c85e-6e15-229e-898be07cd9b2,Brian,Garcia,brian.garcia@hotmail.com,+1-300-696-6069,1969-02-12,266 Maple Dr,Houston,TX,77001,US,HR,inactive,2024-11-28
178e564d-4a11-6962-1698-875da7bb7caa,James,Hernandez,james.hernandez@icloud.com,+1-322-235-9742,1996-01-08,7527 Pine Rd,Seattle,WA,98101,US,Operations,active,2024-08-23
5e562c48-8294-5e38-d960-ca7979f7c40f,Robert,Roberts,robert.roberts@icloud.com,+1-702-489-5826,1979-07-25,7024 Cedar Ln,San Antonio,TX,78201,US,Marketing,active,2024-09-26
a859decd-1c77-857a-f87a-eedb9d5ac380,Jennifer,Williams,jennifer.williams@example.com,+1-588-225-5690,1973-07-13,2775 Cedar Ln,Indianapolis,IN,46201,US,Sales,active,2024-06-10
54dcf02d-37c1-6995-55e4-56f0eb8a7207,Patricia,Jones,patricia.jones@example.com,+1-252-520-8099,1963-09-12,3040 Park Blvd,San Diego,CA,92101,US,Marketing,inactive,2024-09-09
bd5602ab-7f31-7011-a7ee-d52dc1f60027,Daniel,Perez,daniel.perez@yahoo.com,+1-519-176-1033,1967-11-15,2277 Elm St,Austin,TX,73301,US,HR,inactive,2024-12-26
46a28301-9d13-b149-b46c-e5f898e2cca7,Robert,Rivera,robert.rivera@hotmail.com,+1-733-638-6880,1984-05-07,6979 Park Blvd,Denver,CO,80201,US,HR,suspended,2024-10-20
b364c1fd-a0f0-642a-fd8b-6f649741c0fa,Joseph,Brown,joseph.brown@gmail.com,+1-948-448-8089,1964-10-02,7397 Elm St,Jacksonville,FL,32099,US,Product,active,2024-06-12
a35de603-72c0-d42d-2f29-ca3efd92ea2a,Deborah,Allen,deborah.allen@outlook.com,+1-941-188-8465,1998-03-16,2557 Park Blvd,Phoenix,AZ,85001,US,Product,active,2024-11-12
05c62ffa-79f6-1159-020b-f53bdfbc2770,Betty,White,betty.white@gmail.com,+1-879-143-2359,1977-03-03,4818 Pine Rd,Dallas,TX,75201,US,Marketing,active,2024-01-27
c99689e6-0a5f-dcff-42bb-ba8c2e169e20,Matthew,Allen,matthew.allen2@example.com,+1-917-624-8292,1998-08-18,1682 Main St,Columbus,OH,43085,US,Engineering,inactive,2024-07-18
22b51524-7c61-6af7-19ac-a52dc27b7491,Joshua,Brown,joshua.brown@example.com,+1-749-244-1126,1996-01-28,7729 Park Blvd,Dallas,TX,75201,US,Sales,active,2024-09-24
25e8c83d-8d5d-e8d9-2490-31eb3ab7e477,Linda,Davis,linda.davis@outlook.com,+1-385-279-3539,1966-04-12,4652 Main St,Philadelphia,PA,19101,US,HR,inactive,2024-06-28
082ddc63-4c12-b1b4-9872-643b974f65f5,Barbara,King,barbara.king@yahoo.com,+1-201-379-2511,1987-03-08,640 Pine Rd,Jacksonville,FL,32099,US,Legal,suspended,2024-02-08
d3778853-079a-8055-aac1-6b4258d6e90d,Nancy,Miller,nancy.miller@example.com,+1-992-421-4182,1971-01-17,5222 Lake Dr,Houston,TX,77001,US,Sales,active,2024-11-17
ef9e3c5c-b340-e35d-a3b9-fb3d1e1efa47,Emily,Rodriguez,emily.rodriguez@gmail.com,+1-880-468-9017,1972-12-22,9119 Main St,Columbus,OH,43085,US,Legal,suspended,2024-04-01
9f3f4d91-1a32-1483-4cd3-7b05e51bc4b4,William,Wright,william.wright@gmail.com,+1-494-987-6397,1961-01-23,3975 Pine Rd,Chicago,IL,60601,US,Marketing,suspended,2024-06-28
8e40669a-7833-2ea1-49b4-8c9b433c2de9,Timothy,Rodriguez,timothy.rodriguez@icloud.com,+1-619-919-8440,1989-06-01,4716 Maple Dr,Houston,TX,77001,US,Engineering,active,2024-02-21
c189c9f2-38d5-d872-62b1-d31f05c75509,Steven,Baker,steven.baker@icloud.com,+1-552-609-1408,1970-01-06,3725 Lake Dr,Nashville,TN,37201,US,Marketing,active,2024-02-08
3d533342-e763-5620-eaef-318cee60b3e1,Kevin,Flores,kevin.flores@example.com,+1-937-512-1225,1971-03-29,5226 Elm St,Charlotte,NC,28201,US,Operations,active,2024-08-26
c2728e4a-8b73-81ea-0556-cf65c4a5dc98,Nancy,Nguyen,nancy.nguyen@icloud.com,+1-484-291-1010,1991-04-21,6867 Park Blvd,San Jose,CA,95101,US,Engineering,active,2024-06-05
0c689763-ba56-d9b0-1111-c8596094413d,Dorothy,Hill,dorothy.hill2@icloud.com,+1-597-439-7887,1960-08-30,7532 Cedar Ln,Columbus,OH,43085,US,Finance,inactive,2024-05-12
17de253f-6a14-7272-71b4-6d8e24d6bca4,Mark,Williams,mark.williams2@gmail.com,+1-428-528-2132,1974-04-12,4897 Main St,Fort Worth,TX,76101,US,Sales,active,2024-04-21
9d20b9fe-9daf-e563-6602-0424b90f0ddf,Mary,Allen,mary.allen@outlook.com,+1-364-755-7517,1981-06-25,4846 Pine Rd,San Antonio,TX,78201,US,HR,inactive,2024-08-28
be734970-3d8a-1627-2f26-cb42ace1415e,Elizabeth,Lee,elizabeth.lee@gmail.com,+1-344-356-3852,1972-08-25,3484 Pine Rd,Seattle,WA,98101,US,Engineering,active,2024-05-03
3f21360a-578d-d65f-54bc-0607b85b81c2,Sandra,Rivera,sandra.rivera@yahoo.com,+1-607-714-2769,1964-12-17,5368 Elm St,San Jose,CA,95101,US,Operations,inactive,2024-05-28
60fa95f1-cf1a-260b-9027-4b6a7fbda5de,Emily,Johnson,emily.johnson2@hotmail.com,+1-215-266-5547,1997-05-31,2696 Elm St,Philadelphia,PA,19101,US,Legal,active,2024-04-25
998b6dd0-acf7-d36b-5683-0bf8cb79dcb5,Susan,Anderson,susan.anderson@example.com,+1-498-467-3970,1987-11-02,3642 Oak Ave,Phoenix,AZ,85001,US,Operations,suspended,2024-03-17
9ae7e3fd-23cb-56b8-d400-f069e961ca72,Matthew,Anderson,matthew.anderson@gmail.com,+1-645-501-4011,1960-11-27,9832 Oak Ave,Dallas,TX,75201,US,Legal,active,2024-02-16
164679a4-4d52-3294-06c4-f4a2218aa7c0,Charles,Hernandez,charles.hernandez@icloud.com,+1-617-575-9873,1997-03-12,2898 Oak Ave,Phoenix,AZ,85001,US,Operations,active,2024-10-06
0144aea1-d58e-f8b9-fd92-9259dbc2959d,Betty,Harris,betty.harris@icloud.com,+1-605-326-3067,1981-04-19,5816 Main St,San Antonio,TX,78201,US,Finance,active,2024-04-19
5bb90317-d242-43ab-f007-eee0c7bd7b63,David,Allen,david.allen@gmail.com,+1-207-289-3477,1983-11-06,739 Park Blvd,San Jose,CA,95101,US,Marketing,suspended,2024-01-04
7d49e8f9-39c7-02ee-9e76-77dd5fa8f48a,Andrew,Thomas,andrew.thomas@example.com,+1-818-598-2388,1969-06-29,9892 Main St,San Diego,CA,92101,US,Engineering,active,2024-11-01
2f281d8e-256e-fea5-6074-d78119758e62,Elizabeth,Rivera,elizabeth.rivera@icloud.com,+1-548-485-5600,1979-04-20,8065 Oak Ave,Austin,TX,73301,US,Operations,active,2024-10-10
3a1669da-2483-2bc9-e605-495ccfd86194,James,Campbell,james.campbell@hotmail.com,+1-200-392-6638,1987-11-20,3559 Maple Dr,Denver,CO,80201,US,Finance,active,2024-07-21
6078e100-54dd-07dc-48ec-d5e01351ebdb,Kenneth,Robinson,kenneth.robinson@hotmail.com,+1-496-551-5717,1994-06-20,4016 Lake Dr,Seattle,WA,98101,US,Engineering,active,2024-10-10
148d31ad-eb84-e764-1aba-9ef9e995888c,Timothy,Thompson,timothy.thompson@yahoo.com,+1-886-562-9174,1991-05-15,7011 Park Blvd,Nashville,TN,37201,US,Product,active,2024-01-12
9353e111-c8a4-11f7-06c8-e1aa20016ab7,Elizabeth,Nelson,elizabeth.nelson@hotmail.com,+1-363-667-2417,1963-01-01,5262 Lake Dr,Columbus,OH,43085,US,Engineering,inactive,2024-11-03
1d270e2b-acd8-19c6-11ba-33d43ef3ba21,George,Flores,george.flores@gmail.com,+1-600-589-9963,1965-12-03,7239 Main St,Phoenix,AZ,85001,US,Product,inactive,2024-11-14
1f83c18b-7c7d-ca05-af17-b2a632cbd134,Susan,Perez,susan.perez@yahoo.com,+1-752-464-3544,1966-10-12,1174 Maple Dr,Phoenix,AZ,85001,US,Product,suspended,2024-12-10
1547c5db-1573-223d-7f7b-a12ae95f9710,Michelle,Allen,michelle.allen@outlook.com,+1-492-966-3494,1969-11-24,9934 Pine Rd,Columbus,OH,43085,US,Finance,active,2024-01-01
c099739c-91de-413f-3ee3-73b4e88859dd,Melissa,Thomas,melissa.thomas@hotmail.com,+1-750-678-3433,1994-09-02,3987 Oak Ave,Austin,TX,73301,US,Finance,active,2024-05-14
356cd31f-9cd3-bbe5-6146-fc90614e27f0,Daniel,Hill,daniel.hill@example.com,+1-329-590-9771,1998-03-12,4225 Oak Ave,San Francisco,CA,94102,US,Legal,suspended,2024-04-26
574073b0-fc45-400a-e1e3-f5cf1252f53b,Carol,Young,carol.young@hotmail.com,+1-415-636-3284,1985-07-28,676 Oak Ave,Austin,TX,73301,US,Marketing,active,2024-11-28
2f19e912-4af7-5f8c-6496-5ca56d8f75e7,Mary,Harris,mary.harris@outlook.com,+1-641-555-4609,1991-06-01,6043 Oak Ave,Philadelphia,PA,19101,US,Sales,inactive,2024-03-09
ac32371b-5d8c-e9d0-d59c-bab8f33f24e7,Christopher,Thompson,christopher.thompson@yahoo.com,+1-601-421-7322,1981-12-07,7689 Park Blvd,San Diego,CA,92101,US,HR,suspended,2024-08-17
93e7d699-cd5a-fc3f-d06b-ddc54757b52b,Charles,Nguyen,charles.nguyen@hotmail.com,+1-494-825-7022,1967-05-22,1972 Main St,Philadelphia,PA,19101,US,HR,inactive,2024-11-05
53b5af5a-6b36-e98e-9146-8a8cf87f7210,Christopher,Smith,christopher.smith2@hotmail.com,+1-592-646-6469,1965-10-24,1800 Maple Dr,Denver,CO,80201,US,Engineering,inactive,2024-03-25
bd5ca81b-3b3e-0420-f1d5-181f98e725ea,Mark,Clark,mark.clark@example.com,+1-527-819-1356,1968-01-17,7223 Cedar Ln,Indianapolis,IN,46201,US,HR,active,2024-03-03
5f0a1c6b-a820-5206-c857-3376de6195bd,William,Torres,william.torres@gmail.com,+1-204-290-3414,1979-08-10,3210 Pine Rd,San Jose,CA,95101,US,Legal,inactive,2024-09-28
7e24a483-f8f3-83d1-584a-a3d5e92425d6,Brian,Hall,brian.hall@example.com,+1-940-680-8596,1972-11-13,2244 Elm St,New York,NY,10001,US,Marketing,suspended,2024-05-23
879a67ac-9c68-253f-a654-b58b3aecf60f,Michelle,Brown,michelle.brown@hotmail.com,+1-337-195-5794,1969-02-17,7419 Maple Dr,New York,NY,10001,US,Finance,active,2024-08-21
51106091-450c-c687-b402-4e90b2df1a53,George,Martinez,george.martinez@example.com,+1-265-834-7466,1985-06-14,8000 Park Blvd,Los Angeles,CA,90001,US,Legal,active,2024-07-07
ced9deb2-fac2-a13b-c8a8-a522dce683a6,Anthony,Green,anthony.green@yahoo.com,+1-732-536-4284,1998-01-26,72 Oak Ave,Phoenix,AZ,85001,US,Marketing,active,2024-03-01
206250f2-44b7-4a0b-eb08-fc4380dd7f64,Patricia,Campbell,patricia.campbell2@example.com,+1-597-936-5147,1973-02-08,8899 Cedar Ln,San Francisco,CA,94102,US,Finance,active,2024-07-28
2a983f49-826f-2b7c-ca3c-5cf8f26e5ef7,Mark,Baker,mark.baker@icloud.com,+1-907-653-7643,1961-01-10,8172 Oak Ave,Fort Worth,TX,76101,US,Finance,inactive,2024-01-28
6f535f89-e401-ce0f-4939-ef9bead7bec5,Lisa,Green,lisa.green@example.com,+1-813-236-1393,1987-03-18,9213 Elm St,Dallas,TX,75201,US,Product,active,2024-10-23
ddfe9121-c37b-2471-5e9d-870c9f23403a,Patricia,Davis,patricia.davis@yahoo.com,+1-295-677-4525,1971-09-25,6131 Main St,Phoenix,AZ,85001,US,Engineering,active,2024-02-11
b72423d6-87d5-292c-e64e-2b2dc97e4828,Charles,Sanchez,charles.sanchez@gmail.com,+1-907-825-1983,1975-06-23,8862 Main St,Indianapolis,IN,46201,US,Finance,suspended,2024-12-17
0fae2755-1171-794f-a357-ba67415a16b4,Andrew,Green,andrew.green@example.com,+1-488-162-5455,1972-10-27,3965 Oak Ave,Los Angeles,CA,90001,US,Operations,inactive,2024-07-17
a261d6dc-85be-ac2f-30e0-ee795486334b,Lisa,Jones,lisa.jones@example.com,+1-870-205-5496,1997-05-24,8439 Cedar Ln,San Antonio,TX,78201,US,Legal,active,2024-08-11
1a655ef6-0313-e3ef-a3a0-1a1b9fdcf6ea,Daniel,Allen,daniel.allen2@gmail.com,+1-612-628-6206,1961-11-20,6250 Pine Rd,San Antonio,TX,78201,US,Legal,active,2024-08-27
09860e01-9bb2-e446-ed59-2398f649ff09,Mark,Scott,mark.scott@outlook.com,+1-358-573-2682,1964-02-03,6633 Cedar Ln,Los Angeles,CA,90001,US,Legal,active,2024-07-03
fa4edf5a-8471-a52c-cc80-543afb1fb5e8,Michael,White,michael.white@icloud.com,+1-632-215-2395,1979-01-12,9319 Lake Dr,Fort Worth,TX,76101,US,Product,inactive,2024-06-19
10cff03f-69f0-517b-28ea-b54a32ff2dc2,Melissa,Rivera,melissa.rivera@icloud.com,+1-687-990-1682,1989-10-13,5257 Main St,San Antonio,TX,78201,US,Operations,suspended,2024-04-12
53c00a59-6c07-0379-5907-f268968b42cc,Richard,Taylor,richard.taylor@outlook.com,+1-650-822-3456,1963-01-02,8937 Elm St,Seattle,WA,98101,US,Finance,active,2024-04-08
66722dfa-634d-2c50-28c2-cbfc484411ef,Emily,Adams,emily.adams@icloud.com,+1-875-245-2544,1967-04-26,7670 Lake Dr,San Francisco,CA,94102,US,Operations,suspended,2024-01-03
9ad10cac-7c20-ecf5-8c4d-33b56d817b6b,Carol,Perez,carol.perez@icloud.com,+1-413-104-4316,1979-01-29,106 Maple Dr,Dallas,TX,75201,US,Operations,active,2024-03-27
a5b8a9ec-cfa5-7f25-8f67-ab4697afd8f2,Sandra,Lopez,sandra.lopez@hotmail.com,+1-427-361-6188,1979-04-16,1141 Elm St,Fort Worth,TX,76101,US,Engineering,active,2024-06-05
cdc54cae-0121-8ca8-3d11-d205f7e14071,Dorothy,White,dorothy.white@outlook.com,+1-757-578-4120,1964-10-10,126 Lake Dr,Columbus,OH,43085,US,Sales,active,2024-11-15
74b49650-7819-bc81-79a1-30bacb1984d0,Timothy,Anderson,timothy.anderson@icloud.com,+1-964-873-2899,1981-09-13,1981 Pine Rd,Philadelphia,PA,19101,US,Sales,active,2024-03-23
9a40013b-c7bd-5595-0047-dfb932cb9f74,George,Walker,george.walker@example.com,+1-262-108-8251,1977-06-28,1359 Maple Dr,San Francisco,CA,94102,US,Marketing,active,2024-03-23
e3715388-3773-8335-7d25-eadb4a4ef6c1,Sarah,Martinez,sarah.martinez@yahoo.com,+1-894-153-6714,1990-04-14,7921 Lake Dr,San Jose,CA,95101,US,Legal,active,2024-10-27
604e86b1-1bbb-efac-7988-5901a1827433,Amanda,Ramirez,amanda.ramirez@gmail.com,+1-573-826-8118,1986-02-17,5733 Park Blvd,Denver,CO,80201,US,Product,inactive,2024-07-10
499e52b5-31dc-8958-3c0a-12c6dacd40ba,John,Hill,john.hill@icloud.com,+1-997-372-1263,1983-07-04,287 Elm St,Fort Worth,TX,76101,US,Sales,active,2024-05-05
3346412d-9fc7-d5e4-757a-0380c7c3cb29,Carol,Harris,carol.harris@example.com,+1-911-286-3083,1968-10-20,1446 Oak Ave,Jacksonville,FL,32099,US,HR,active,2024-10-23
3e4569c1-abf8-9658-7a6d-fc6d48d5e760,James,Robinson,james.robinson@gmail.com,+1-631-151-2868,1991-02-05,5482 Lake Dr,Jacksonville,FL,32099,US,Marketing,active,2024-06-02
e8d6fcf7-d42c-80a2-b576-7c1a659f86ba,Melissa,Hall,melissa.hall@gmail.com,+1-355-529-1146,1963-02-08,504 Main St,Los Angeles,CA,90001,US,Sales,inactive,2024-06-18
990e3a80-5615-6797-e8e4-65ae77fe7355,Andrew,Rivera,andrew.rivera@yahoo.com,+1-666-984-4330,1997-11-21,3616 Elm St,Dallas,TX,75201,US,HR,suspended,2024-09-23
92095726-489f-c777-1b98-94c52fd81782,Susan,Thompson,susan.thompson@hotmail.com,+1-612-583-2495,1986-12-02,4132 Park Blvd,Chicago,IL,60601,US,Finance,suspended,2024-07-21
3529c231-e068-9f19-05df-c5bb27e04d66,Matthew,Jackson,matthew.jackson2@example.com,+1-293-606-3272,1996-06-08,6680 Park Blvd,San Diego,CA,92101,US,Operations,active,2024-09-05
e6d1fdde-979d-5820-e393-a344dbba4c4f,Karen,Sanchez,karen.sanchez2@icloud.com,+1-370-837-9160,1971-11-02,2106 Pine Rd,Austin,TX,73301,US,Engineering,active,2024-01-23
0cb484d4-aa00-8ba5-6420-a2868bcd7eb4,Melissa,Baker,melissa.baker@example.com,+1-288-411-7176,1960-12-06,287 Elm St,Phoenix,AZ,85001,US,Marketing,suspended,2024-01-18
1d529926-e09e-0c95-7ed9-907d24ab6f4d,Deborah,Perez,deborah.perez@outlook.com,+1-610-767-4324,1996-12-15,935 Cedar Ln,San Antonio,TX,78201,US,Finance,active,2024-07-28
3365d25b-e592-2f7a-d525-aa88c33b88b0,Michelle,Wilson,michelle.wilson@hotmail.com,+1-213-191-1953,1991-12-21,932 Main St,Nashville,TN,37201,US,Engineering,suspended,2024-10-19
cf3e297f-00e8-c059-ba24-6f051d2c5ae2,Jessica,Jones,jessica.jones@icloud.com,+1-517-974-9711,1983-05-16,735 Maple Dr,Charlotte,NC,28201,US,Finance,active,2024-12-09
0cf24f5a-aed5-5726-9fff-8f802e0182a2,Robert,Perez,robert.perez2@icloud.com,+1-836-857-4770,1993-11-29,809 Pine Rd,Nashville,TN,37201,US,Finance,inactive,2024-07-14
0654df2a-a487-cde9-ea8b-6d7388a66f33,Jennifer,Thomas,jennifer.thomas@hotmail.com,+1-724-907-2349,1967-08-23,2300 Maple Dr,Fort Worth,TX,76101,US,Product,suspended,2024-02-12
c4e3f862-41a5-b2f0-fb3c-8d94b2894d6f,Timothy,Torres,timothy.torres@outlook.com,+1-668-967-1061,2000-02-09,5694 Cedar Ln,Charlotte,NC,28201,US,Marketing,active,2024-01-12
7f48266c-6ec2-2d01-9ce5-3da9dcad357e,Carol,Scott,carol.scott@yahoo.com,+1-407-719-8337,1960-05-17,8255 Pine Rd,San Diego,CA,92101,US,Sales,active,2024-09-19
79705db6-3b97-810d-9b3d-4cfa6c14b13e,Linda,Mitchell,linda.mitchell@outlook.com,+1-617-851-6832,1989-12-06,472 Oak Ave,Phoenix,AZ,85001,US,Product,inactive,2024-07-16
201162af-e5df-8633-dea6-d2a865ebbf76,Brian,Miller,brian.miller@icloud.com,+1-873-643-9891,1981-06-22,3552 Park Blvd,Indianapolis,IN,46201,US,Finance,inactive,2024-09-17
e10c8e36-6581-d3d3-a79d-10a8ba8cb85a,Kevin,Nelson,kevin.nelson@outlook.com,+1-994-901-3645,1963-12-09,7535 Park Blvd,New York,NY,10001,US,Sales,suspended,2024-03-06
02dd8c6b-83cf-176e-b0ed-e2f5d4af795e,Margaret,Ramirez,margaret.ramirez@hotmail.com,+1-783-816-4190,1983-02-02,7333 Park Blvd,Charlotte,NC,28201,US,Marketing,inactive,2024-06-06
f7ab3171-89ab-aadc-b6d0-f0efe4598034,Elizabeth,Scott,elizabeth.scott@example.com,+1-823-100-8598,1990-04-28,4775 Cedar Ln,Nashville,TN,37201,US,Operations,suspended,2024-09-04
6f0fc08b-26fc-bc1d-7700-9e437af31f44,William,Lee,william.lee@outlook.com,+1-530-717-9126,1981-05-18,6229 Pine Rd,Nashville,TN,37201,US,Engineering,suspended,2024-04-18
eb1feef5-128b-6ad3-ec9d-76580781eccd,Nancy,Mitchell,nancy.mitchell@icloud.com,+1-927-397-3044,1974-03-23,7223 Oak Ave,New York,NY,10001,US,Product,active,2024-08-18
f2f1feb0-f50f-64a5-9719-65f5239a6d42,Emily,Gonzalez,emily.gonzalez@icloud.com,+1-560-988-7495,1996-11-30,5750 Oak Ave,Chicago,IL,60601,US,Legal,active,2024-11-04
c61c3397-5c6e-7e01-a6c7-efe0df7f6207,Karen,King,karen.king@hotmail.com,+1-244-104-4008,1962-07-07,4291 Pine Rd,Los Angeles,CA,90001,US,Sales,suspended,2024-08-18
0443d9a8-a47e-d76e-3ba0-49a6a05fa3ef,Ashley,Thompson,ashley.thompson@example.com,+1-992-244-4214,1962-03-26,296 Oak Ave,Charlotte,NC,28201,US,Marketing,active,2024-06-21
7e4ff60d-093f-bebc-a024-f779d5eabe9a,James,Jones,james.jones@example.com,+1-481-275-1376,1977-07-23,6579 Elm St,San Francisco,CA,94102,US,Sales,active,2024-03-08
04036d53-8f90-2934-a24d-084d1e7b1fdd,Richard,Clark,richard.clark@icloud.com,+1-593-272-1685,1996-10-26,224 Lake Dr,San Antonio,TX,78201,US,Finance,active,2024-03-26
92ffeec1-ce0f-e7af-b3a5-d2cb4272adf3,Thomas,Lopez,thomas.lopez@hotmail.com,+1-662-472-4919,1966-03-25,7694 Pine Rd,Columbus,OH,43085,US,Engineering,active,2024-08-26
f6062220-a9d0-ff78-f22f-7c79641a6d82,Brian,Garcia,brian.garcia@example.com,+1-811-476-7684,1973-09-07,8128 Pine Rd,Dallas,TX,75201,US,Engineering,inactive,2024-09-16
411f6fa2-3807-da06-5f67-ce49f09314cb,Susan,White,susan.white@example.com,+1-538-841-2074,1971-05-10,4599 Park Blvd,San Jose,CA,95101,US,Product,suspended,2024-09-22
81b58d76-4485-e362-df61-766abf5eabf2,Anthony,Thompson,anthony.thompson@icloud.com,+1-403-905-5860,1989-11-19,9201 Cedar Ln,San Antonio,TX,78201,US,Operations,suspended,2024-07-21
4cba06ed-d472-62cf-6442-5305fa87fb09,David,Clark,david.clark@hotmail.com,+1-730-420-4937,1979-06-23,2528 Main St,San Antonio,TX,78201,US,Legal,inactive,2024-06-17
e2422489-c5ec-796d-28b8-afe23e635507,Donald,Smith,donald.smith@icloud.com,+1-866-518-4578,1973-01-15,4126 Pine Rd,Nashville,TN,37201,US,Finance,inactive,2024-10-23
4e3be7b2-ca5a-a416-b95b-fa5cc35e62d8,Lisa,Wright,lisa.wright@gmail.com,+1-526-918-1976,1961-01-24,5918 Main St,Jacksonville,FL,32099,US,Sales,suspended,2024-05-13
2c164dc4-47c5-f0aa-3273-6c917537fe4f,Sandra,Hernandez,sandra.hernandez@example.com,+1-976-717-4213,1962-04-17,9293 Main St,New York,NY,10001,US,Legal,inactive,2024-04-24
58697ca2-ec0d-d1ff-c9d9-1a56a28b2e14,Ashley,Martinez,ashley.martinez@icloud.com,+1-882-743-1078,1972-02-04,3960 Main St,Austin,TX,73301,US,Marketing,inactive,2024-03-11
b27bd350-b06a-ab8f-21f5-b1e8ad349caa,Kimberly,Thompson,kimberly.thompson@gmail.com,+1-851-104-5913,1961-09-21,5628 Main St,Jacksonville,FL,32099,US,Sales,suspended,2024-02-10
43cb74f5-98bc-6b45-76c8-63e0e8aac4a5,Susan,Perez,susan.perez2@yahoo.com,+1-990-800-4809,1966-03-31,3667 Lake Dr,Chicago,IL,60601,US,Operations,active,2024-02-26
937b94e7-5a43-8639-a825-610c3d2f24d3,George,Campbell,george.campbell@gmail.com,+1-229-381-3733,1966-05-19,6572 Elm St,Houston,TX,77001,US,Sales,inactive,2024-05-05
580cd898-aaf7-6d3b-ce5e-2a7e2ee4cbbd,Kimberly,Ramirez,kimberly.ramirez@example.com,+1-313-808-1837,2000-08-23,8579 Elm St,Fort Worth,TX,76101,US,Legal,active,2024-09-07
148b119e-f45e-0a21-579b-d4244ae4eca0,Kimberly,Rivera,kimberly.rivera@example.com,+1-465-747-8067,1975-08-20,672 Oak Ave,Jacksonville,FL,32099,US,Finance,active,2024-02-03
af2bde5c-c17c-0907-500a-c7b55b83c0a6,Donald,Nelson,donald.nelson@outlook.com,+1-425-805-8434,1997-03-06,513 Park Blvd,Jacksonville,FL,32099,US,Sales,inactive,2024-03-18
18709d0d-62a1-22f4-400b-c861713812b7,Michael,Clark,michael.clark2@hotmail.com,+1-343-966-2423,1971-02-06,5202 Lake Dr,San Antonio,TX,78201,US,Operations,inactive,2024-12-24
c0d57ad6-2c7e-254b-19fc-2491e20a5582,Timothy,Mitchell,timothy.mitchell@yahoo.com,+1-634-129-9416,1971-07-18,4220 Oak Ave,Columbus,OH,43085,US,Legal,inactive,2024-03-01
d50edd86-9a7f-7500-1576-4b3e3bea22db,Emily,Flores,emily.flores@gmail.com,+1-641-346-1330,1985-08-12,3849 Elm St,Columbus,OH,43085,US,Marketing,inactive,2024-12-16
d24e387a-9d94-601b-b89a-3e7c54764d30,Patricia,Martin,patricia.martin@outlook.com,+1-804-652-3340,1991-12-13,2049 Park Blvd,Los Angeles,CA,90001,US,Legal,active,2024-11-26
87f0a615-c680-8f09-d3e9-b1f33aa9b02b,Michael,Lopez,michael.lopez2@yahoo.com,+1-769-643-1630,1995-01-23,5056 Elm St,Dallas,TX,75201,US,Marketing,active,2024-11-05
5dc3b9be-4c3b-4e46-6696-c1a63e06d24c,Patricia,Martinez,patricia.martinez@outlook.com,+1-247-979-3371,1996-08-06,9060 Maple Dr,Nashville,TN,37201,US,Finance,active,2024-04-09
9b3b9f88-2f4f-6761-7770-5cdc60ebb712,William,Walker,william.walker@outlook.com,+1-824-165-2805,1979-10-22,5427 Pine Rd,Jacksonville,FL,32099,US,Engineering,active,2024-11-09
e207dbb6-6f95-be22-3fac-dfa64c956585,Richard,Garcia,richard.garcia@icloud.com,+1-829-481-4686,1989-01-06,1386 Main St,San Antonio,TX,78201,US,Sales,suspended,2024-08-16
aeee0e2c-25a6-dcf8-6872-b415040b7232,Linda,Baker,linda.baker@example.com,+1-798-217-8662,1974-05-21,9912 Maple Dr,Houston,TX,77001,US,Product,active,2024-02-15
9d484003-af70-5e12-2429-42a16d67831d,Susan,Hernandez,susan.hernandez@icloud.com,+1-285-861-1877,1997-10-05,8249 Lake Dr,Houston,TX,77001,US,Finance,suspended,2024-03-06
c96ec149-1355-0472-e65f-5c59913406a4,Michael,Nguyen,michael.nguyen@icloud.com,+1-529-553-4568,1977-10-23,7545 Park Blvd,San Diego,CA,92101,US,Legal,active,2024-01-12
4ac1a8f4-a4ba-67d7-712b-8f43004025e1,William,Torres,william.torres2@icloud.com,+1-554-970-2326,1981-11-10,6114 Cedar Ln,Charlotte,NC,28201,US,Engineering,active,2024-05-11
be0e023b-6095-aa9f-a56d-7dbac6af63a8,Patricia,Smith,patricia.smith3@yahoo.com,+1-733-349-9099,1965-11-15,9093 Main St,New York,NY,10001,US,Finance,active,2024-11-12
6587a1af-c2e0-2128-73dc-e0e0665700be,Patricia,Hernandez,patricia.hernandez@icloud.com,+1-248-343-1778,1982-07-25,4460 Main St,Austin,TX,73301,US,Finance,active,2024-07-22
b60301aa-8956-1001-119d-5cb0a01c6ce5,Brian,Robinson,brian.robinson@example.com,+1-940-249-4933,1973-05-07,6947 Oak Ave,Jacksonville,FL,32099,US,Engineering,active,2024-04-27
c0167336-df10-a1ff-0c68-693112590735,Kimberly,Nelson,kimberly.nelson@yahoo.com,+1-521-202-4992,1967-09-27,4007 Pine Rd,Charlotte,NC,28201,US,Product,active,2024-02-18
8c01f5cd-a854-24dd-8911-19e83c2a5ce4,Karen,Hernandez,karen.hernandez@yahoo.com,+1-373-470-4867,1964-06-02,2848 Main St,New York,NY,10001,US,Finance,active,2024-11-13
3cd0ab12-0250-49ab-d752-133c6a53747a,Dorothy,Davis,dorothy.davis2@example.com,+1-750-678-2408,1969-12-20,7847 Cedar Ln,Columbus,OH,43085,US,Product,suspended,2024-01-15
2f26e55a-7b6d-b4c4-6dac-527f7c708586,Melissa,Allen,melissa.allen@icloud.com,+1-247-143-1379,1989-01-25,5794 Maple Dr,San Jose,CA,95101,US,Marketing,active,2024-12-23
6f071181-1d38-45db-74ed-b32702430277,Michael,Roberts,michael.roberts@gmail.com,+1-447-375-6983,2000-12-19,452 Elm St,Indianapolis,IN,46201,US,Marketing,active,2024-04-15
958a40b0-c7f4-e7c7-e1d4-be551c316d04,James,King,james.king@outlook.com,+1-971-182-5338,1994-04-21,4980 Elm St,Chicago,IL,60601,US,HR,active,2024-07-20
1d69047d-d29c-a307-63b5-4f0456a372ff,Donald,Martinez,donald.martinez@icloud.com,+1-814-290-8430,1975-06-09,7009 Lake Dr,Fort Worth,TX,76101,US,Marketing,active,2024-08-15
d8b16dcc-2430-96bd-c005-79db6a4f6052,George,Baker,george.baker@gmail.com,+1-635-346-6806,1982-06-13,6567 Oak Ave,San Francisco,CA,94102,US,Sales,inactive,2024-07-25
7571b6d7-351c-f739-7e92-3c575d0b7acc,Mark,Wright,mark.wright@yahoo.com,+1-300-300-9920,1976-09-12,8598 Lake Dr,New York,NY,10001,US,HR,active,2024-03-24
4d4b0444-119f-fe03-f61f-4793617ad8f1,William,Wilson,william.wilson@example.com,+1-504-906-7405,1989-12-05,6247 Maple Dr,San Jose,CA,95101,US,Legal,inactive,2024-04-24
c7756900-6a85-43a7-7503-1dcfce379bbb,Susan,Smith,susan.smith@outlook.com,+1-299-800-5885,1963-03-19,2853 Oak Ave,Houston,TX,77001,US,Operations,active,2024-05-17
e31de8bd-350b-a522-6be7-4e77bcb4067d,Joseph,Davis,joseph.davis@icloud.com,+1-625-368-8851,1983-11-10,446 Pine Rd,Fort Worth,TX,76101,US,Product,active,2024-07-18
37694eb6-0597-cbff-ed4e-149f7ba843a3,Andrew,Harris,andrew.harris@icloud.com,+1-586-664-4790,2000-06-23,49 Main St,San Francisco,CA,94102,US,HR,suspended,2024-04-16
d7cadeaf-b0aa-1503-3a1d-8916ba9b9531,Carol,Hill,carol.hill2@example.com,+1-280-883-6644,1978-01-05,9448 Maple Dr,San Diego,CA,92101,US,Sales,suspended,2024-02-22
47b88951-391a-1488-992a-da0b546fc668,Michelle,Hernandez,michelle.hernandez@hotmail.com,+1-265-144-5329,1977-03-12,818 Park Blvd,Los Angeles,CA,90001,US,Sales,suspended,2024-02-03
1fc38609-7ad5-1b22-47e0-44b728292b59,Paul,Lewis,paul.lewis3@yahoo.com,+1-731-297-1334,1983-01-14,1434 Oak Ave,Phoenix,AZ,85001,US,Legal,suspended,2024-07-21
d62598ba-ca41-48af-baa6-302f9ce1e6a5,Patricia,Walker,patricia.walker2@outlook.com,+1-944-633-5129,1983-08-03,9447 Lake Dr,Charlotte,NC,28201,US,HR,suspended,2024-10-15
1b40abe4-2283-afb3-de45-8dafee0b349c,Donna,Hill,donna.hill@gmail.com,+1-702-227-2808,1967-03-26,4574 Park Blvd,Austin,TX,73301,US,Operations,inactive,2024-06-17
f0c3ad82-feb1-d313-1a1d-07eca9b4715f,Melissa,Miller,melissa.miller@icloud.com,+1-209-543-2261,1983-12-23,8070 Cedar Ln,Nashville,TN,37201,US,Operations,inactive,2024-04-04
5dd4797b-f480-6394-fb27-64407603fce3,Anthony,Gonzalez,anthony.gonzalez@gmail.com,+1-560-559-3916,1986-10-02,6790 Oak Ave,Philadelphia,PA,19101,US,Product,suspended,2024-05-20
d6d4836b-92ee-f5bb-16b3-bada122f0f94,Anthony,Wilson,anthony.wilson@hotmail.com,+1-416-638-1877,1982-09-30,6422 Maple Dr,Seattle,WA,98101,US,Engineering,active,2024-04-21
aeeaa345-cb9b-b441-3043-2eca591a6550,James,Young,james.young@gmail.com,+1-912-275-2882,1982-02-23,6374 Cedar Ln,Columbus,OH,43085,US,Finance,inactive,2024-02-26
9411bd98-448b-fa0a-5455-0f9486e1d4b3,Jessica,Jones,jessica.jones@hotmail.com,+1-237-872-1743,1998-08-15,5087 Main St,Nashville,TN,37201,US,Finance,inactive,2024-11-06
80e6d3de-5539-7a02-c6ca-565f84114531,Joshua,Thompson,joshua.thompson@example.com,+1-430-449-7899,1976-08-31,3841 Oak Ave,San Jose,CA,95101,US,Sales,inactive,2024-05-24
f608f37b-c6f6-4c51-5278-db82e9289e9d,Susan,Hill,susan.hill@example.com,+1-550-208-8175,1966-07-11,4462 Oak Ave,Phoenix,AZ,85001,US,Sales,active,2024-09-03
e7941ab1-2df3-fbdd-e5e5-50496bc4cf7b,Kenneth,Mitchell,kenneth.mitchell@outlook.com,+1-308-938-3985,1998-12-02,3079 Park Blvd,Indianapolis,IN,46201,US,Engineering,active,2024-12-18
d3270cc0-1900-c321-4219-eb725ba6612b,Betty,Anderson,betty.anderson2@icloud.com,+1-412-840-5123,1971-09-18,5216 Cedar Ln,Nashville,TN,37201,US,Marketing,active,2024-07-07
78652552-cd0d-01ef-c595-806ee50ebfaf,Deborah,Brown,deborah.brown@icloud.com,+1-812-509-9541,1960-05-22,5533 Main St,San Diego,CA,92101,US,Product,active,2024-06-26
083863e9-bab8-a244-ea27-9487470e81b5,Emily,Wright,emily.wright@hotmail.com,+1-775-867-3880,1988-03-29,1764 Lake Dr,Phoenix,AZ,85001,US,Legal,active,2024-06-21
34c93ebf-e099-ab65-1108-eec8107aad8b,Timothy,Garcia,timothy.garcia@hotmail.com,+1-420-736-8708,1982-10-18,3148 Park Blvd,Fort Worth,TX,76101,US,Legal,active,2024-08-23
b4d32b86-02de-5777-f980-c29c4b322b05,William,Davis,william.davis@hotmail.com,+1-384-412-3172,1991-09-12,2813 Maple Dr,San Diego,CA,92101,US,HR,active,2024-12-20
2f50dacb-3ee1-d728-e990-9a64ac783741,Dorothy,Campbell,dorothy.campbell@yahoo.com,+1-951-340-8108,1978-06-21,5123 Pine Rd,Los Angeles,CA,90001,US,Engineering,active,2024-09-04
8d80d237-f8d6-90af-c2c2-6d9f4be972b5,Michelle,Martin,michelle.martin@outlook.com,+1-477-259-1504,1967-07-18,2578 Pine Rd,Dallas,TX,75201,US,Finance,active,2024-01-23
1742b052-f01f-7382-e4fa-62c2b398e4fc,Joshua,Martin,joshua.martin@hotmail.com,+1-320-784-9433,1975-09-30,6977 Oak Ave,Columbus,OH,43085,US,Operations,inactive,2024-05-01
9ef9ab9a-3141-7cc0-59ff-60d67eb7d909,Donna,Torres,donna.torres2@outlook.com,+1-752-734-2064,1973-11-09,3155 Lake Dr,Houston,TX,77001,US,Engineering,active,2024-05-27
0e491353-9fa3-8a92-a228-f934af33581d,Kenneth,Rodriguez,kenneth.rodriguez@outlook.com,+1-720-944-3934,1964-03-09,6317 Oak Ave,Austin,TX,73301,US,Marketing,active,2024-11-07
97f84962-93f1-b9e1-bfd5-54ff2e65a71f,Christopher,Harris,christopher.harris@outlook.com,+1-379-136-3859,1971-12-26,3963 Lake Dr,Nashville,TN,37201,US,Product,inactive,2024-07-19
3bd59326-58d3-4b8c-91e1-84e22afa3f05,Kevin,Ramirez,kevin.ramirez@icloud.com,+1-437-650-7286,1994-10-12,1529 Pine Rd,Philadelphia,PA,19101,US,Marketing,active,2024-11-27
cb054b74-9f01-2883-d5f5-53d804287972,Paul,Carter,paul.carter@yahoo.com,+1-436-902-6006,1990-05-11,2078 Pine Rd,Nashville,TN,37201,US,Sales,active,2024-01-13
30fa0cb4-68fd-116b-4529-2253301503ee,Margaret,Baker,margaret.baker@yahoo.com,+1-406-925-5913,1993-05-27,8477 Cedar Ln,San Francisco,CA,94102,US,Finance,active,2024-04-16
41207a2d-9cbf-4d7d-e70c-32806fa97de7,Nancy,Miller,nancy.miller2@example.com,+1-949-138-9318,1977-02-06,7122 Elm St,San Francisco,CA,94102,US,HR,active,2024-05-08
546bc509-8df2-bbdd-2230-6240f1d8cf10,George,Scott,george.scott2@yahoo.com,+1-551-121-8368,1987-10-27,4408 Cedar Ln,Fort Worth,TX,76101,US,Operations,active,2024-10-28
9bd8ea38-5f8b-3066-fd1b-31a39f18336d,Daniel,Hernandez,daniel.hernandez@icloud.com,+1-478-591-1135,1996-03-13,4076 Park Blvd,San Francisco,CA,94102,US,Product,active,2024-06-07
753961bc-4234-8b76-0b78-1dbb5400ceae,Christopher,Hill,christopher.hill2@gmail.com,+1-327-921-9569,1978-02-28,3300 Main St,Indianapolis,IN,46201,US,Engineering,suspended,2024-10-11
fc678db7-4657-6fee-ef3f-6b9a3657197b,Sarah,Rodriguez,sarah.rodriguez@icloud.com,+1-491-857-7585,1980-06-04,6182 Park Blvd,San Francisco,CA,94102,US,Product,inactive,2024-10-18
7523b4be-1b43-0a8a-b367-618f6898e551,Donna,Nguyen,donna.nguyen@outlook.com,+1-917-973-1364,1960-09-25,7099 Main St,Charlotte,NC,28201,US,Marketing,active,2024-10-15
f38ece7c-cbce-5f02-42bd-e34a860a9d63,Jennifer,Garcia,jennifer.garcia@gmail.com,+1-933-558-2681,1995-10-25,5517 Park Blvd,San Antonio,TX,78201,US,Legal,active,2024-07-14
6c20ee70-8153-af6c-ba5c-543e8af638a3,George,Lee,george.lee2@gmail.com,+1-220-802-2571,1963-06-08,6298 Lake Dr,Austin,TX,73301,US,HR,active,2024-10-24
5e3124a5-f72e-5937-f83b-6c67351de11b,Carol,Lopez,carol.lopez@yahoo.com,+1-825-755-8126,1991-02-22,9429 Elm St,San Jose,CA,95101,US,Engineering,active,2024-06-25
ca7e2d4e-939c-fc04-b518-c9e1db5bf8d9,Mary,Adams,mary.adams@outlook.com,+1-434-596-6622,1978-04-29,5094 Main St,Columbus,OH,43085,US,Sales,active,2024-03-26
2af6297d-967b-daf2-897c-b965b3f85398,Kimberly,Ramirez,kimberly.ramirez@gmail.com,+1-539-920-8302,1997-04-18,2038 Pine Rd,Indianapolis,IN,46201,US,Engineering,active,2024-06-02
6d866f77-7d91-8fcb-ffbd-efdcb4aa6ace,Carol,Thomas,carol.thomas@icloud.com,+1-962-276-7166,1999-01-31,4930 Oak Ave,Austin,TX,73301,US,Product,active,2024-09-21
abd20197-0d40-d7ac-de40-8bbe8f2d7a0c,Charles,Torres,charles.torres@yahoo.com,+1-594-300-6293,1998-07-21,8392 Elm St,Columbus,OH,43085,US,Finance,active,2024-12-27
99e0859c-609b-7c1a-93fe-ba888c9d0e58,Jennifer,Johnson,jennifer.johnson@gmail.com,+1-541-186-4414,1979-09-15,26 Pine Rd,Phoenix,AZ,85001,US,Operations,active,2024-12-16
375b2b77-e43b-8b4c-0c7c-5d57798fa5eb,Sandra,Thompson,sandra.thompson@icloud.com,+1-596-435-7798,1994-01-17,2404 Main St,Fort Worth,TX,76101,US,Finance,inactive,2024-04-09
82383310-6728-cd49-4217-199a985aaa57,Karen,Baker,karen.baker@outlook.com,+1-999-712-7185,1988-03-17,4008 Cedar Ln,San Antonio,TX,78201,US,Marketing,suspended,2024-02-22
7a0e1bfe-16ba-1b69-6bf3-2690adfc11fc,Barbara,Gonzalez,barbara.gonzalez@yahoo.com,+1-931-962-1783,1979-09-22,7349 Cedar Ln,Jacksonville,FL,32099,US,Marketing,inactive,2024-05-09
22caa952-e3e3-a2b2-69d9-9775acda0a9c,Daniel,Robinson,daniel.robinson@hotmail.com,+1-597-350-7429,1967-10-06,7283 Elm St,Columbus,OH,43085,US,Engineering,suspended,2024-10-18
dbd31e61-c5fc-71d6-f758-20c17eec7024,Joshua,Young,joshua.young@hotmail.com,+1-583-727-5466,1995-02-23,4700 Cedar Ln,Dallas,TX,75201,US,HR,suspended,2024-12-11
40f5c102-c986-b12d-75ae-9fb5bff9bf1d,William,Nguyen,william.nguyen@outlook.com,+1-228-871-4932,1980-01-05,7803 Park Blvd,San Antonio,TX,78201,US,Legal,inactive,2024-09-16
6bd7117b-7ae2-7d85-ddd7-f32df552fd9d,Charles,Johnson,charles.johnson@outlook.com,+1-678-463-2319,1961-01-04,5049 Lake Dr,Phoenix,AZ,85001,US,Operations,active,2024-05-03
9f3ac133-0f34-8245-353c-ed5cc6e6921d,Robert,Lee,robert.lee@hotmail.com,+1-802-159-1529,1989-03-27,763 Pine Rd,San Antonio,TX,78201,US,Engineering,inactive,2024-06-13
436da10d-b8ec-06fe-4a5e-84b3beaf7c57,Daniel,Campbell,daniel.campbell@icloud.com,+1-551-350-9607,1970-11-11,5465 Park Blvd,Phoenix,AZ,85001,US,Operations,active,2024-06-06
aefc5dae-a19c-bbff-082a-0d76fbddcffc,Richard,Baker,richard.baker@yahoo.com,+1-887-880-1220,1979-04-13,604 Pine Rd,Columbus,OH,43085,US,Legal,active,2024-10-24
c0e309ac-fd56-6c86-95bc-f1b94ec320f7,Jennifer,Jones,jennifer.jones@gmail.com,+1-881-470-7904,1996-07-21,1275 Oak Ave,San Diego,CA,92101,US,Product,active,2024-02-03
72a4768e-f62f-7486-bfb6-5261370ca09a,Kimberly,Miller,kimberly.miller@example.com,+1-483-511-7985,1982-07-15,1254 Pine Rd,Austin,TX,73301,US,HR,inactive,2024-08-14
47d99ac7-0003-ed63-ab3e-f81d7ca2e893,Jennifer,Allen,jennifer.allen@example.com,+1-937-572-7743,1982-12-05,6552 Park Blvd,Columbus,OH,43085,US,Sales,suspended,2024-01-24
960f08b4-99b3-bde0-fa5a-fb3757d4f8c4,Nancy,Rivera,nancy.rivera@yahoo.com,+1-583-117-9630,1978-02-16,1111 Pine Rd,Jacksonville,FL,32099,US,Sales,active,2024-12-08
e88442c0-6c3d-7a28-7f12-bba42f997d4c,James,Campbell,james.campbell@yahoo.com,+1-492-975-1284,1991-08-06,5170 Pine Rd,Denver,CO,80201,US,Legal,active,2024-10-18
375e38b7-1136-29da-5ac4-01de0e070e00,Margaret,Lopez,margaret.lopez@yahoo.com,+1-290-644-7365,1971-05-14,6162 Main St,Chicago,IL,60601,US,HR,inactive,2024-05-15
bbb51d4b-742b-1e85-40da-438d171d28b0,Jessica,Wilson,jessica.wilson@icloud.com,+1-958-612-6563,1997-08-03,2747 Pine Rd,Denver,CO,80201,US,Legal,active,2024-05-27
04459990-1a65-85ab-4832-daf143304aa7,William,Smith,william.smith@yahoo.com,+1-964-994-3727,1987-03-03,3702 Lake Dr,Austin,TX,73301,US,Finance,active,2024-02-18
dd51ad4b-ddf7-e954-ecf8-c9224f624e9b,Melissa,Baker,melissa.baker2@example.com,+1-708-590-5955,1978-07-21,1565 Cedar Ln,Columbus,OH,43085,US,Marketing,active,2024-06-03
321289ec-5fb7-2099-839d-27745af7a91c,Steven,Baker,steven.baker@yahoo.com,+1-473-528-6214,1966-05-04,8758 Oak Ave,New York,NY,10001,US,Operations,active,2024-10-17
9a31797d-8ce5-8787-7d2c-70bd1e720652,Deborah,Wright,deborah.wright@outlook.com,+1-535-451-1948,1991-02-13,9460 Pine Rd,Philadelphia,PA,19101,US,Marketing,active,2024-09-13
9eeef474-c205-a109-585c-86a075f17430,Lisa,White,lisa.white@icloud.com,+1-382-320-9815,1976-11-25,3368 Oak Ave,Houston,TX,77001,US,Finance,active,2024-09-25
f5e476c6-3232-2ae9-fe25-07bc0e34681c,Andrew,Garcia,andrew.garcia2@icloud.com,+1-745-166-5230,1992-11-06,6311 Cedar Ln,Los Angeles,CA,90001,US,HR,active,2024-12-20
9300f3dd-5eb6-b5bf-e055-4c8c9bb754cf,Elizabeth,Martin,elizabeth.martin@yahoo.com,+1-674-862-4967,1990-11-29,853 Oak Ave,Houston,TX,77001,US,Sales,active,2024-09-11
b9464f11-4bb4-7f88-164f-db8cfd7a3950,Barbara,Walker,barbara.walker2@yahoo.com,+1-611-190-4221,1964-01-25,4088 Oak Ave,San Jose,CA,95101,US,Operations,active,2024-06-07
4eabfd0d-cef7-b77e-0f13-280b309757d9,Patricia,Jones,patricia.jones2@outlook.com,+1-503-110-8369,1961-09-30,7225 Oak Ave,San Diego,CA,92101,US,Marketing,active,2024-10-24
51dc3a8e-5017-bace-c49f-2e14a9e48f21,Anthony,White,anthony.white@icloud.com,+1-667-516-8080,1973-08-05,3890 Pine Rd,Seattle,WA,98101,US,Operations,active,2024-02-26
f0528bff-6817-91ea-2430-1bac1928e991,Kimberly,Mitchell,kimberly.mitchell@yahoo.com,+1-828-978-5372,1986-07-06,5591 Maple Dr,Nashville,TN,37201,US,Engineering,inactive,2024-05-22
eaef91c8-1ac9-c9d3-f8c1-43756b5a9672,Jennifer,Flores,jennifer.flores@example.com,+1-911-866-7265,1961-01-10,6235 Oak Ave,Houston,TX,77001,US,Engineering,active,2024-12-24
bd742407-ccd0-d9c4-224d-aafa4003d920,Dorothy,Green,dorothy.green@yahoo.com,+1-326-514-9774,1989-10-16,2317 Park Blvd,Philadelphia,PA,19101,US,Sales,active,2024-11-03
d5edb0c8-618b-1b2e-c83b-e551a67f8850,Kenneth,Young,kenneth.young@outlook.com,+1-833-682-7249,1967-08-25,2393 Main St,Fort Worth,TX,76101,US,Finance,active,2024-08-19
239f7c50-3afb-233e-9196-86375863229c,Amanda,Garcia,amanda.garcia@example.com,+1-877-918-6762,1960-07-01,8066 Maple Dr,New York,NY,10001,US,Sales,suspended,2024-11-15
a5382d43-f5cd-3fcb-0bef-b63a07cf3600,Patricia,Rivera,patricia.rivera@yahoo.com,+1-876-574-5379,1966-07-16,9157 Elm St,Philadelphia,PA,19101,US,Legal,active,2024-05-26
4b94f3d9-169f-915e-5982-8abf9c2ce814,Richard,Scott,richard.scott@hotmail.com,+1-542-290-1732,1966-06-29,5427 Main St,Houston,TX,77001,US,Sales,suspended,2024-07-01
d4edcca1-ef70-014e-ca92-4da82c6aa91f,Matthew,Williams,matthew.williams@outlook.com,+1-386-368-1209,1961-04-14,6857 Elm St,Seattle,WA,98101,US,HR,inactive,2024-05-15
41d64371-05f6-94c8-945e-d196b7cff80b,Betty,Hall,betty.hall2@icloud.com,+1-285-749-9235,1961-11-13,9576 Elm St,Austin,TX,73301,US,Product,inactive,2024-12-09
6e713999-5abb-3671-d74b-9eeaa0836609,Susan,Williams,susan.williams@gmail.com,+1-337-325-9434,1974-10-08,9157 Lake Dr,Fort Worth,TX,76101,US,Legal,inactive,2024-06-14
f57fd15f-a8b4-5926-63ac-a07b34bca6b4,Brian,Flores,brian.flores@icloud.com,+1-253-526-3096,1963-04-28,2262 Main St,San Diego,CA,92101,US,Marketing,active,2024-12-28
46efa551-96d0-ae38-d4a9-45207b63fc26,Richard,Scott,richard.scott2@hotmail.com,+1-881-871-8327,1972-07-14,1305 Main St,New York,NY,10001,US,Finance,suspended,2024-01-07
cc321064-963c-ae6e-8563-e2f8fea9c616,Lisa,Davis,lisa.davis@example.com,+1-983-430-5028,1998-06-08,9177 Maple Dr,Dallas,TX,75201,US,HR,active,2024-02-19
0c3b491f-bb27-dcbb-9038-3703cf12b313,Amanda,Carter,amanda.carter@gmail.com,+1-570-338-6040,1980-08-13,7218 Maple Dr,Dallas,TX,75201,US,Finance,suspended,2024-06-03
54d56514-907c-7b39-d1f0-55ba0e6960ed,Melissa,Clark,melissa.clark@hotmail.com,+1-946-326-3065,1988-09-09,6453 Lake Dr,San Antonio,TX,78201,US,Engineering,suspended,2024-05-28
c52d50fd-bf8a-ff19-875a-3a92a07546aa,Steven,Carter,steven.carter@icloud.com,+1-623-954-6435,1996-07-17,6226 Maple Dr,Fort Worth,TX,76101,US,Sales,active,2024-11-22
8959765b-b787-07bd-2a2d-0813e7fee67f,Paul,Nelson,paul.nelson@yahoo.com,+1-201-878-2815,1983-07-29,8634 Cedar Ln,Philadelphia,PA,19101,US,Sales,active,2024-06-07
4c4b6f67-ba3c-fc84-8901-6a1b6d5606d3,John,Ramirez,john.ramirez@icloud.com,+1-897-951-7920,1975-05-19,7946 Park Blvd,San Francisco,CA,94102,US,Legal,suspended,2024-01-20
bbebc043-44d0-2163-f93b-9f4f7ac9080c,Betty,Moore,betty.moore@outlook.com,+1-487-688-6332,1969-10-24,9419 Lake Dr,Seattle,WA,98101,US,Operations,active,2024-02-08
af05977a-5838-8d77-e5b0-69f552875036,Daniel,Green,daniel.green@yahoo.com,+1-926-437-3599,1981-06-03,8241 Lake Dr,Chicago,IL,60601,US,HR,suspended,2024-12-15
86ccdb09-f881-ec7b-4a87-aa78a2d855c2,Sarah,Garcia,sarah.garcia@example.com,+1-595-800-3563,1991-08-29,7022 Lake Dr,Chicago,IL,60601,US,Operations,active,2024-12-21
44aa1ea7-3959-5bb2-55ab-4e6d41d6045c,Linda,Flores,linda.flores@icloud.com,+1-827-516-6826,1979-01-14,5215 Oak Ave,Indianapolis,IN,46201,US,Operations,inactive,2024-05-04
b8fdff81-ef74-19b8-3cd2-3aaf6d40a9b8,Donna,Sanchez,donna.sanchez@hotmail.com,+1-208-928-1816,1986-11-11,9269 Cedar Ln,San Francisco,CA,94102,US,Operations,suspended,2024-03-02
935afe43-53c8-b04f-bc85-3e82c233abaa,Linda,Sanchez,linda.sanchez@yahoo.com,+1-686-767-3543,1963-11-07,2828 Pine Rd,Los Angeles,CA,90001,US,Sales,active,2024-09-09
2ada4447-99a6-dd39-a9ae-7949c5b504dd,Timothy,Wright,timothy.wright@example.com,+1-691-490-7720,1973-09-11,9066 Main St,San Antonio,TX,78201,US,HR,inactive,2024-11-23
34381df6-cb2b-9704-0213-4726464bcffb,Patricia,Garcia,patricia.garcia2@example.com,+1-401-407-1082,1961-07-04,1180 Elm St,San Francisco,CA,94102,US,Finance,inactive,2024-12-08
588e3ff3-edb5-0d4c-1ab5-2a7b7c688e33,Nancy,King,nancy.king@hotmail.com,+1-534-367-5465,1993-07-02,6830 Main St,Fort Worth,TX,76101,US,Operations,active,2024-10-05
bf6bcbd4-ee6f-e6ca-446f-4fd0db15304f,Betty,Williams,betty.williams2@icloud.com,+1-612-748-3257,1981-09-25,8123 Maple Dr,Columbus,OH,43085,US,Engineering,active,2024-12-07
b0dd1d66-996b-c6f2-1b69-f51d101e92c6,Betty,Hall,betty.hall@outlook.com,+1-356-827-9695,1985-09-20,5719 Park Blvd,Nashville,TN,37201,US,Legal,active,2024-09-12
f848169c-5b7f-aafe-f302-26bde1990278,Melissa,Williams,melissa.williams@yahoo.com,+1-528-839-4563,1999-06-14,9128 Cedar Ln,Chicago,IL,60601,US,Engineering,inactive,2024-08-11
4283ab42-6ab2-6bc8-2eb1-4ec462e3129d,Christopher,Scott,christopher.scott@yahoo.com,+1-422-721-7074,1967-02-13,6516 Lake Dr,Chicago,IL,60601,US,HR,active,2024-12-13
7b01e4c2-d4c8-d608-05ba-6c45d50ac423,James,Lewis,james.lewis@icloud.com,+1-551-184-2639,1994-11-04,9948 Oak Ave,Nashville,TN,37201,US,Legal,inactive,2024-06-12
9aa0bf74-4e8b-afc4-cb20-8d251891f883,Robert,Martinez,robert.martinez2@icloud.com,+1-999-269-6555,1973-05-29,3376 Oak Ave,Dallas,TX,75201,US,Product,active,2024-10-18
a9b7fb58-561a-a5be-a4e3-43dbc7d6f18b,Elizabeth,King,elizabeth.king@example.com,+1-784-587-5458,1983-03-17,7209 Lake Dr,San Diego,CA,92101,US,Product,active,2024-07-25
b9ac3983-4d90-e891-537e-26575c94c008,Christopher,Nguyen,christopher.nguyen@gmail.com,+1-827-369-4444,1960-11-03,5013 Cedar Ln,Indianapolis,IN,46201,US,Product,suspended,2024-08-22
240faa2f-f364-50ac-2cba-898c904d27d3,Ashley,Miller,ashley.miller@outlook.com,+1-943-102-5352,1995-12-01,881 Lake Dr,Columbus,OH,43085,US,Product,active,2024-05-28
fe7df350-1fff-4d86-7774-7cd076bc70a0,Linda,Thompson,linda.thompson@yahoo.com,+1-252-779-1782,1986-08-19,1799 Oak Ave,Jacksonville,FL,32099,US,Operations,active,2024-08-15
d192dcc4-125e-a338-a9c8-48683d8a5371,Joseph,Roberts,joseph.roberts@outlook.com,+1-875-368-9790,1971-10-16,7926 Maple Dr,Nashville,TN,37201,US,Sales,active,2024-06-15
a5edab34-4536-8ab5-57b5-35d13926f68b,Steven,Perez,steven.perez@hotmail.com,+1-948-749-8992,1964-08-28,5063 Oak Ave,Dallas,TX,75201,US,Product,suspended,2024-06-21
dc570f3f-3cdf-a052-26d2-722850672451,Nancy,Robinson,nancy.robinson@yahoo.com,+1-348-649-7008,1989-11-02,6110 Elm St,Nashville,TN,37201,US,Engineering,suspended,2024-06-16
a753b685-1904-3f35-8067-e1dded8f2ec6,Melissa,Hill,melissa.hill@outlook.com,+1-618-512-1725,1976-03-30,2546 Pine Rd,Indianapolis,IN,46201,US,Marketing,active,2024-07-06
770b28a3-04ab-90e4-4cf3-0233007b453d,Jessica,Wilson,jessica.wilson@example.com,+1-304-357-7560,1979-12-02,9715 Lake Dr,San Jose,CA,95101,US,Marketing,active,2024-12-16
b6b166da-596b-b0ba-8e54-1da71fde4909,Kevin,Nguyen,kevin.nguyen@hotmail.com,+1-527-685-6571,1973-01-17,684 Cedar Ln,San Diego,CA,92101,US,Legal,active,2024-06-23
d31bf9f1-9bc5-8ca7-30e2-fbe90680809e,Deborah,Sanchez,deborah.sanchez@gmail.com,+1-597-203-1316,1980-09-12,1276 Lake Dr,Houston,TX,77001,US,Operations,suspended,2024-11-01
75c35754-621a-8cbf-f0ab-858909072f62,Kevin,Williams,kevin.williams@gmail.com,+1-786-909-5418,1993-08-18,9415 Main St,Charlotte,NC,28201,US,Legal,suspended,2024-07-23
e763b8fe-65da-b531-190d-cc47ae0e317d,Joshua,Lopez,joshua.lopez2@icloud.com,+1-920-259-2799,1974-01-28,5983 Cedar Ln,Austin,TX,73301,US,Product,inactive,2024-07-22
e112b126-5e36-316d-3d7a-a6a5fff6a3fa,Jessica,Thompson,jessica.thompson@yahoo.com,+1-889-914-6833,1981-11-01,8638 Park Blvd,Columbus,OH,43085,US,Engineering,inactive,2024-01-15
f78fd863-15db-1e89-c772-78074524a8de,William,Rodriguez,william.rodriguez@icloud.com,+1-418-336-6659,1969-08-13,1745 Cedar Ln,Seattle,WA,98101,US,Engineering,active,2024-05-07
f9bfa7ad-4f4c-2b42-a29f-ef1e7e14686b,Patricia,Hill,patricia.hill@hotmail.com,+1-829-332-8081,1967-05-26,6639 Cedar Ln,San Jose,CA,95101,US,Operations,inactive,2024-12-25
f360af76-1003-a4ad-e26a-971bd1f78e4e,George,Torres,george.torres@hotmail.com,+1-911-374-9522,1994-06-24,367 Cedar Ln,Charlotte,NC,28201,US,Engineering,active,2024-08-22
27431a1b-d052-857e-8f8b-55d15d60be10,George,Anderson,george.anderson@outlook.com,+1-599-944-1412,1997-11-01,8416 Maple Dr,Columbus,OH,43085,US,Operations,active,2024-11-14
117cbbe9-ccc7-82fe-c745-77f9b52178c0,Jessica,Campbell,jessica.campbell@hotmail.com,+1-344-618-9570,1971-11-11,6396 Park Blvd,Denver,CO,80201,US,Marketing,active,2024-03-22
52805fbc-2a98-9e21-a85d-6083a06a5d3a,William,Gonzalez,william.gonzalez@yahoo.com,+1-362-924-7186,1971-11-01,1354 Oak Ave,Chicago,IL,60601,US,Legal,suspended,2024-10-26
518775b3-c23f-58aa-c21a-eb93fa0c01ac,Barbara,Perez,barbara.perez@icloud.com,+1-662-370-5470,1977-09-08,6186 Elm St,San Jose,CA,95101,US,Finance,active,2024-06-22
c5c04ac0-cc1b-5e2e-18f9-69a785514ed6,Christopher,Moore,christopher.moore@outlook.com,+1-904-645-6613,1964-11-27,1399 Cedar Ln,Chicago,IL,60601,US,Product,inactive,2024-04-17
a5e7c785-d355-e653-8d78-4cb234c17f45,Mary,Baker,mary.baker@outlook.com,+1-858-652-2642,1962-08-07,9718 Cedar Ln,Phoenix,AZ,85001,US,Legal,inactive,2024-09-10
429a8d6f-148c-a70b-f068-d5547f24c98e,Deborah,Miller,deborah.miller@icloud.com,+1-591-786-3204,1998-08-31,2717 Main St,Dallas,TX,75201,US,Marketing,active,2024-11-17
18f23779-e63f-174d-0f46-34eff98b05df,Jessica,Gonzalez,jessica.gonzalez@yahoo.com,+1-313-289-8256,1971-12-22,2769 Cedar Ln,Austin,TX,73301,US,Product,active,2024-04-01
bb78f7a7-0bd4-6916-7b9f-a2dbe86e99ec,Steven,Walker,steven.walker@hotmail.com,+1-786-110-7910,1981-01-09,7917 Park Blvd,San Jose,CA,95101,US,Marketing,suspended,2024-04-25
a77a0637-6bcb-1839-7bb1-df1000a95273,Sandra,Harris,sandra.harris@yahoo.com,+1-694-805-2076,1976-09-27,6817 Maple Dr,Nashville,TN,37201,US,Marketing,inactive,2024-03-02
4cbffa9d-a822-1fae-0ca0-9c818f981207,Charles,Wright,charles.wright@icloud.com,+1-305-613-7388,1977-09-15,9410 Cedar Ln,San Francisco,CA,94102,US,Engineering,active,2024-11-06
6ded23f8-9d60-cc73-41b7-4316668e180e,Matthew,Martin,matthew.martin@example.com,+1-678-405-2788,1995-09-13,9648 Oak Ave,Austin,TX,73301,US,Product,active,2024-06-23
e966a932-c8dd-57fd-630c-1e84053b1b94,Carol,Carter,carol.carter@yahoo.com,+1-456-915-1543,1990-07-31,9250 Lake Dr,Nashville,TN,37201,US,Engineering,active,2024-05-05
8d644744-1f96-0458-0d96-abacaec3ec41,Lisa,Nelson,lisa.nelson@gmail.com,+1-270-855-7123,1980-03-19,9153 Oak Ave,Nashville,TN,37201,US,Finance,inactive,2024-09-05
f5f21b99-1e2c-723c-2cd6-bb1d46fb4c7e,Emily,Sanchez,emily.sanchez2@hotmail.com,+1-540-352-2097,1980-09-27,9804 Cedar Ln,New York,NY,10001,US,Product,active,2024-06-06
ede18254-bc27-0701-9246-67536c66ccf5,Betty,Smith,betty.smith@yahoo.com,+1-974-125-9356,1965-01-26,7463 Elm St,Philadelphia,PA,19101,US,HR,suspended,2024-01-05
d3dab73b-80e4-6e2b-c189-90d53b151490,Joshua,Anderson,joshua.anderson@yahoo.com,+1-505-296-2354,1984-06-16,70 Park Blvd,Jacksonville,FL,32099,US,Operations,inactive,2024-04-26
92ebc686-609c-17ac-40f3-de91eb142767,Christopher,Garcia,christopher.garcia@hotmail.com,+1-422-890-6655,1975-03-01,2001 Main St,San Jose,CA,95101,US,Sales,active,2024-05-02
549657d6-9244-704e-1637-401e307c68e0,Timothy,Garcia,timothy.garcia@yahoo.com,+1-576-625-8900,1970-12-20,9278 Main St,Seattle,WA,98101,US,Finance,active,2024-10-15
313701b4-06de-0c92-b302-a11e7c661196,Michael,Young,michael.young@hotmail.com,+1-233-453-7730,1998-06-11,8198 Lake Dr,Chicago,IL,60601,US,Engineering,suspended,2024-05-03
64649fe2-f692-b9be-17dd-70d054783b99,William,Taylor,william.taylor@example.com,+1-459-653-4798,1960-03-19,9098 Elm St,Fort Worth,TX,76101,US,Finance,active,2024-08-13
751f0dda-6759-a88b-d52d-af3fc393256a,Kimberly,Taylor,kimberly.taylor@gmail.com,+1-675-986-8136,1980-05-05,994 Main St,Seattle,WA,98101,US,Product,active,2024-04-10
a290d3ac-ad23-75a1-747d-edafb74a4d14,Christopher,Adams,christopher.adams@example.com,+1-884-962-4820,1995-11-04,1312 Lake Dr,Denver,CO,80201,US,Finance,active,2024-04-08
73811b54-b9ac-e500-b8f9-d852d426cf91,Elizabeth,Taylor,elizabeth.taylor@icloud.com,+1-541-873-9189,1993-07-28,4326 Elm St,Columbus,OH,43085,US,Marketing,active,2024-05-18
70547be4-fbb4-3d04-df8d-0ac1b36ece45,Sarah,Wright,sarah.wright@gmail.com,+1-942-921-4558,1973-08-12,1919 Oak Ave,Denver,CO,80201,US,Operations,inactive,2024-01-28
d9450f4a-c78a-1125-9827-6b5e747bcec8,Lisa,Jackson,lisa.jackson@yahoo.com,+1-797-468-5897,1962-04-23,7821 Park Blvd,Indianapolis,IN,46201,US,Marketing,active,2024-02-02
4a38da42-5caf-ca04-7317-58c7e1909c43,Donald,Torres,donald.torres@hotmail.com,+1-889-861-6752,1973-10-03,6854 Elm St,Fort Worth,TX,76101,US,Legal,active,2024-09-19
81c4d943-4bc9-7e36-35c8-5907939d0deb,Sandra,Martinez,sandra.martinez2@yahoo.com,+1-545-374-1405,1990-08-23,3330 Main St,Fort Worth,TX,76101,US,HR,inactive,2024-09-28
9712f0a3-b93b-8ca7-6103-44466f125159,Daniel,Mitchell,daniel.mitchell@hotmail.com,+1-946-711-3981,1997-10-22,6681 Oak Ave,New York,NY,10001,US,Finance,suspended,2024-03-14
70d230e3-e216-3ec3-715f-3a2edcbfd53e,Kimberly,Walker,kimberly.walker@gmail.com,+1-667-549-7137,1994-06-06,7675 Main St,Nashville,TN,37201,US,Finance,suspended,2024-10-27
e11c8a45-2f09-6dc7-96d9-b70b77eb6995,Anthony,Martinez,anthony.martinez@hotmail.com,+1-963-927-8275,1982-04-17,1143 Oak Ave,San Diego,CA,92101,US,Engineering,inactive,2024-04-12
cb005473-a922-e7e9-2ffb-80322c21d58c,Linda,Rodriguez,linda.rodriguez@icloud.com,+1-233-516-9841,1978-10-25,2752 Pine Rd,Nashville,TN,37201,US,Finance,active,2024-04-07
96e20abf-9de5-76ca-3736-7c3724a20a3a,Carol,Roberts,carol.roberts@yahoo.com,+1-435-358-5586,1995-05-04,6211 Main St,Los Angeles,CA,90001,US,Product,active,2024-07-19
21696a07-a784-84a2-5802-9c5e9caa3398,Thomas,Rivera,thomas.rivera@yahoo.com,+1-395-449-8170,1977-11-21,8810 Park Blvd,New York,NY,10001,US,Operations,active,2024-10-10
0c6e703f-d5ab-3fd6-b724-9d797b7e2f8d,Jennifer,Rodriguez,jennifer.rodriguez@icloud.com,+1-233-904-7267,1970-11-16,4341 Pine Rd,Austin,TX,73301,US,Operations,active,2024-09-16
c0e1ab61-a1ba-71ed-9422-e251f63b93bf,Deborah,Perez,deborah.perez2@yahoo.com,+1-983-918-9524,1965-03-22,161 Pine Rd,Houston,TX,77001,US,Sales,active,2024-06-10
c2980d47-6902-ad05-71ae-55b1f974046a,Barbara,King,barbara.king@gmail.com,+1-509-235-6982,1971-02-08,5457 Main St,Austin,TX,73301,US,Legal,suspended,2024-07-18
0ac35863-2e30-6a4a-adc1-9d0707048a39,Dorothy,Green,dorothy.green@hotmail.com,+1-434-839-3130,1977-10-20,2766 Oak Ave,Seattle,WA,98101,US,Finance,active,2024-08-02
ec2932eb-6a2a-26fa-f6e6-b94966ba881e,Jennifer,Flores,jennifer.flores2@example.com,+1-413-706-3158,1985-02-16,8847 Lake Dr,Austin,TX,73301,US,Legal,active,2024-09-16
9140130f-4f49-7e7e-ce39-8ee9285246aa,Richard,Hall,richard.hall@gmail.com,+1-570-916-7696,1995-12-13,2846 Oak Ave,Dallas,TX,75201,US,Legal,suspended,2024-07-10
8aba1684-2ec8-c9fa-c29f-336931d7bc49,Karen,Davis,karen.davis@hotmail.com,+1-770-618-1108,1970-07-08,7717 Main St,New York,NY,10001,US,Engineering,active,2024-02-23
266a8733-144c-3815-af4d-65d456a6526c,John,Lopez,john.lopez@icloud.com,+1-221-250-3608,1974-01-02,60 Oak Ave,Indianapolis,IN,46201,US,Legal,active,2024-05-12
a896a2c1-2332-7bfd-9e98-77f77f8fe1c6,Sarah,Jones,sarah.jones2@hotmail.com,+1-912-169-1910,1983-10-07,4409 Park Blvd,Dallas,TX,75201,US,Product,active,2024-08-11
ae384228-ae52-7935-67df-7ad32bce57b3,Michelle,Mitchell,michelle.mitchell@gmail.com,+1-784-558-5142,1975-12-12,4519 Maple Dr,Houston,TX,77001,US,Engineering,active,2024-12-13
f0588da7-ee97-d725-8af8-689bbc2552e8,Patricia,Walker,patricia.walker@icloud.com,+1-393-306-1219,1973-02-10,9386 Elm St,Austin,TX,73301,US,Legal,active,2024-04-23
0c89956d-6d1e-5ed7-02ad-e14aa4ee7e8f,Kimberly,Wilson,kimberly.wilson@hotmail.com,+1-290-985-5253,1991-09-22,5499 Lake Dr,Seattle,WA,98101,US,Sales,active,2024-03-13
9ef7497f-1987-7296-b425-57ec800afc1e,Ashley,Jones,ashley.jones@outlook.com,+1-849-571-1114,1975-05-09,1568 Elm St,Seattle,WA,98101,US,Engineering,active,2024-10-14
12d85d3c-59b3-a79c-210e-70759e0f9375,Ashley,Hill,ashley.hill2@hotmail.com,+1-785-233-1757,1961-03-29,1953 Maple Dr,Phoenix,AZ,85001,US,Operations,active,2024-04-08
934a145f-44c6-690c-d4d2-beb800f5d0cc,Amanda,Martinez,amanda.martinez@icloud.com,+1-862-971-4239,1997-10-04,7809 Elm St,Charlotte,NC,28201,US,Sales,suspended,2024-02-11
d7a22491-6dea-4b87-13cb-97cc1ff8fc14,Paul,Green,paul.green@outlook.com,+1-416-921-8268,1996-05-11,1365 Pine Rd,Austin,TX,73301,US,Sales,active,2024-08-11
2efb118e-ea2c-6b95-4f4d-4844f6927421,Sandra,Martin,sandra.martin2@example.com,+1-506-674-8663,1995-07-07,3904 Park Blvd,Houston,TX,77001,US,Sales,inactive,2024-03-12
4ce5a613-2d85-6e37-11f1-68ffb16f0ae5,Joshua,Garcia,joshua.garcia@icloud.com,+1-868-688-8697,1970-08-31,7366 Cedar Ln,Seattle,WA,98101,US,Product,inactive,2024-08-06
e222af50-a131-b298-3292-d4d14e437186,Timothy,Taylor,timothy.taylor@outlook.com,+1-550-980-5985,1988-07-01,7577 Lake Dr,San Antonio,TX,78201,US,Sales,suspended,2024-07-12
39097369-4eb0-cbac-d9f5-fadeb6045b36,Donald,Davis,donald.davis@outlook.com,+1-730-987-1704,1993-10-05,2568 Main St,Fort Worth,TX,76101,US,Finance,active,2024-09-21
6b33f714-dd38-8a74-94c8-5e22788cec34,Mary,Adams,mary.adams2@outlook.com,+1-251-741-1500,1973-02-21,817 Pine Rd,Phoenix,AZ,85001,US,Engineering,suspended,2024-02-14
e104e84c-49b9-4f84-20a0-38fc6a4a8676,Brian,Thompson,brian.thompson@hotmail.com,+1-371-515-7257,1981-06-08,2268 Maple Dr,San Diego,CA,92101,US,Operations,active,2024-10-05
15a3aa38-c2ae-7799-986e-48270d94c5c9,John,Anderson,john.anderson@hotmail.com,+1-935-374-1960,1970-05-11,1643 Elm St,Nashville,TN,37201,US,Sales,inactive,2024-04-04
e9544e99-4f8c-9946-6560-624f2ea9d81a,Amanda,Davis,amanda.davis2@hotmail.com,+1-267-364-9050,1996-10-06,5379 Park Blvd,Philadelphia,PA,19101,US,Engineering,active,2024-11-03
547833ab-fa98-a0fe-37a9-56913907bb02,Dorothy,Moore,dorothy.moore@yahoo.com,+1-825-640-5471,1995-10-05,7347 Pine Rd,Nashville,TN,37201,US,Sales,active,2024-10-18
e95e35f5-6a5a-2d72-af34-4e9d6ad14f02,Kenneth,Thomas,kenneth.thomas2@example.com,+1-910-592-8809,1987-08-27,1351 Elm St,Austin,TX,73301,US,Finance,suspended,2024-01-26
c784f38b-ba85-241b-7708-7d964d1b1b51,David,Hernandez,david.hernandez@hotmail.com,+1-441-512-6315,1993-04-09,174 Main St,Philadelphia,PA,19101,US,Finance,active,2024-10-19
681593bd-740a-5464-d7a9-49924cf509eb,Mary,Torres,mary.torres@gmail.com,+1-269-985-6107,1979-05-24,4934 Maple Dr,Los Angeles,CA,90001,US,Legal,suspended,2024-08-08
b6e2d344-0d70-79bd-f037-13d6a89ddb8c,Melissa,Rivera,melissa.rivera@outlook.com,+1-490-280-5072,1971-08-27,2048 Park Blvd,Austin,TX,73301,US,Legal,suspended,2024-03-24
dcf2d920-cfb9-88f6-5d1a-71a6f34b1820,Amanda,Mitchell,amanda.mitchell@gmail.com,+1-474-684-4680,1979-11-13,3219 Pine Rd,Columbus,OH,43085,US,Finance,suspended,2024-07-19
dd78ecff-9707-e14c-abff-9892c722acc4,Mary,Moore,mary.moore@outlook.com,+1-387-910-6681,1993-03-01,2860 Lake Dr,San Antonio,TX,78201,US,Finance,active,2024-08-07
3b816a01-7b3d-2792-ef2b-4115050aa77b,Jessica,Allen,jessica.allen@gmail.com,+1-483-448-5072,1971-01-17,3412 Main St,San Diego,CA,92101,US,Sales,active,2024-07-10
058a1ecf-40e5-4037-eef3-9b6679c466f8,Michael,Lopez,michael.lopez3@yahoo.com,+1-848-683-9826,1994-01-03,6133 Cedar Ln,San Jose,CA,95101,US,Legal,active,2024-01-08
3fa03182-2021-a70d-0c56-b0286656bec2,Joseph,Thompson,joseph.thompson@gmail.com,+1-335-434-2570,1963-04-04,465 Lake Dr,Austin,TX,73301,US,Marketing,active,2024-06-11
0d65519e-b2c1-750d-ff67-195fa2511820,Paul,Young,paul.young@gmail.com,+1-479-255-3495,1971-12-19,4902 Elm St,Denver,CO,80201,US,Product,active,2024-02-03
21b044fc-166d-0b64-db19-0bf75f4c8833,Emily,Flores,emily.flores@yahoo.com,+1-528-338-9367,1996-06-20,584 Lake Dr,Jacksonville,FL,32099,US,Marketing,suspended,2024-02-28
baae8df2-3924-8a1a-be30-2bfeb72accc6,Jessica,Campbell,jessica.campbell@outlook.com,+1-905-417-5160,1975-09-01,1121 Lake Dr,New York,NY,10001,US,Marketing,active,2024-12-16
6ea7751c-646f-dc80-ee8b-c68be4e620b9,Timothy,Lee,timothy.lee@outlook.com,+1-436-277-9436,1965-06-09,2154 Pine Rd,Indianapolis,IN,46201,US,Product,active,2024-01-27
abdda8c5-130e-1283-da21-87c8d86a8dbf,Margaret,Davis,margaret.davis@example.com,+1-885-993-9789,1966-01-06,5975 Park Blvd,Columbus,OH,43085,US,Finance,active,2024-03-01
27623cda-4a06-819d-0aa2-12d9500a8aa0,Deborah,Smith,deborah.smith@hotmail.com,+1-256-421-7314,1963-04-13,8208 Elm St,Columbus,OH,43085,US,Product,suspended,2024-08-15
e9b411e4-0623-778d-6c26-38acf6dfca85,Robert,Martin,robert.martin@yahoo.com,+1-717-143-1621,1991-01-27,1791 Main St,San Antonio,TX,78201,US,Marketing,active,2024-07-24
8371151c-d4c0-37c4-7c4f-c4f32617b8ea,Michael,Brown,michael.brown@example.com,+1-737-612-2608,1986-11-28,8814 Cedar Ln,San Antonio,TX,78201,US,Engineering,active,2024-07-22
821d138f-f785-cd0d-685a-8e531d275978,Linda,Harris,linda.harris2@yahoo.com,+1-684-824-9776,1983-06-17,5773 Oak Ave,Seattle,WA,98101,US,Operations,inactive,2024-10-02
c23d2381-6677-6c0c-fe46-5a135585b3b3,Daniel,Green,daniel.green@gmail.com,+1-770-649-3626,1977-02-15,6230 Lake Dr,Denver,CO,80201,US,Sales,suspended,2024-01-01
a368d7fa-b958-3979-0074-7f3fd2f9a8de,Donald,Martinez,donald.martinez@example.com,+1-767-214-5757,1967-01-09,7331 Maple Dr,Indianapolis,IN,46201,US,Finance,inactive,2024-04-12
b640718e-b974-3fb4-ba26-9dde39289fd0,Anthony,Jackson,anthony.jackson@gmail.com,+1-999-129-9740,1983-02-19,3637 Main St,Charlotte,NC,28201,US,Product,suspended,2024-08-17
58bffbef-415b-8dad-a43c-2d7b1a6df344,Timothy,Hill,timothy.hill@icloud.com,+1-490-722-9988,1976-08-26,3350 Park Blvd,Denver,CO,80201,US,Legal,active,2024-05-13
b924cc7b-83dd-bc2c-86df-fb726100c7f1,Donald,Taylor,donald.taylor@icloud.com,+1-627-560-7104,1979-07-03,1121 Elm St,Los Angeles,CA,90001,US,Legal,active,2024-02-14
5d8dab6a-cbac-c8b6-9b8c-fe0eab38ca29,Karen,Thompson,karen.thompson@hotmail.com,+1-611-312-5975,1975-10-01,4079 Oak Ave,Los Angeles,CA,90001,US,Engineering,inactive,2024-04-19
f61962af-d5bb-a4bc-877d-51d259782ca7,Barbara,Johnson,barbara.johnson@example.com,+1-554-538-6427,1966-01-15,3505 Cedar Ln,Los Angeles,CA,90001,US,Legal,inactive,2024-08-26
8ea54843-b000-d73d-7ec0-c73160e73853,Jessica,Johnson,jessica.johnson@example.com,+1-692-210-3635,1964-06-16,6811 Oak Ave,San Antonio,TX,78201,US,Operations,active,2024-09-16
23747465-0ebd-5e22-aa2f-7040433b2440,Carol,Martinez,carol.martinez@gmail.com,+1-583-937-5752,1966-06-10,5522 Elm St,Houston,TX,77001,US,Engineering,active,2024-06-10
8cf198e3-eb1c-6feb-960d-df1d90471f74,Emily,Williams,emily.williams@icloud.com,+1-413-681-9126,1989-11-12,6578 Lake Dr,Los Angeles,CA,90001,US,Finance,suspended,2024-09-16
cc5f9dc1-33c3-3d8c-0360-64a336ed1588,William,Martin,william.martin@hotmail.com,+1-990-388-5075,1977-07-28,8621 Cedar Ln,Houston,TX,77001,US,Engineering,active,2024-01-19
efd4a45f-9e53-7b3b-4ea5-89999d766868,Jennifer,Jackson,jennifer.jackson@yahoo.com,+1-431-118-9056,1967-01-22,4555 Oak Ave,Austin,TX,73301,US,Legal,suspended,2024-10-21
9e83b5ce-8311-6d02-2711-0ce063324743,Anthony,Lee,anthony.lee@outlook.com,+1-708-809-4189,1993-11-06,5886 Oak Ave,Columbus,OH,43085,US,Product,active,2024-03-11
3ff3a8e4-209c-f140-2a7a-9fa20111c814,Barbara,Lewis,barbara.lewis@outlook.com,+1-238-232-4677,1962-07-01,4702 Main St,Fort Worth,TX,76101,US,Operations,inactive,2024-12-15
905942c5-84c6-b617-5e74-5453a8c7916a,Mark,Miller,mark.miller@yahoo.com,+1-954-144-5299,1963-07-15,1676 Maple Dr,Jacksonville,FL,32099,US,Engineering,active,2024-02-14
37aeba54-2e00-595a-d98c-8a461d60cfb3,Betty,Ramirez,betty.ramirez@gmail.com,+1-793-230-8992,1995-12-07,8638 Pine Rd,Seattle,WA,98101,US,HR,inactive,2024-11-20
538df826-1538-c711-6a91-99ed31966282,John,Nguyen,john.nguyen@icloud.com,+1-343-585-7404,1995-11-14,5292 Pine Rd,Fort Worth,TX,76101,US,HR,active,2024-03-01
d61dcbb1-8b51-fdb5-8964-96a940459b31,Barbara,Hernandez,barbara.hernandez@outlook.com,+1-602-295-2155,1966-09-10,4003 Lake Dr,Seattle,WA,98101,US,Finance,inactive,2024-02-10
e9d491ba-1c20-e230-df19-ceded5e82907,Nancy,Williams,nancy.williams@yahoo.com,+1-745-132-3498,1997-07-28,6231 Park Blvd,Chicago,IL,60601,US,Marketing,active,2024-02-20
06461bf3-15d4-3d73-621b-acb101a380e5,Timothy,Thomas,timothy.thomas2@example.com,+1-470-565-2515,1978-05-03,8215 Oak Ave,Denver,CO,80201,US,Marketing,suspended,2024-10-05
7c77bbed-b9ed-8eee-4dc4-1ea9e36d9559,George,Lee,george.lee@hotmail.com,+1-619-673-4463,1966-06-01,4743 Oak Ave,Nashville,TN,37201,US,Engineering,active,2024-05-03
db9d101b-f1a1-58d1-1c61-9ade1a8873ec,Sarah,Garcia,sarah.garcia@yahoo.com,+1-775-748-2696,1983-02-17,5113 Main St,Chicago,IL,60601,US,Operations,active,2024-12-23
0091e9b1-ab23-e531-9655-c748dfb63993,Joseph,Hernandez,joseph.hernandez@outlook.com,+1-517-419-8379,1979-12-16,632 Elm St,Houston,TX,77001,US,Product,active,2024-10-24
80da2406-d149-8761-a91b-e9454bc0e6a0,Sarah,Brown,sarah.brown@hotmail.com,+1-669-639-4484,1964-06-27,1134 Main St,Charlotte,NC,28201,US,Finance,active,2024-05-26
c3bae478-f245-09a5-2009-63b8794b0a09,Daniel,Carter,daniel.carter2@hotmail.com,+1-356-568-6375,1974-02-12,7740 Pine Rd,Dallas,TX,75201,US,Engineering,inactive,2024-12-09
94a3cdd2-a09c-7993-9e44-c5af421e1034,Mary,Anderson,mary.anderson@yahoo.com,+1-828-637-8369,1971-11-29,61 Cedar Ln,Charlotte,NC,28201,US,Finance,suspended,2024-02-23
a14c8086-d0d9-9a25-2f92-09fe16c62fb8,Joseph,Sanchez,joseph.sanchez@example.com,+1-614-407-2160,1972-12-16,71 Park Blvd,Nashville,TN,37201,US,Engineering,active,2024-03-14
0ba42309-8e78-2cb8-a559-f300b3ec3680,Timothy,Lewis,timothy.lewis@outlook.com,+1-556-600-7497,1962-12-06,3956 Oak Ave,San Diego,CA,92101,US,Engineering,active,2024-01-18
2a6e2c7c-1839-1686-c96c-14c6683164ff,Joshua,Sanchez,joshua.sanchez@example.com,+1-529-331-7490,1973-03-31,614 Park Blvd,Austin,TX,73301,US,HR,active,2024-01-09
8fb9eb30-e076-e169-4ce1-5a7c99755d8d,Mark,Jackson,mark.jackson@icloud.com,+1-587-893-9500,1980-10-22,9682 Pine Rd,Fort Worth,TX,76101,US,HR,suspended,2024-02-15
0db5ed45-fcfc-7f44-067d-8b791b4522cf,James,Adams,james.adams@yahoo.com,+1-666-917-8676,1996-04-01,65 Oak Ave,Fort Worth,TX,76101,US,Legal,inactive,2024-04-21
d0dd1259-33b5-8ba1-cf17-0059328054eb,Donald,Lee,donald.lee@icloud.com,+1-237-554-9647,1986-09-17,1692 Oak Ave,San Jose,CA,95101,US,Marketing,inactive,2024-02-19
2b939dd7-060c-5b62-9db7-e77f472d1ac2,Amanda,Carter,amanda.carter2@hotmail.com,+1-295-374-5695,1961-08-21,4813 Oak Ave,Los Angeles,CA,90001,US,Operations,active,2024-10-14
4d93e735-84dc-0f43-a977-7c3aaa63ab55,Mark,Moore,mark.moore@yahoo.com,+1-879-678-7670,1970-06-19,5611 Elm St,San Diego,CA,92101,US,Sales,active,2024-10-04
5c359d67-3bf0-7cc4-ba15-a44a360bb108,Donald,Roberts,donald.roberts@example.com,+1-449-101-1907,1996-09-19,5098 Maple Dr,New York,NY,10001,US,Product,inactive,2024-06-07
d4db54a3-a5c8-c072-7a45-78419d0953a0,George,Harris,george.harris@example.com,+1-667-341-2700,1993-03-07,7446 Cedar Ln,Houston,TX,77001,US,HR,inactive,2024-12-05
8f667b4d-cfd1-4bc6-bf0a-2066caf39eb8,Sarah,Allen,sarah.allen@hotmail.com,+1-557-966-9618,1968-10-17,6163 Elm St,Phoenix,AZ,85001,US,Finance,suspended,2024-03-28
b388181a-42c2-1e1f-17ad-582ea9ed947f,Donald,Nelson,donald.nelson@hotmail.com,+1-280-347-5480,1980-04-30,9446 Cedar Ln,Seattle,WA,98101,US,Marketing,inactive,2024-10-13
19ecb589-a41e-1320-8f28-b7a85d2474ab,Mark,Williams,mark.williams@hotmail.com,+1-689-993-4751,1976-05-20,5234 Lake Dr,New York,NY,10001,US,Sales,active,2024-12-04
8eaab416-9662-fce2-cfbc-4cd9b28e70a8,Matthew,Rodriguez,matthew.rodriguez@outlook.com,+1-827-292-7078,1977-08-21,4309 Park Blvd,New York,NY,10001,US,HR,inactive,2024-04-27
4bc4bb44-f04c-c6bb-1a04-0d3303fcc1fa,Emily,Wright,emily.wright3@example.com,+1-878-743-6368,1980-02-02,5909 Lake Dr,Nashville,TN,37201,US,Engineering,active,2024-10-23
195bc096-fb70-b956-d705-8502b21382b1,Jessica,Taylor,jessica.taylor3@example.com,+1-941-653-7473,1981-04-29,6514 Maple Dr,Phoenix,AZ,85001,US,Operations,active,2024-03-20
fc23322e-63b1-b181-2c73-50caec85cb81,Michelle,Brown,michelle.brown2@outlook.com,+1-254-107-1784,1987-11-11,1315 Oak Ave,New York,NY,10001,US,Engineering,active,2024-06-14
c9ac0911-4207-3e4f-8fd5-4714314969e5,Robert,Clark,robert.clark@gmail.com,+1-458-889-9425,1980-08-14,1342 Maple Dr,Denver,CO,80201,US,Marketing,active,2024-01-02
87e62a56-3176-b09e-c387-2f7da7b7d0fd,Carol,Mitchell,carol.mitchell@icloud.com,+1-510-781-7151,1966-04-11,9388 Main St,San Francisco,CA,94102,US,Product,inactive,2024-03-07
1ff76911-877b-4f5b-432c-9b31aa51ca71,Carol,Wilson,carol.wilson@gmail.com,+1-705-792-8638,1971-10-30,4015 Park Blvd,Los Angeles,CA,90001,US,Operations,active,2024-12-14
8c04f012-87c2-272f-fdc6-d159c5a859cf,Robert,Hill,robert.hill@yahoo.com,+1-339-999-3288,1963-03-22,344 Park Blvd,Phoenix,AZ,85001,US,Finance,active,2024-09-24
a09bdffa-a133-914f-a358-e20110295209,Betty,Jackson,betty.jackson@gmail.com,+1-935-328-1476,1977-03-30,2549 Cedar Ln,Indianapolis,IN,46201,US,Product,active,2024-02-23
e9be5b38-511e-0267-3074-45de81b9e7dd,Kenneth,Ramirez,kenneth.ramirez2@icloud.com,+1-840-724-2083,1978-12-31,6781 Lake Dr,San Diego,CA,92101,US,Product,active,2024-01-27
bbf2bd45-9252-1856-b688-48ea115615d0,Jessica,Martinez,jessica.martinez@yahoo.com,+1-433-774-3943,1989-11-22,5625 Maple Dr,Denver,CO,80201,US,Sales,inactive,2024-08-04
d880be2a-9ae2-2856-4291-c441954ad961,Elizabeth,Harris,elizabeth.harris@icloud.com,+1-839-681-6257,1980-09-06,2711 Maple Dr,San Diego,CA,92101,US,Operations,active,2024-10-14
f6208a2b-c297-43ab-4746-9b2f852e3249,Timothy,Taylor,timothy.taylor2@outlook.com,+1-454-920-8032,1990-09-03,8883 Park Blvd,San Jose,CA,95101,US,Marketing,active,2024-02-10
850d8003-b520-d86a-9ae1-445906390f91,Joseph,Anderson,joseph.anderson2@gmail.com,+1-225-428-9186,1971-07-20,7847 Oak Ave,Columbus,OH,43085,US,Operations,active,2024-12-12
b2d77a42-637e-fd17-e8eb-afa2a3eb3fb3,Joshua,Baker,joshua.baker@example.com,+1-370-898-8888,1994-07-31,8695 Lake Dr,Los Angeles,CA,90001,US,Engineering,active,2024-06-19
63e268e1-f45c-0ef6-4435-d8d0bacff210,Michael,Hall,michael.hall@yahoo.com,+1-441-579-3757,1991-12-29,1905 Park Blvd,New York,NY,10001,US,Sales,inactive,2024-07-24
89020a97-128c-c17a-4c05-5b0a823b7845,Mary,Wilson,mary.wilson2@yahoo.com,+1-206-279-6234,1974-07-14,5648 Lake Dr,San Antonio,TX,78201,US,Legal,active,2024-12-15
c37df7f9-50db-5bbb-9430-c2bbda4b866e,Andrew,Gonzalez,andrew.gonzalez@icloud.com,+1-554-169-3392,1981-12-05,4176 Lake Dr,Jacksonville,FL,32099,US,HR,active,2024-02-03
8717be6d-b5e2-4788-37ea-3dc9030890e2,Donald,Baker,donald.baker@yahoo.com,+1-635-251-6818,1980-06-15,6439 Lake Dr,Fort Worth,TX,76101,US,Product,active,2024-02-06
03b09dad-cbe6-4a16-07d7-50cb353f1d07,Nancy,Scott,nancy.scott@outlook.com,+1-756-143-6922,1969-03-17,6520 Cedar Ln,Philadelphia,PA,19101,US,Engineering,suspended,2024-12-05
7761e77a-82e3-01f0-23aa-2c568f01af8f,Andrew,Hernandez,andrew.hernandez@example.com,+1-428-958-3806,1988-08-05,1813 Main St,Dallas,TX,75201,US,Legal,suspended,2024-09-07
5a6781f9-fb49-795c-6d40-16c6b75d696d,Jennifer,Hernandez,jennifer.hernandez@example.com,+1-980-397-9925,1970-04-18,5717 Maple Dr,Charlotte,NC,28201,US,Sales,active,2024-08-05
23420f4b-4b80-507d-8ce7-e0f205c2f0ab,James,Jones,james.jones@icloud.com,+1-757-581-5151,1997-11-25,1137 Park Blvd,Charlotte,NC,28201,US,Sales,inactive,2024-10-23
bb3afe69-9fec-b523-2831-d15610f3f393,Margaret,Carter,margaret.carter@yahoo.com,+1-948-435-6791,1974-08-20,5440 Oak Ave,Fort Worth,TX,76101,US,Engineering,active,2024-06-03
4184d045-c4c1-e376-89ab-0b0eb04a6c09,John,Allen,john.allen@gmail.com,+1-927-231-3110,1973-08-13,7034 Maple Dr,Nashville,TN,37201,US,Finance,active,2024-01-07
274e7204-09cd-2208-527e-3dea3d99bd15,Anthony,Smith,anthony.smith@hotmail.com,+1-963-769-9666,1965-10-14,3784 Main St,Phoenix,AZ,85001,US,Finance,active,2024-11-05
1d5ed0df-9306-59ad-3467-f70cce8f984b,Kenneth,Moore,kenneth.moore@yahoo.com,+1-645-885-3319,1974-11-04,9180 Main St,Charlotte,NC,28201,US,Marketing,inactive,2024-12-13
78a38a81-8ee3-0925-d60d-d16b62b095a5,Joseph,Davis,joseph.davis@hotmail.com,+1-944-792-6006,1987-06-18,152 Cedar Ln,Columbus,OH,43085,US,Finance,active,2024-05-12
438f28fb-6416-32b9-6f96-c190197ebe4d,Sarah,Taylor,sarah.taylor@gmail.com,+1-794-575-1070,1977-06-22,502 Pine Rd,New York,NY,10001,US,HR,active,2024-09-01
9481e18a-2488-1228-4ca0-7a68683f5c0c,Michael,Perez,michael.perez2@example.com,+1-622-950-3784,1981-12-20,8450 Main St,Houston,TX,77001,US,Sales,active,2024-02-04
686f1c8e-ce59-8832-f6dd-eb399c1e7103,Daniel,Smith,daniel.smith@outlook.com,+1-830-686-7810,1989-05-06,1618 Cedar Ln,New York,NY,10001,US,Marketing,active,2024-03-23
cb0e0fe6-a920-f146-2216-b75929a31519,Lisa,White,lisa.white@yahoo.com,+1-765-149-6314,1991-03-27,8245 Cedar Ln,San Diego,CA,92101,US,Legal,inactive,2024-11-10
7f37b8df-4e5a-1cc7-b68e-494dd9d035e3,Jessica,Thompson,jessica.thompson@outlook.com,+1-614-278-6568,1991-05-17,3252 Elm St,Los Angeles,CA,90001,US,Engineering,active,2024-02-04
d5b70660-6f76-8057-af92-1b4981acc280,Lisa,Roberts,lisa.roberts@yahoo.com,+1-385-574-8296,1974-04-29,8902 Maple Dr,Austin,TX,73301,US,Product,active,2024-04-03
4135cb68-0516-55be-3cea-efbcf8289fda,Mark,Moore,mark.moore@icloud.com,+1-567-921-9743,1960-11-02,8315 Main St,Denver,CO,80201,US,Legal,active,2024-09-14
5e33afef-385e-1055-e493-5ca8fddd0dbc,Robert,Martin,robert.martin2@yahoo.com,+1-919-436-5833,1987-04-29,5972 Maple Dr,Philadelphia,PA,19101,US,Engineering,active,2024-12-26
9b75d7e3-997e-5c7b-7ef4-f75871e61a36,Daniel,Torres,daniel.torres@hotmail.com,+1-290-209-4086,1974-05-29,7360 Cedar Ln,Charlotte,NC,28201,US,Engineering,active,2024-06-15
1aa4fb78-aecd-dcff-de34-12aac45dab85,Anthony,Martinez,anthony.martinez2@hotmail.com,+1-289-498-1009,1974-08-02,9003 Elm St,Dallas,TX,75201,US,Legal,active,2024-02-12
b595fd4c-6100-9e1c-3390-19973481d400,Kevin,Hernandez,kevin.hernandez2@yahoo.com,+1-734-709-7159,1994-11-01,996 Main St,Houston,TX,77001,US,Finance,active,2024-08-14
e35bf96b-93e8-8b7f-a2b7-fb1681f13dd0,Carol,Mitchell,carol.mitchell@gmail.com,+1-728-700-4723,1990-02-15,116 Lake Dr,Phoenix,AZ,85001,US,HR,inactive,2024-02-24
93cafcc8-7aaa-842c-a398-db4cc14e528c,Linda,Mitchell,linda.mitchell@yahoo.com,+1-808-229-8643,1987-02-08,1723 Elm St,Denver,CO,80201,US,Product,active,2024-04-07
e1ec7d8b-5a4e-dcb7-ad37-5eb684e06472,Dorothy,Baker,dorothy.baker@hotmail.com,+1-349-625-6988,1999-07-24,9189 Park Blvd,Seattle,WA,98101,US,Marketing,suspended,2024-05-25
e8cc5248-b636-2ed3-0d18-231e3e226bfe,Jessica,Torres,jessica.torres@hotmail.com,+1-782-108-1066,1991-04-02,7705 Cedar Ln,Fort Worth,TX,76101,US,Legal,suspended,2024-05-20
af1a0959-7669-fdca-5008-b65146d55a99,Emily,Flores,emily.flores@example.com,+1-857-775-5139,1995-01-26,5075 Pine Rd,San Jose,CA,95101,US,Marketing,active,2024-08-13
ed1ed84b-c56c-610d-a3e7-646862b6c581,Emily,Hernandez,emily.hernandez@example.com,+1-551-391-4805,1966-01-28,4878 Lake Dr,Columbus,OH,43085,US,Operations,suspended,2024-02-23
eb6b1d5e-a6fa-7907-9469-c7b157441456,Betty,Johnson,betty.johnson@example.com,+1-727-314-9449,1971-03-11,5397 Main St,Dallas,TX,75201,US,Legal,suspended,2024-12-26
c19eb471-81e3-dc99-7350-003550711923,Andrew,Ramirez,andrew.ramirez@outlook.com,+1-428-788-9140,1998-05-10,5405 Park Blvd,San Francisco,CA,94102,US,Marketing,inactive,2024-08-17
35e45ef6-b184-368c-f48a-f1d5d74c519d,Karen,Wilson,karen.wilson@outlook.com,+1-258-553-2603,1981-12-04,7635 Lake Dr,Los Angeles,CA,90001,US,Product,active,2024-11-21
82032ecd-7def-1818-00ab-5064a05cefa3,Richard,Lee,richard.lee@example.com,+1-747-323-7355,1988-10-17,9567 Maple Dr,New York,NY,10001,US,Sales,active,2024-04-23
68a721b5-3068-3a88-e778-feaf3c7dea5f,Amanda,Allen,amanda.allen@outlook.com,+1-795-701-6571,1960-08-11,2129 Elm St,San Jose,CA,95101,US,Engineering,active,2024-04-03
3ce68c4e-7566-dbfe-289b-73ce3210b523,Timothy,Rodriguez,timothy.rodriguez@example.com,+1-521-811-6423,1974-02-17,1948 Pine Rd,Fort Worth,TX,76101,US,Legal,active,2024-05-20
7cbf9e44-7b69-082f-4491-0d463ee409a1,Brian,Brown,brian.brown@yahoo.com,+1-276-399-7944,1965-09-27,5403 Main St,Phoenix,AZ,85001,US,Finance,active,2024-06-12
0a7bfebf-0968-4ea3-2617-8762fb618e63,Daniel,Hall,daniel.hall@hotmail.com,+1-620-216-8704,2000-12-18,4121 Oak Ave,Los Angeles,CA,90001,US,Finance,inactive,2024-05-09
28fd74e1-c416-b278-1c74-ca366441babd,Nancy,Torres,nancy.torres@outlook.com,+1-310-664-5084,1995-11-07,9783 Oak Ave,Indianapolis,IN,46201,US,Sales,inactive,2024-11-24
1a765281-67bc-92d9-bc25-3805700684a7,Timothy,Smith,timothy.smith@hotmail.com,+1-357-272-3448,1961-05-01,8865 Cedar Ln,Austin,TX,73301,US,Engineering,active,2024-07-10
41b51e5b-efd2-c655-011e-747babd38b99,Charles,Clark,charles.clark@icloud.com,+1-579-478-6305,1971-02-20,5573 Elm St,Jacksonville,FL,32099,US,Engineering,active,2024-07-07
89f78cf7-c4a6-27f5-7cbe-f1967f98638d,Amanda,Perez,amanda.perez@hotmail.com,+1-820-921-6105,1982-06-01,3546 Cedar Ln,New York,NY,10001,US,Sales,inactive,2024-07-28
693b3938-d2cf-9f61-ada9-ee55434a54ac,Richard,Torres,richard.torres@example.com,+1-236-129-9512,1962-10-08,2916 Cedar Ln,Nashville,TN,37201,US,Product,suspended,2024-07-24
2f0aff9d-af86-e24e-f26b-0d7d2f09b22c,Kevin,Martinez,kevin.martinez@hotmail.com,+1-353-163-8276,1960-10-11,6137 Elm St,Denver,CO,80201,US,Engineering,inactive,2024-02-15
0614f005-7654-865e-ea7f-7f6bf044e1b6,Deborah,Hill,deborah.hill2@gmail.com,+1-938-168-6583,1988-11-09,1767 Maple Dr,Columbus,OH,43085,US,Engineering,active,2024-04-19
79c272d8-9960-c169-6fb9-75cd75043b12,Susan,Taylor,susan.taylor@outlook.com,+1-367-217-7265,1961-06-27,2988 Oak Ave,Nashville,TN,37201,US,Finance,active,2024-11-27
eb7c4262-93f7-3f1a-2855-482098a51177,Joseph,Nguyen,joseph.nguyen@example.com,+1-586-901-3403,1993-03-22,1843 Main St,Chicago,IL,60601,US,Operations,active,2024-01-16
8f2968d4-e5d0-af0f-0e3f-4b60ddab1a73,Jennifer,Hernandez,jennifer.hernandez@yahoo.com,+1-328-248-9370,1961-11-21,3821 Lake Dr,Columbus,OH,43085,US,Legal,active,2024-03-15
bc3f1ed3-7db1-e272-52fb-86828f45dd4c,Deborah,Brown,deborah.brown@outlook.com,+1-754-648-8289,1987-10-31,2729 Maple Dr,San Jose,CA,95101,US,Engineering,inactive,2024-04-05
069a4fb9-be14-a4b7-bf4e-70d9b1966dd3,David,Hall,david.hall@example.com,+1-281-271-7904,1997-04-04,9453 Main St,San Francisco,CA,94102,US,HR,active,2024-07-23
454ffc51-e18b-c945-bd9b-58992329a529,Anthony,White,anthony.white2@icloud.com,+1-702-518-1215,1974-07-15,9304 Park Blvd,Denver,CO,80201,US,Engineering,inactive,2024-05-15
5c9e1568-2d48-45bc-57b7-5676ffd3af32,Barbara,Hall,barbara.hall@example.com,+1-672-322-8422,1996-08-17,9014 Lake Dr,Dallas,TX,75201,US,HR,inactive,2024-08-18
9b228a51-b2f6-900c-b266-97ffcf7a895f,Paul,Taylor,paul.taylor@gmail.com,+1-479-526-6211,1960-02-29,7841 Lake Dr,Charlotte,NC,28201,US,Legal,active,2024-07-03
27350bfc-ebd8-fcfb-f418-4c807429a202,Barbara,Flores,barbara.flores@icloud.com,+1-758-413-3540,1987-03-19,6536 Main St,San Francisco,CA,94102,US,Sales,suspended,2024-03-13
0055d6e9-06df-5dba-7003-11ee1e994781,Carol,Campbell,carol.campbell@gmail.com,+1-549-300-9072,1971-07-15,1222 Park Blvd,Fort Worth,TX,76101,US,Engineering,active,2024-07-24
b0a21dd3-1303-67d1-3386-1699cb7e7784,Amanda,Sanchez,amanda.sanchez@icloud.com,+1-856-511-7193,1960-06-22,5008 Lake Dr,San Francisco,CA,94102,US,Operations,active,2024-03-15
ff284d23-c302-2e17-c2ce-e54c2c986218,Emily,King,emily.king@yahoo.com,+1-468-236-6914,1999-06-24,3904 Elm St,Houston,TX,77001,US,HR,active,2024-07-26
ae505915-8e6e-0f96-9de6-ec59fa237ec8,Mary,Garcia,mary.garcia@icloud.com,+1-467-669-1323,1963-11-03,8558 Lake Dr,Nashville,TN,37201,US,Engineering,active,2024-08-01
5df4f636-1a4f-3f75-e5fe-5596df49fae7,Brian,Allen,brian.allen@example.com,+1-374-140-8856,1981-10-17,7657 Oak Ave,Fort Worth,TX,76101,US,Engineering,inactive,2024-05-02
71507ff6-bb64-f988-5f7c-474c94381be5,Charles,Anderson,charles.anderson@yahoo.com,+1-811-488-8422,1984-07-30,2485 Pine Rd,Columbus,OH,43085,US,Product,active,2024-11-02
0d1e2c3f-0021-040c-ecd6-e2b092161cc5,Christopher,Jones,christopher.jones@gmail.com,+1-892-580-1835,1997-03-04,1739 Lake Dr,Los Angeles,CA,90001,US,Operations,active,2024-12-06
793aec89-90ba-84d5-49ff-d40baa458d31,James,White,james.white2@gmail.com,+1-367-802-4762,1975-08-11,2878 Main St,Phoenix,AZ,85001,US,Marketing,active,2024-11-06
a5feffcc-44df-2d21-792e-d7dc9a613a66,Donna,Walker,donna.walker@outlook.com,+1-671-790-6468,1995-06-18,3770 Park Blvd,Nashville,TN,37201,US,Operations,suspended,2024-12-15
ad9e9a10-a9c1-5adc-6232-287c26bebcd7,Melissa,Martin,melissa.martin@outlook.com,+1-896-730-5225,1975-07-18,2716 Main St,Philadelphia,PA,19101,US,HR,active,2024-07-10
cb18aba6-f0ef-b72c-0a12-cce64aae35bc,Linda,Thompson,linda.thompson@example.com,+1-896-971-7002,1979-10-10,1523 Cedar Ln,San Antonio,TX,78201,US,Finance,inactive,2024-10-25
afcd57d7-c88a-c8b7-c57d-828e92cc391d,Joseph,Lewis,joseph.lewis@hotmail.com,+1-822-558-7214,1993-04-06,8743 Oak Ave,Fort Worth,TX,76101,US,Product,active,2024-09-11
ccc8c5f7-0be2-9ae9-a844-c2c199452b3d,Lisa,Young,lisa.young@gmail.com,+1-571-633-5886,1973-07-05,6406 Oak Ave,Charlotte,NC,28201,US,HR,active,2024-10-20
6698b733-80d9-4d20-5660-72fecc05d17b,John,Allen,john.allen2@gmail.com,+1-375-390-1739,1996-10-04,5825 Lake Dr,San Antonio,TX,78201,US,HR,active,2024-06-01
5fb6f397-4228-ee4f-2ec2-a1de35878f40,Andrew,Flores,andrew.flores@icloud.com,+1-983-349-6199,1979-08-04,2382 Lake Dr,Seattle,WA,98101,US,Marketing,active,2024-02-03
122147ab-dc91-f73a-b167-3c86ccf96b5b,Brian,Brown,brian.brown@example.com,+1-747-356-7723,1976-09-06,6952 Elm St,San Francisco,CA,94102,US,Finance,active,2024-02-08
d1989172-0d64-8971-35ab-45efaa7f8799,Daniel,Torres,daniel.torres2@hotmail.com,+1-874-564-4253,1982-06-07,4506 Main St,Houston,TX,77001,US,Engineering,active,2024-03-22
a9a68fe6-7ece-9b94-f2c1-e33df7c21c20,Anthony,Taylor,anthony.taylor2@yahoo.com,+1-337-108-6487,1987-08-22,5438 Pine Rd,Jacksonville,FL,32099,US,Sales,suspended,2024-09-28
c239e970-da96-e847-1071-e211f7e81dd8,Donald,Scott,donald.scott2@gmail.com,+1-488-581-5184,1966-04-27,9976 Pine Rd,Nashville,TN,37201,US,Legal,active,2024-07-01
b8974502-7b55-ddcd-1a8b-aac1f55a67a2,Charles,Lopez,charles.lopez2@icloud.com,+1-760-358-8773,1980-06-09,2954 Oak Ave,San Diego,CA,92101,US,HR,inactive,2024-02-15
ccf4c23d-5819-5e87-457c-083fcf0523c5,Elizabeth,Young,elizabeth.young@outlook.com,+1-347-736-3964,1962-02-15,6944 Lake Dr,Seattle,WA,98101,US,Product,suspended,2024-09-17
787bacc1-f0d2-421a-7605-ae29865523f8,Michelle,Flores,michelle.flores@hotmail.com,+1-538-400-5567,1984-04-20,5397 Pine Rd,Denver,CO,80201,US,Legal,active,2024-02-08
fdba579c-94cc-72ee-ef84-cc0db8d7dad4,Sarah,Smith,sarah.smith@gmail.com,+1-908-318-7814,1966-02-09,54 Elm St,Nashville,TN,37201,US,Product,active,2024-12-15
3fcb4a89-e553-f9ef-607b-0110404c89c7,Lisa,Nelson,lisa.nelson2@gmail.com,+1-728-717-1445,1969-05-13,1817 Maple Dr,Denver,CO,80201,US,HR,suspended,2024-05-26
59770a37-ab48-cfb7-c9cf-9646b8011c29,Charles,Walker,charles.walker@icloud.com,+1-616-221-2145,1978-12-04,5901 Park Blvd,San Diego,CA,92101,US,Product,active,2024-12-05
9d00841e-55d5-6d09-6b3c-15d6a8404845,Brian,Thomas,brian.thomas@gmail.com,+1-458-630-1495,1961-04-07,5179 Cedar Ln,Charlotte,NC,28201,US,Marketing,inactive,2024-01-05
d6456a4b-3692-f3ff-0d88-12473f81e51c,Amanda,Rodriguez,amanda.rodriguez@hotmail.com,+1-650-791-3887,1970-10-28,8062 Oak Ave,San Jose,CA,95101,US,Product,active,2024-05-10
1aea71d2-ce75-bbc2-ccbf-bdc81008531e,Sandra,Thompson,sandra.thompson@hotmail.com,+1-333-740-2253,1998-08-25,3436 Main St,San Antonio,TX,78201,US,Legal,suspended,2024-03-18
e1cb0bae-b26b-9ba7-51a6-b43913dbe822,Ashley,Wright,ashley.wright@gmail.com,+1-505-455-9366,1978-09-01,5429 Park Blvd,Fort Worth,TX,76101,US,Product,active,2024-06-14
a0e3fbf5-2a4d-a662-075a-58b8ee1a878a,Christopher,Rivera,christopher.rivera2@outlook.com,+1-764-796-9556,1983-06-15,2884 Elm St,Chicago,IL,60601,US,Sales,active,2024-03-22
ece22b67-e94d-1133-0a9f-fb25958100fc,Dorothy,Rivera,dorothy.rivera@icloud.com,+1-523-954-5464,1979-05-31,6392 Pine Rd,Fort Worth,TX,76101,US,Sales,suspended,2024-09-06
0b61783d-2774-1bc2-540d-ff12093783f2,Brian,Wright,brian.wright@outlook.com,+1-448-181-4608,1999-08-18,2746 Lake Dr,Charlotte,NC,28201,US,Marketing,active,2024-04-24
4b00bb02-faeb-f24a-6fbd-12f985e05509,David,Johnson,david.johnson@yahoo.com,+1-329-906-8250,1977-02-12,7874 Park Blvd,Columbus,OH,43085,US,Sales,inactive,2024-09-23
bd20c06b-7677-fdd8-8778-9f1b24ded4ff,Kevin,Roberts,kevin.roberts@outlook.com,+1-587-129-4984,1981-02-19,2451 Main St,Philadelphia,PA,19101,US,Legal,inactive,2024-09-08
3a411bee-8975-290a-aa74-5d5d2e975604,Sarah,Lewis,sarah.lewis@gmail.com,+1-427-372-6684,1978-03-30,6034 Lake Dr,New York,NY,10001,US,Finance,active,2024-07-06
095b6295-c460-e457-b6be-0683a4f1efed,Richard,Adams,richard.adams@yahoo.com,+1-257-360-6416,1982-06-01,3490 Elm St,Charlotte,NC,28201,US,Operations,suspended,2024-08-07
20667c02-d32d-9358-ab50-4c94a2d2c137,Patricia,Rodriguez,patricia.rodriguez@hotmail.com,+1-374-663-6642,1993-06-09,7343 Main St,San Diego,CA,92101,US,HR,active,2024-05-02
6919732f-e882-88ee-4a54-9fd05676dc02,Timothy,Campbell,timothy.campbell2@yahoo.com,+1-733-718-4652,1975-05-08,9484 Lake Dr,Austin,TX,73301,US,Legal,active,2024-05-04
5c1452ca-11b3-d913-f44f-a63bda9338f6,Michael,Clark,michael.clark3@hotmail.com,+1-797-531-5677,1984-02-09,6550 Lake Dr,Seattle,WA,98101,US,Finance,suspended,2024-07-27
83d0703a-474e-3b69-f721-0f63f6c2c7be,Lisa,Harris,lisa.harris@icloud.com,+1-887-370-8065,1973-04-28,8184 Cedar Ln,New York,NY,10001,US,Finance,active,2024-12-06
5a2d022f-548e-2df4-9a2f-86238b5b600a,Donna,Jones,donna.jones@example.com,+1-747-576-8171,1972-09-17,476 Main St,Philadelphia,PA,19101,US,Product,active,2024-04-22
476fa6d5-d784-a939-ad6f-ee1b97c35afe,Donna,Taylor,donna.taylor@outlook.com,+1-363-531-5498,1997-09-10,521 Lake Dr,Denver,CO,80201,US,Product,active,2024-11-18
0c153304-b7e9-c54f-f1ad-912420f74d29,Joshua,Lee,joshua.lee@yahoo.com,+1-430-980-5013,1963-10-26,9436 Main St,Los Angeles,CA,90001,US,Marketing,active,2024-12-17
6c9ed150-5b19-3a9b-3f6c-9df5394df2c9,Ashley,Garcia,ashley.garcia@hotmail.com,+1-762-739-1873,1984-05-31,5251 Oak Ave,Phoenix,AZ,85001,US,Engineering,suspended,2024-11-01
329e3f4d-cee0-b7f5-d673-d8e947bb6aec,Linda,White,linda.white@yahoo.com,+1-533-513-8510,1980-07-02,347 Maple Dr,San Antonio,TX,78201,US,Legal,inactive,2024-03-17
a8f90d8e-6e76-59e3-9baf-e9245da601ea,Deborah,Robinson,deborah.robinson2@gmail.com,+1-835-476-8580,1977-02-01,9526 Pine Rd,Austin,TX,73301,US,Operations,inactive,2024-06-19
52ff6f83-57b4-d9ae-e41a-b1610681cc00,Lisa,Flores,lisa.flores@icloud.com,+1-864-345-7336,1976-07-01,2196 Oak Ave,Jacksonville,FL,32099,US,Legal,active,2024-05-17
29137df6-f12a-d3f3-5850-38099fcfdf54,Nancy,Jackson,nancy.jackson@gmail.com,+1-906-420-3146,1970-01-22,6013 Maple Dr,Seattle,WA,98101,US,Engineering,inactive,2024-11-25
a66db249-64f4-9e7a-1305-b643c261f93f,Dorothy,Adams,dorothy.adams@icloud.com,+1-520-198-2099,1994-10-04,9999 Maple Dr,Philadelphia,PA,19101,US,Marketing,active,2024-06-16
0a550b84-345a-bbc9-cdc7-dea30f5eed86,Charles,Rivera,charles.rivera@outlook.com,+1-880-238-8759,1966-09-06,6320 Pine Rd,Austin,TX,73301,US,Legal,active,2024-01-17
d2919b85-3044-ffc4-0e82-cf50f3796ab2,George,Roberts,george.roberts@icloud.com,+1-946-471-4964,1973-06-19,2824 Oak Ave,Phoenix,AZ,85001,US,Sales,active,2024-05-01
3bca0969-6fbe-fd0d-c5dd-049dffa8ba5e,Melissa,Hall,melissa.hall@yahoo.com,+1-496-759-1361,1968-12-25,9436 Pine Rd,Denver,CO,80201,US,Marketing,active,2024-12-03
953f2211-5125-e54e-9259-3c477a6b003f,Kimberly,Williams,kimberly.williams@outlook.com,+1-781-162-1440,1975-11-11,4626 Lake Dr,Philadelphia,PA,19101,US,HR,active,2024-03-26
8dbe81e1-161a-a203-0216-d82068195119,Michelle,Thomas,michelle.thomas@yahoo.com,+1-808-189-2865,1973-07-26,3342 Pine Rd,Austin,TX,73301,US,Finance,active,2024-09-23
9f97fa5b-af84-add6-c463-190a99cfc5aa,Nancy,Walker,nancy.walker@gmail.com,+1-642-808-3881,1969-08-12,7565 Park Blvd,San Antonio,TX,78201,US,Product,active,2024-03-16
c5f52912-06a2-afeb-2696-b86d1dd2c38a,Jessica,Jackson,jessica.jackson2@yahoo.com,+1-369-734-2414,1994-06-13,3340 Oak Ave,Houston,TX,77001,US,Finance,active,2024-02-10
9a331379-f366-d756-8690-81e59e39c62f,Emily,Martin,emily.martin@icloud.com,+1-251-669-9929,1967-04-20,8656 Oak Ave,Los Angeles,CA,90001,US,Product,inactive,2024-05-26
93620975-ad14-ea20-1b91-ba8a9280e2aa,Nancy,Hernandez,nancy.hernandez@yahoo.com,+1-804-136-9407,1996-12-25,2525 Oak Ave,Houston,TX,77001,US,Finance,active,2024-06-13
3bc6f4ba-26cf-8ce8-f587-a482713884dc,Kimberly,Campbell,kimberly.campbell@example.com,+1-978-541-7532,1964-03-21,8013 Main St,San Antonio,TX,78201,US,HR,active,2024-08-03
1d7a9181-9e4e-31cf-179d-2728902ce1fc,James,Adams,james.adams2@yahoo.com,+1-718-912-8850,2000-06-15,4761 Main St,Seattle,WA,98101,US,Operations,active,2024-02-08
45be06f8-3fbf-7901-fc71-3b1be329a51f,George,Wilson,george.wilson@yahoo.com,+1-469-706-7027,1994-03-31,7043 Main St,New York,NY,10001,US,Legal,active,2024-05-17
742b0da8-7ef5-5da4-b72e-d2c7d38d665e,Donald,Roberts,donald.roberts@hotmail.com,+1-555-869-3514,1962-08-08,5868 Lake Dr,Jacksonville,FL,32099,US,Sales,active,2024-02-27
3222fab3-d5d2-d13b-06ae-531464f5b0c5,Matthew,Carter,matthew.carter2@example.com,+1-878-609-9254,1965-04-11,1259 Oak Ave,San Antonio,TX,78201,US,Engineering,active,2024-12-25
34ad9f5d-c580-1d91-dc16-31bb610db9e1,Mark,Johnson,mark.johnson@yahoo.com,+1-261-534-7536,1987-06-15,7564 Main St,Denver,CO,80201,US,Engineering,active,2024-10-20
dc7df2cf-3edd-4f0e-9ac6-ce9fafb92571,Sarah,Sanchez,sarah.sanchez@icloud.com,+1-932-240-5060,1977-10-25,3575 Lake Dr,Fort Worth,TX,76101,US,Engineering,active,2024-08-04
947abbe8-06c3-fc60-c806-9cd002476f89,Melissa,Baker,melissa.baker@outlook.com,+1-707-987-2076,1996-09-23,4495 Main St,San Francisco,CA,94102,US,Product,active,2024-04-06
e3b9b408-566f-eb17-67fe-1658c0acc371,Susan,Martin,susan.martin@yahoo.com,+1-747-896-9043,1995-11-05,4804 Pine Rd,New York,NY,10001,US,Finance,suspended,2024-11-06
7e2de034-93e8-b90d-d73a-0e2d01550f52,Jessica,Robinson,jessica.robinson@outlook.com,+1-390-245-9595,1992-11-04,5326 Maple Dr,Nashville,TN,37201,US,Operations,suspended,2024-06-24
e4e805bd-1d44-999b-c4f0-94b29ec5d42a,Sarah,Thompson,sarah.thompson@outlook.com,+1-789-530-1392,1969-06-28,3519 Pine Rd,Houston,TX,77001,US,Sales,active,2024-07-16
e0c6dd63-6579-1c66-3209-256b7d31aa11,Paul,Scott,paul.scott@yahoo.com,+1-776-961-4154,1991-11-13,2382 Cedar Ln,Seattle,WA,98101,US,Engineering,active,2024-05-23
6bcca920-69cd-b716-4faa-dd5b84d5708b,Jessica,Clark,jessica.clark@outlook.com,+1-480-629-8057,1976-05-01,7858 Pine Rd,Charlotte,NC,28201,US,Marketing,inactive,2024-04-16
553a019f-7516-191b-1b0b-d2c93a5d38cc,Deborah,Garcia,deborah.garcia@yahoo.com,+1-553-272-8246,1977-12-15,7878 Park Blvd,Los Angeles,CA,90001,US,Engineering,active,2024-05-12
44f46ef3-c6b8-8191-bfd1-e8f21c6479c6,Steven,Martin,steven.martin@gmail.com,+1-459-918-2302,1964-08-21,6060 Lake Dr,San Francisco,CA,94102,US,Sales,suspended,2024-02-23
89fce20c-6a00-944f-129b-ebaa11856991,Karen,Rivera,karen.rivera@yahoo.com,+1-590-221-2670,1999-12-30,5029 Park Blvd,Fort Worth,TX,76101,US,Engineering,active,2024-07-03
c85ea40e-05aa-a842-bf93-5d24bf9eba03,Jennifer,King,jennifer.king@icloud.com,+1-540-449-6567,1977-12-05,4418 Park Blvd,Philadelphia,PA,19101,US,Operations,active,2024-03-24
d96b4d4e-ecc6-3423-4167-a8ccc0c88368,Betty,Allen,betty.allen@yahoo.com,+1-997-965-4792,1982-09-21,8190 Lake Dr,Fort Worth,TX,76101,US,Marketing,active,2024-01-07
910cdc31-d8fc-4966-5684-b61efdebd7e0,Charles,Baker,charles.baker@outlook.com,+1-562-790-7721,1972-08-05,6947 Main St,Austin,TX,73301,US,Engineering,active,2024-01-28
7f1d71b0-26f5-c6d5-233e-21effabb2364,Jennifer,Garcia,jennifer.garcia@icloud.com,+1-994-253-4613,1988-11-12,8564 Park Blvd,Columbus,OH,43085,US,Legal,active,2024-11-05
63fcf9fa-3529-2a32-cd8c-43eedf4e3131,Brian,Miller,brian.miller@example.com,+1-743-337-9766,1993-05-12,6024 Main St,Charlotte,NC,28201,US,Operations,inactive,2024-01-26
15c4c4cb-92d6-948b-9ac4-667db754afdc,Emily,Gonzalez,emily.gonzalez@outlook.com,+1-616-799-6909,1995-01-11,544 Oak Ave,New York,NY,10001,US,Marketing,active,2024-07-26
407b0c89-a0dc-819e-8716-b3ded0f587a8,Brian,Taylor,brian.taylor2@gmail.com,+1-775-378-4093,1972-05-04,7764 Lake Dr,San Diego,CA,92101,US,Engineering,active,2024-12-14
e0536baa-55db-b9e7-938f-0e9ca927fd46,Elizabeth,Young,elizabeth.young@icloud.com,+1-926-227-5995,1991-12-18,2970 Elm St,Austin,TX,73301,US,HR,active,2024-10-24
fb20f45e-15a4-a4cc-d5d6-ab9923604ccf,Matthew,Ramirez,matthew.ramirez@icloud.com,+1-959-869-8798,1973-03-04,5796 Park Blvd,Austin,TX,73301,US,Sales,inactive,2024-06-06
e3951602-be13-8ea5-ee22-cb37f7830f48,Steven,Smith,steven.smith@gmail.com,+1-935-985-2095,1978-08-11,7321 Cedar Ln,Houston,TX,77001,US,HR,active,2024-08-19
ac959cb0-5023-af5c-3bf6-d1782f22c9f6,Kevin,Jackson,kevin.jackson@example.com,+1-320-935-7705,1986-03-30,3488 Cedar Ln,Austin,TX,73301,US,Sales,inactive,2024-05-24
0bd2a470-da2c-8e5b-aefa-e7b6f49ee85f,Steven,Hill,steven.hill@hotmail.com,+1-254-192-8290,1990-10-23,210 Lake Dr,Chicago,IL,60601,US,Marketing,active,2024-11-23
bcd7bda6-132c-22da-f3b8-d05d67b06b7c,Donna,Jackson,donna.jackson@example.com,+1-956-345-1670,1980-02-12,4434 Pine Rd,Austin,TX,73301,US,HR,active,2024-12-28
26561ffc-c61c-3d58-59c1-3918b6b0a726,Charles,Lopez,charles.lopez@example.com,+1-754-306-4494,1974-01-21,7920 Maple Dr,San Diego,CA,92101,US,Legal,active,2024-07-22
23761e87-eb15-f832-0c5b-ef4435474403,Ashley,Torres,ashley.torres@icloud.com,+1-624-433-7199,1989-08-01,4488 Lake Dr,Houston,TX,77001,US,Legal,active,2024-02-11
f5cb5605-fce7-7237-dd84-9b2c8651d059,Dorothy,Scott,dorothy.scott@yahoo.com,+1-679-138-9548,1997-06-28,9741 Pine Rd,Chicago,IL,60601,US,Marketing,active,2024-08-24
66bd7b2f-eeda-b4fe-4cfa-768713791994,Andrew,Davis,andrew.davis@gmail.com,+1-463-360-7255,1965-05-07,1339 Oak Ave,Columbus,OH,43085,US,Finance,active,2024-10-15
f5a99ca1-367f-ad43-7d4e-15deeb168a10,Nancy,Martin,nancy.martin2@yahoo.com,+1-949-932-9457,1999-03-02,8956 Elm St,San Jose,CA,95101,US,Sales,active,2024-08-24
7ede2223-ba5e-cc6b-f8a6-59fed6ba70d7,Kevin,Walker,kevin.walker@outlook.com,+1-669-104-1925,1990-04-07,7681 Oak Ave,Seattle,WA,98101,US,Sales,active,2024-04-06
8e0fb501-c559-56f6-ba21-81f7a6596289,Lisa,Miller,lisa.miller@yahoo.com,+1-231-663-3677,1993-09-07,2720 Park Blvd,Chicago,IL,60601,US,Legal,suspended,2024-10-02
8a88527a-25fd-b592-04ff-d53eba5f0d52,Donna,Clark,donna.clark@example.com,+1-640-469-4330,1978-06-24,9000 Cedar Ln,Fort Worth,TX,76101,US,Operations,inactive,2024-02-14
b79f9bc5-c4be-c5ca-1bc1-3d5ef99f975f,Karen,Sanchez,karen.sanchez@example.com,+1-201-949-1227,1965-12-28,3096 Lake Dr,San Francisco,CA,94102,US,Engineering,suspended,2024-01-15
831a0705-a1aa-e0f9-8719-4c220f8eabce,John,Thomas,john.thomas@hotmail.com,+1-969-850-7830,1994-11-03,7122 Cedar Ln,San Francisco,CA,94102,US,Sales,active,2024-08-26
45e0dd8e-3c0d-541a-83cd-2fa7e3dede31,Timothy,Rivera,timothy.rivera@gmail.com,+1-716-377-3532,1999-11-22,7131 Lake Dr,Denver,CO,80201,US,HR,suspended,2024-08-28
798aa772-da38-562b-0f2c-00b258fd2d54,Anthony,Baker,anthony.baker@yahoo.com,+1-493-789-5407,1978-05-20,5576 Park Blvd,Nashville,TN,37201,US,Operations,inactive,2024-03-14
290039b5-8284-4c24-991b-f365c5fe77f7,Donald,Sanchez,donald.sanchez@outlook.com,+1-714-205-8319,1964-01-11,9601 Pine Rd,Dallas,TX,75201,US,Legal,inactive,2024-10-12
262fb51d-c13a-5042-21e3-73b6c3c44f31,James,Williams,james.williams@yahoo.com,+1-262-290-8167,1974-12-22,2942 Park Blvd,San Jose,CA,95101,US,Finance,active,2024-04-05
5f0813df-ed28-e30d-f3f9-cbf62bfd154f,Melissa,Harris,melissa.harris@example.com,+1-653-328-4957,1975-06-28,166 Main St,Dallas,TX,75201,US,Legal,active,2024-01-24
a5b532dd-258a-0e74-57c3-add683d32337,Matthew,Anderson,matthew.anderson@outlook.com,+1-352-378-8618,1979-05-30,6549 Lake Dr,Chicago,IL,60601,US,Operations,active,2024-03-11
fbc30387-97f3-3322-9323-338ba20438f9,Amanda,Scott,amanda.scott@yahoo.com,+1-225-163-6868,1994-02-03,3440 Park Blvd,Indianapolis,IN,46201,US,Product,suspended,2024-04-07
2642425a-2128-1f77-4203-e5dafe2f4fa1,William,Young,william.young@hotmail.com,+1-745-463-7557,1969-09-26,2611 Cedar Ln,San Diego,CA,92101,US,Legal,active,2024-04-16
090c5f87-1a1d-2340-3538-c7d6946930ae,Carol,Lopez,carol.lopez2@yahoo.com,+1-438-929-4758,1993-09-06,7726 Main St,Austin,TX,73301,US,Engineering,suspended,2024-12-19
34547934-08b6-25a3-e567-ccffef83d9e3,Karen,Martinez,karen.martinez@example.com,+1-960-556-1182,1971-04-05,4377 Cedar Ln,San Antonio,TX,78201,US,Finance,active,2024-04-22
888b464b-35e6-168c-83bf-5845cf89e41a,Linda,Green,linda.green@example.com,+1-487-475-7531,1999-10-19,1352 Maple Dr,Seattle,WA,98101,US,Operations,inactive,2024-09-21
cd0ad95c-8615-7303-97aa-441c19dcf2a4,James,Moore,james.moore@hotmail.com,+1-927-757-7089,1979-09-25,1863 Lake Dr,San Diego,CA,92101,US,Product,suspended,2024-11-13
5b465a12-b4bd-c2c7-d81a-40b95e997546,Paul,Johnson,paul.johnson@example.com,+1-514-409-3360,1973-04-08,1571 Elm St,Fort Worth,TX,76101,US,Legal,suspended,2024-04-15
b69a12af-34cd-5d6f-52bd-d07b07b5c69a,Donna,Nelson,donna.nelson@yahoo.com,+1-348-744-8377,1972-12-23,3248 Park Blvd,Columbus,OH,43085,US,Operations,suspended,2024-04-09
09bb6d1a-9279-7a73-cd83-9265a2ba9024,George,Rodriguez,george.rodriguez@icloud.com,+1-426-717-8484,1969-07-28,9949 Lake Dr,Seattle,WA,98101,US,Finance,active,2024-02-23
c1ef8337-5fc7-0b58-8282-db589807663a,Nancy,Johnson,nancy.johnson@yahoo.com,+1-795-944-7891,1964-03-29,5660 Elm St,Philadelphia,PA,19101,US,Marketing,active,2024-03-11
86256527-a63b-d45f-bc87-67f0e958af86,James,Sanchez,james.sanchez@hotmail.com,+1-614-753-1603,1999-05-03,6608 Lake Dr,Columbus,OH,43085,US,Finance,active,2024-08-14
3f2209a7-6db6-3fb6-882a-17c8adb4c947,Donald,Garcia,donald.garcia@outlook.com,+1-345-672-6871,1985-11-18,1459 Main St,Denver,CO,80201,US,Finance,suspended,2024-06-06
5a3b73ba-5343-debf-1a68-ea2027179b32,Karen,Martinez,karen.martinez@hotmail.com,+1-779-877-7560,1967-07-30,3966 Lake Dr,Fort Worth,TX,76101,US,HR,active,2024-10-22
98b28ca8-eabd-7c89-5639-a1969d7652ce,Anthony,Anderson,anthony.anderson@icloud.com,+1-495-107-4294,1971-07-15,9115 Elm St,Nashville,TN,37201,US,Operations,active,2024-07-12
8377dc89-0ee6-b4f4-784d-57a513118ab7,Margaret,Roberts,margaret.roberts@example.com,+1-702-322-1513,1968-11-24,878 Maple Dr,Jacksonville,FL,32099,US,Marketing,active,2024-11-05
be2f0645-aed2-4ab4-38b0-c5af60445cae,Melissa,Robinson,melissa.robinson@yahoo.com,+1-371-459-7398,1990-02-13,7557 Cedar Ln,Fort Worth,TX,76101,US,Sales,active,2024-12-07
10b84703-facc-de01-9930-0e2b36bd5f09,Charles,Allen,charles.allen@hotmail.com,+1-636-783-7413,1985-04-24,84 Oak Ave,Dallas,TX,75201,US,Marketing,active,2024-10-01
05dd2002-ba2d-835f-f85e-2283b851c114,Karen,Scott,karen.scott@icloud.com,+1-965-552-4405,1977-10-11,2528 Park Blvd,Columbus,OH,43085,US,HR,active,2024-08-25
9d319350-5b7e-d2ff-839b-edd0781241bc,Deborah,Scott,deborah.scott@icloud.com,+1-571-745-5577,1989-10-21,1497 Lake Dr,San Antonio,TX,78201,US,Product,active,2024-10-22
ea508c37-4aea-2c81-6a32-89a4eb200237,Mary,Hill,mary.hill@yahoo.com,+1-989-824-6992,1964-05-03,9163 Oak Ave,Indianapolis,IN,46201,US,Engineering,active,2024-06-25
d5dc3956-931c-2818-f61c-16616f71b9ba,Ashley,Thomas,ashley.thomas@example.com,+1-507-361-9089,1978-10-09,3497 Cedar Ln,Dallas,TX,75201,US,Legal,suspended,2024-01-24
a8c01450-07ad-b729-9295-ea37f181aa39,Deborah,Rivera,deborah.rivera@outlook.com,+1-539-498-8155,1982-06-25,5649 Oak Ave,Phoenix,AZ,85001,US,Finance,inactive,2024-09-26
c0ef4f70-ec1f-fcbd-8756-996397ea0bf7,Karen,Mitchell,karen.mitchell@hotmail.com,+1-752-614-4873,1964-01-23,7292 Pine Rd,Charlotte,NC,28201,US,Finance,active,2024-06-02
652365bf-0a63-3da7-80dc-753936ddcbc1,Joshua,Sanchez,joshua.sanchez@icloud.com,+1-361-864-6298,1987-10-07,947 Maple Dr,Austin,TX,73301,US,Finance,active,2024-09-28
f3ca0e38-9bb6-eb7e-cd5d-f7bc64ae14a6,Andrew,Adams,andrew.adams@icloud.com,+1-855-269-5345,1972-07-30,3643 Pine Rd,Fort Worth,TX,76101,US,Finance,active,2024-05-17
af9f9ce0-1a24-bac7-d1fb-c1642fc941de,Betty,Hill,betty.hill@outlook.com,+1-564-498-1527,1965-01-10,3853 Lake Dr,Philadelphia,PA,19101,US,Marketing,active,2024-09-18
6d5ac9ee-61bb-1395-4a6d-c41b9f34b145,John,Wilson,john.wilson@outlook.com,+1-200-406-1960,1978-10-27,3473 Lake Dr,San Jose,CA,95101,US,Product,active,2024-08-09
14f89da1-e19f-8cc9-bdde-949ea835f6d1,Sandra,Ramirez,sandra.ramirez@example.com,+1-636-183-4051,1965-06-30,2907 Oak Ave,Denver,CO,80201,US,Operations,active,2024-04-24
b5cd1696-68a5-7fe0-c9e5-0e5d8d1ea9d1,Andrew,Baker,andrew.baker@hotmail.com,+1-714-828-2149,1975-10-02,9225 Main St,Austin,TX,73301,US,Engineering,active,2024-02-11
8b370113-d857-fa2c-218a-aac95f704528,Dorothy,Hill,dorothy.hill@yahoo.com,+1-625-831-7571,1969-09-20,21 Oak Ave,San Antonio,TX,78201,US,Finance,suspended,2024-06-11
7b5f2193-dac5-fd5b-c910-42d056b766a5,Melissa,Smith,melissa.smith@gmail.com,+1-397-908-9497,1986-04-17,190 Oak Ave,Philadelphia,PA,19101,US,Engineering,active,2024-03-28
8f1677bd-5ff1-be59-e945-c1a517b76c8d,Charles,Thompson,charles.thompson@hotmail.com,+1-256-494-2484,1984-04-23,9794 Pine Rd,Houston,TX,77001,US,Marketing,active,2024-07-21
abfde65e-184a-a35b-9359-a8131eedacf0,George,White,george.white@gmail.com,+1-957-930-4647,1975-01-27,9444 Park Blvd,Jacksonville,FL,32099,US,Legal,active,2024-09-14
4faa12c1-a45a-cb19-02ef-934e8948db22,Kevin,Young,kevin.young@gmail.com,+1-824-251-4342,1960-05-07,2670 Elm St,Indianapolis,IN,46201,US,Engineering,inactive,2024-12-04
23f79f8c-d012-60a7-3521-0f6c385221fc,Joshua,Ramirez,joshua.ramirez2@gmail.com,+1-276-880-4190,1986-07-05,4579 Elm St,Phoenix,AZ,85001,US,Sales,active,2024-01-19
ad1cea98-df6e-a5c6-7a5e-3d5236941aa7,Deborah,Taylor,deborah.taylor@gmail.com,+1-274-582-9126,1997-02-02,5951 Elm St,Los Angeles,CA,90001,US,Product,active,2024-12-15
eb0b2a34-b0c4-ff67-117b-ab101b310631,Thomas,Wright,thomas.wright2@gmail.com,+1-385-524-3151,1977-12-01,538 Cedar Ln,Fort Worth,TX,76101,US,Engineering,inactive,2024-10-27
1c33eea2-2b03-3fe6-17e2-aa93ac7c77c5,Nancy,Jones,nancy.jones@hotmail.com,+1-320-667-8071,1981-12-30,788 Oak Ave,Austin,TX,73301,US,Marketing,active,2024-11-24
9bd3cc80-d800-690a-9d55-30b0adf6ce2f,William,Nelson,william.nelson@example.com,+1-426-300-1971,1999-03-29,2984 Elm St,San Diego,CA,92101,US,Operations,suspended,2024-12-17
389e0e30-2690-9126-c9bc-5d2c6ddf76ae,Deborah,Young,deborah.young@icloud.com,+1-317-909-5661,1962-09-02,5585 Park Blvd,Phoenix,AZ,85001,US,Marketing,active,2024-10-23
0c641777-8c2d-bd72-dc34-9f4d67915507,Matthew,Green,matthew.green@gmail.com,+1-495-467-1505,1994-03-20,5633 Maple Dr,Denver,CO,80201,US,Marketing,active,2024-03-25
462a729d-c938-d3fe-67aa-af941f58d3c5,Patricia,Wilson,patricia.wilson@hotmail.com,+1-994-205-1218,1983-04-11,4148 Pine Rd,New York,NY,10001,US,Product,active,2024-09-23
cdefeef2-09c3-9ca7-41b4-19ca1a2a3a8e,Robert,Hall,robert.hall@icloud.com,+1-993-665-4868,2000-09-07,4476 Park Blvd,Indianapolis,IN,46201,US,Operations,active,2024-05-19
bd7de7e4-d982-4862-cfc2-1217ae1b5450,Daniel,Johnson,daniel.johnson@hotmail.com,+1-540-948-9216,1986-06-29,570 Park Blvd,New York,NY,10001,US,Sales,inactive,2024-05-11
8bdfb17e-a33e-dffc-9e44-d271af2b7783,Betty,Ramirez,betty.ramirez@icloud.com,+1-556-685-1665,1969-11-20,7981 Pine Rd,Seattle,WA,98101,US,Sales,suspended,2024-05-03
5bed1b48-9ecb-da14-4a54-c35c041d91ec,Karen,Martinez,karen.martinez2@example.com,+1-665-980-8259,1989-07-06,7063 Maple Dr,Nashville,TN,37201,US,Operations,active,2024-11-25
15e8434a-9ad5-76cf-63fa-103bc0b42d73,Kenneth,Wright,kenneth.wright@outlook.com,+1-814-925-6658,1978-03-22,3199 Main St,Charlotte,NC,28201,US,Marketing,inactive,2024-05-16
ac1b984d-4b22-5d64-fd3e-1424782b76f4,William,King,william.king@example.com,+1-929-484-9499,1965-07-15,5246 Main St,Fort Worth,TX,76101,US,Sales,inactive,2024-03-20
c4cb5c68-2319-594f-630e-e89663e617a2,Mark,Harris,mark.harris@gmail.com,+1-936-653-7537,1994-01-10,7134 Main St,Houston,TX,77001,US,Finance,active,2024-10-17
c93de1dd-ff77-cf14-a19e-9e81eae097c7,William,Moore,william.moore2@hotmail.com,+1-891-522-8915,1986-09-01,754 Oak Ave,Seattle,WA,98101,US,Product,active,2024-07-06
5d2a0d67-e597-b225-101a-92f7287bac09,Ashley,Mitchell,ashley.mitchell@hotmail.com,+1-709-235-4379,1962-01-04,1422 Maple Dr,San Jose,CA,95101,US,Operations,active,2024-05-06
08aa29da-d4c5-be4f-63e9-47bfbe264712,Richard,Perez,richard.perez@yahoo.com,+1-200-633-6259,1997-02-17,8561 Pine Rd,Austin,TX,73301,US,Product,active,2024-08-06
5c27af1c-a03d-6f69-021c-facb26736d23,Michael,White,michael.white2@gmail.com,+1-949-333-6414,1994-08-30,3264 Oak Ave,Austin,TX,73301,US,Finance,active,2024-09-09
3add0e25-9fa9-3fb9-d44e-6215f5ef1ebd,Nancy,Clark,nancy.clark@gmail.com,+1-495-779-3447,1987-06-25,3969 Maple Dr,Austin,TX,73301,US,Sales,active,2024-01-20
b9bcd304-39e9-9b0b-be81-f1b7e39c71a8,Jennifer,Martinez,jennifer.martinez@icloud.com,+1-311-911-5541,1971-07-31,1231 Pine Rd,Dallas,TX,75201,US,Engineering,suspended,2024-08-17
e03e50b9-7730-01f3-a29a-d66ad7c3ba39,Joseph,Taylor,joseph.taylor@example.com,+1-693-705-9912,1990-07-18,2477 Pine Rd,San Antonio,TX,78201,US,Engineering,active,2024-02-04
f0b8f7f4-9f69-d845-7df9-5cb3378e045a,Margaret,King,margaret.king@yahoo.com,+1-779-986-9471,1964-02-28,1324 Oak Ave,San Diego,CA,92101,US,Engineering,active,2024-11-19
84f20b1a-7691-ec41-fe4e-1e82580383d6,Matthew,Martinez,matthew.martinez@outlook.com,+1-990-731-8130,1978-04-27,3557 Elm St,Philadelphia,PA,19101,US,Operations,suspended,2024-08-15
4cee122e-b3c8-100a-c46a-24443694bac0,Charles,Roberts,charles.roberts@outlook.com,+1-714-635-9735,1978-09-15,2355 Cedar Ln,Phoenix,AZ,85001,US,Legal,active,2024-06-10
1de3a9a0-53b2-0d16-33dd-88e65269fd43,Charles,Mitchell,charles.mitchell@yahoo.com,+1-269-577-9624,1988-09-05,9128 Maple Dr,Phoenix,AZ,85001,US,Engineering,active,2024-01-08
82c2c47f-2fca-c74f-86fa-fe78bc78b285,Thomas,Perez,thomas.perez@outlook.com,+1-683-262-1116,1984-11-07,4293 Lake Dr,San Diego,CA,92101,US,Product,inactive,2024-07-13
7ec1c04c-f849-53db-8bc5-79378a536fb5,Matthew,Rivera,matthew.rivera@gmail.com,+1-506-428-9201,1965-10-06,7320 Oak Ave,Seattle,WA,98101,US,Sales,active,2024-11-16
5c22e9c1-8e31-aa5e-63d8-bdcce94b5574,Christopher,Wilson,christopher.wilson2@gmail.com,+1-818-294-2683,1992-02-25,6086 Maple Dr,San Antonio,TX,78201,US,Product,active,2024-02-22
41c5cf55-150b-070a-f0c9-0c94e602a5e4,Michelle,Williams,michelle.williams2@hotmail.com,+1-469-325-1062,1991-12-07,1996 Main St,San Jose,CA,95101,US,Product,active,2024-05-10
b5342b64-5a3f-3952-4e4e-e13dee6e8127,Daniel,Martinez,daniel.martinez@icloud.com,+1-672-419-5443,1977-02-17,3355 Cedar Ln,Nashville,TN,37201,US,Marketing,suspended,2024-10-28
e31d2e24-3e37-cc97-d195-86803a22052f,Donald,Miller,donald.miller@gmail.com,+1-483-904-8387,1970-03-04,2698 Park Blvd,Jacksonville,FL,32099,US,Legal,active,2024-02-01
4b63e19a-39ed-eb7a-4d73-8fb7a21821b2,Timothy,Williams,timothy.williams@example.com,+1-508-714-9131,1995-07-09,5969 Elm St,San Antonio,TX,78201,US,Product,active,2024-12-17
b5e6e989-f2b2-19fc-0dbe-742b6749de8d,Dorothy,Allen,dorothy.allen@gmail.com,+1-333-218-7002,1982-12-15,9383 Maple Dr,Indianapolis,IN,46201,US,Legal,suspended,2024-05-07
9557d591-49d8-e8e0-e72c-78907db512b3,Sandra,Ramirez,sandra.ramirez@yahoo.com,+1-246-315-4512,1965-09-21,1926 Maple Dr,San Francisco,CA,94102,US,Sales,active,2024-04-28
03871743-7060-7689-e13c-82d6edebc757,Joshua,Lee,joshua.lee@outlook.com,+1-496-561-4387,1961-11-02,1928 Pine Rd,Seattle,WA,98101,US,Finance,inactive,2024-09-15
389f41c4-049b-91b0-7583-d0cc01a1f7da,Karen,Robinson,karen.robinson@hotmail.com,+1-612-494-7735,1971-06-23,5788 Park Blvd,Indianapolis,IN,46201,US,Engineering,active,2024-11-15
27977a27-da3d-6f2a-8cb4-2d42fe1285e9,Matthew,Rivera,matthew.rivera@yahoo.com,+1-323-986-3965,1998-05-06,8828 Maple Dr,Philadelphia,PA,19101,US,Marketing,suspended,2024-04-28
c336f8f3-42f7-814f-ca46-5dac8e3b9ad7,Steven,Clark,steven.clark@icloud.com,+1-650-236-7990,1981-07-25,4284 Cedar Ln,Philadelphia,PA,19101,US,Finance,active,2024-01-10
a989b468-2a85-8358-91e6-4a906e4eb84f,George,Roberts,george.roberts@outlook.com,+1-978-137-7591,1997-08-12,6569 Park Blvd,Denver,CO,80201,US,Engineering,active,2024-09-12
34a126a6-43be-644f-ea05-7652a7474ee9,Joseph,Miller,joseph.miller@yahoo.com,+1-548-633-5540,1971-04-27,9475 Oak Ave,San Antonio,TX,78201,US,Marketing,suspended,2024-11-10
df7790c3-0772-650a-1e4c-4c482e6ab2fd,Margaret,Thompson,margaret.thompson@gmail.com,+1-598-867-4850,1971-09-22,7663 Oak Ave,Phoenix,AZ,85001,US,Legal,active,2024-05-18
1847ec9d-876e-53a8-f31e-eab9a03c3b65,Amanda,Campbell,amanda.campbell@yahoo.com,+1-285-805-7730,1971-04-28,5539 Elm St,Fort Worth,TX,76101,US,Operations,suspended,2024-11-23
92e51992-7fe8-730e-3f2a-9c499f66f6b7,Nancy,Torres,nancy.torres2@outlook.com,+1-972-302-2710,1963-04-15,3418 Park Blvd,Philadelphia,PA,19101,US,Finance,inactive,2024-06-19
79eaed2a-7e0c-04e3-8508-e1466d7bc369,Ashley,Lopez,ashley.lopez@hotmail.com,+1-699-474-4434,1980-09-08,5913 Park Blvd,Fort Worth,TX,76101,US,Marketing,active,2024-05-03
d063fb37-c641-0765-3855-c64e58967888,Ashley,Taylor,ashley.taylor2@icloud.com,+1-768-124-9973,1986-03-26,8920 Pine Rd,Chicago,IL,60601,US,Sales,inactive,2024-08-28
7d713295-cfb8-a551-adf8-bf9503530dfa,William,Gonzalez,william.gonzalez2@yahoo.com,+1-615-217-6952,1987-03-23,452 Main St,Nashville,TN,37201,US,Marketing,active,2024-02-08
48768b92-4ecd-23c4-000e-96acf78e7361,Donna,Miller,donna.miller@outlook.com,+1-387-867-4257,1983-07-31,6762 Pine Rd,San Jose,CA,95101,US,Legal,suspended,2024-03-25
b9e32584-dd2f-8c09-00a6-2f7b1647a849,Robert,Taylor,robert.taylor2@icloud.com,+1-737-503-2593,1960-07-28,6300 Pine Rd,Nashville,TN,37201,US,Legal,suspended,2024-01-10
7b306b99-e7de-53d5-fb32-9ae357b667f2,Kenneth,Nelson,kenneth.nelson@icloud.com,+1-429-643-1438,1964-01-07,6250 Lake Dr,Denver,CO,80201,US,Product,inactive,2024-11-08
0b88b15d-1e40-7c23-64f7-a013acf31b4d,Matthew,Lewis,matthew.lewis@yahoo.com,+1-385-879-4173,1986-03-13,7506 Maple Dr,Los Angeles,CA,90001,US,Product,active,2024-04-22
70574651-90df-1628-914f-23b4630f6963,Elizabeth,Brown,elizabeth.brown2@outlook.com,+1-362-373-6948,1995-10-25,7684 Oak Ave,San Francisco,CA,94102,US,Operations,active,2024-11-15
ae690e2b-1d9a-06fd-1e58-f6e601d2289d,Donna,Gonzalez,donna.gonzalez@yahoo.com,+1-543-415-2570,1980-12-10,7644 Lake Dr,Indianapolis,IN,46201,US,Finance,active,2024-12-27
8d4461c0-8225-97ce-6803-5617571ffabd,Anthony,Smith,anthony.smith@icloud.com,+1-904-648-7882,1982-10-14,1030 Main St,Columbus,OH,43085,US,Operations,suspended,2024-08-07
d4a1b2c5-eba1-7684-d15f-2728d477d223,Daniel,Allen,daniel.allen@hotmail.com,+1-805-400-4482,1998-08-31,3188 Park Blvd,Indianapolis,IN,46201,US,HR,active,2024-08-02
a8690c6d-7e27-ca2c-d6f3-c4dc6546ea62,David,Harris,david.harris@yahoo.com,+1-634-921-6745,1981-12-24,9741 Park Blvd,Phoenix,AZ,85001,US,HR,active,2024-09-15
a20d27e6-9557-91e6-d1bb-562242605e08,Michelle,Mitchell,michelle.mitchell@hotmail.com,+1-471-553-2282,1987-10-08,5716 Elm St,Fort Worth,TX,76101,US,Finance,active,2024-08-09
3dc84bf1-5d52-cfd5-c64f-a55b060544c1,Christopher,Adams,christopher.adams@gmail.com,+1-653-607-3779,1971-05-11,9839 Main St,Phoenix,AZ,85001,US,HR,suspended,2024-10-13
3cad907c-06e8-868c-e0a5-c214553029b3,Christopher,Anderson,christopher.anderson@example.com,+1-651-924-6724,1971-08-09,4582 Main St,Nashville,TN,37201,US,Legal,suspended,2024-01-12
6725583d-ecc7-16cb-5f33-1961889f1e5f,Joseph,Wright,joseph.wright@yahoo.com,+1-794-293-4056,1992-09-19,9948 Oak Ave,San Antonio,TX,78201,US,Finance,inactive,2024-10-13
c7e2b7b8-cfb9-6160-46d5-9102eb36b206,Karen,Mitchell,karen.mitchell@icloud.com,+1-229-586-4627,1991-04-01,7514 Cedar Ln,Los Angeles,CA,90001,US,Engineering,active,2024-02-12
41eff71d-b4de-bf85-fd4b-a09bcf9072f1,James,Campbell,james.campbell2@hotmail.com,+1-230-421-2693,1967-12-04,752 Maple Dr,San Antonio,TX,78201,US,Product,active,2024-09-08
4a9600b8-e40e-eb67-33bc-3c0734bacebe,Paul,Lewis,paul.lewis@example.com,+1-604-578-5606,1979-05-16,6997 Pine Rd,Denver,CO,80201,US,Product,inactive,2024-12-02
9e8c7c4b-9204-2eee-c8a6-7c98d27e1047,Jessica,Wilson,jessica.wilson2@yahoo.com,+1-685-370-2826,1968-10-25,5500 Maple Dr,Indianapolis,IN,46201,US,Engineering,suspended,2024-05-27
0b7feb20-6fab-8011-7d3e-6058a0d74e74,Robert,Brown,robert.brown@gmail.com,+1-694-923-9737,1968-01-12,1806 Elm St,New York,NY,10001,US,Marketing,inactive,2024-05-17
84b3df55-33c2-5e93-7826-2f74a243d59d,Thomas,Nguyen,thomas.nguyen@hotmail.com,+1-401-341-1355,1985-05-18,6998 Oak Ave,Indianapolis,IN,46201,US,HR,active,2024-04-11
970cfff7-8731-e258-791a-5b62f24c8983,Mark,Adams,mark.adams@outlook.com,+1-415-975-6593,1991-08-30,376 Elm St,Dallas,TX,75201,US,Sales,inactive,2024-01-06
6ec64a04-5588-e5c9-786a-3f098721a8ce,Timothy,Robinson,timothy.robinson2@gmail.com,+1-974-581-1990,1998-08-10,7879 Oak Ave,Fort Worth,TX,76101,US,Marketing,active,2024-10-06
209bb693-1c1b-06a1-91ea-8f4937ea76ee,Jessica,Campbell,jessica.campbell2@hotmail.com,+1-392-603-8564,1998-09-12,4155 Elm St,Houston,TX,77001,US,HR,active,2024-12-24
eaaaa624-559f-923f-024c-9d9c7226206e,Susan,Thomas,susan.thomas@hotmail.com,+1-910-617-1191,1982-06-14,8017 Oak Ave,Columbus,OH,43085,US,Engineering,inactive,2024-11-12
747f61e7-f732-bc85-092b-041d7ef71a10,Linda,Johnson,linda.johnson@hotmail.com,+1-740-309-9812,1961-10-30,4938 Lake Dr,Dallas,TX,75201,US,HR,suspended,2024-04-26
368b8a84-7662-7a18-59ec-c726c4ce1d19,James,Anderson,james.anderson@outlook.com,+1-643-986-6383,1997-09-28,4666 Main St,San Francisco,CA,94102,US,HR,active,2024-10-05
ddeb478a-1e20-8b43-306b-9fc4028835d6,Donald,Lopez,donald.lopez@icloud.com,+1-662-667-9291,1987-07-23,4012 Park Blvd,Los Angeles,CA,90001,US,HR,active,2024-12-03
d42111b7-80a8-ce5c-9fc9-eda8bf013ce6,Margaret,Young,margaret.young@example.com,+1-473-367-5377,1974-08-09,683 Elm St,San Francisco,CA,94102,US,Finance,active,2024-04-06
d3294a71-b697-492f-d840-fd58014cd941,Kenneth,Williams,kenneth.williams@hotmail.com,+1-550-258-7935,1979-07-18,887 Oak Ave,Jacksonville,FL,32099,US,Operations,active,2024-04-27
618f996a-66f6-efa8-9f58-ecdea88cabba,Michelle,Williams,michelle.williams2@yahoo.com,+1-400-324-1349,1986-10-30,9837 Maple Dr,Nashville,TN,37201,US,Finance,active,2024-07-12
1e09f522-97d9-e5c4-a485-d43c98e4dc15,Thomas,Smith,thomas.smith@yahoo.com,+1-561-381-1985,1979-09-29,2950 Lake Dr,New York,NY,10001,US,Finance,active,2024-01-04
ebdfea7a-f9f4-d6b0-8ef5-04c817ea3df9,Barbara,Green,barbara.green@icloud.com,+1-534-104-1360,1969-08-23,4788 Maple Dr,Jacksonville,FL,32099,US,Finance,active,2024-11-18
0e330d81-e897-c1c6-cec8-8e0d205630f7,William,Hall,william.hall@gmail.com,+1-508-641-3038,1983-03-14,534 Cedar Ln,Fort Worth,TX,76101,US,Engineering,active,2024-05-17
d31602a3-c1a9-24bd-7186-ec575be1e450,Charles,Rivera,charles.rivera@hotmail.com,+1-697-714-8324,1983-02-26,3352 Maple Dr,San Antonio,TX,78201,US,HR,active,2024-11-22
2824f71e-8929-25f6-15ab-577ddba748a7,Christopher,Thomas,christopher.thomas@icloud.com,+1-697-248-4076,1976-10-22,8442 Maple Dr,Houston,TX,77001,US,Product,active,2024-03-19
a5826b3d-5d79-23d8-5cc2-15aadeee3ce8,Daniel,Miller,daniel.miller@icloud.com,+1-678-802-7861,1968-04-13,8649 Oak Ave,Austin,TX,73301,US,Operations,active,2024-10-02
da365bc1-ba0a-4e55-ba59-aca86c58456e,Jessica,Brown,jessica.brown@icloud.com,+1-835-436-5969,1985-10-19,4290 Lake Dr,Houston,TX,77001,US,Product,active,2024-11-26
bd4ca96c-95cf-e765-481f-1fdc8ded95e6,Lisa,Smith,lisa.smith@example.com,+1-317-830-6330,1982-12-27,499 Maple Dr,San Jose,CA,95101,US,HR,active,2024-07-23
69b89e5d-d9c5-c0c4-eeca-710571910fd1,Charles,Williams,charles.williams2@yahoo.com,+1-809-469-6679,1961-03-14,5773 Cedar Ln,Austin,TX,73301,US,Operations,active,2024-09-17
c6a59693-704a-aa01-7256-c86f270d15be,Robert,Brown,robert.brown@icloud.com,+1-537-407-8324,1989-10-14,7406 Lake Dr,Phoenix,AZ,85001,US,Legal,active,2024-06-19
25fc8b3f-7287-52ed-83aa-1ba73781d9a6,Elizabeth,White,elizabeth.white@outlook.com,+1-495-854-5068,1965-08-29,7906 Lake Dr,Houston,TX,77001,US,Engineering,active,2024-08-02
d50653a9-8c23-a9b5-48c1-e321fbb7c395,Amanda,Jackson,amanda.jackson@outlook.com,+1-517-682-7816,1986-11-27,7567 Pine Rd,Jacksonville,FL,32099,US,Marketing,inactive,2024-07-05
7d13828c-d86f-b192-a8b3-a2d96bf95967,Richard,Baker,richard.baker@icloud.com,+1-320-257-6404,1995-05-09,5965 Cedar Ln,Austin,TX,73301,US,Operations,active,2024-03-25
60279729-0554-903e-ca8e-5d1cbbf6fe15,Mark,Ramirez,mark.ramirez2@hotmail.com,+1-508-226-3537,1987-12-29,2508 Lake Dr,Dallas,TX,75201,US,Sales,inactive,2024-07-12
46bbed34-33b3-8963-a0ab-61c0b184add3,Richard,Jones,richard.jones@outlook.com,+1-305-608-1809,1965-01-28,916 Elm St,Jacksonville,FL,32099,US,HR,active,2024-06-18
d4adf7b8-e342-48cf-5611-fb2ff6a314dd,Jessica,Jackson,jessica.jackson@outlook.com,+1-572-545-4069,1987-12-03,2016 Park Blvd,Jacksonville,FL,32099,US,Finance,active,2024-06-26
d203e944-8f7c-51cd-0dd0-e178824c2980,Kevin,Walker,kevin.walker@example.com,+1-827-464-1127,1978-08-09,4941 Oak Ave,Columbus,OH,43085,US,Engineering,suspended,2024-07-25
e924cb6b-5edc-cf48-16bb-3b547941159f,Amanda,Brown,amanda.brown@outlook.com,+1-537-796-8725,1963-07-25,9162 Elm St,San Antonio,TX,78201,US,Sales,active,2024-11-23
e31d5f0f-623b-2e73-8e55-3ae764168c11,Emily,Robinson,emily.robinson@icloud.com,+1-247-897-4974,1970-01-02,1124 Park Blvd,San Diego,CA,92101,US,Engineering,suspended,2024-10-17
ca41100c-5f2e-a5ee-5e59-8b43088daf3d,Steven,Wright,steven.wright@outlook.com,+1-980-665-4226,1963-12-12,9785 Oak Ave,New York,NY,10001,US,Marketing,active,2024-06-27
9c705735-0871-4438-0c69-aef948f815a2,Susan,Lopez,susan.lopez3@gmail.com,+1-925-294-4888,1978-03-17,3558 Park Blvd,Philadelphia,PA,19101,US,Finance,inactive,2024-10-02
84cd740f-7292-63c7-a2e3-58598f7dfe90,Elizabeth,Smith,elizabeth.smith2@example.com,+1-373-770-2028,1984-05-16,9169 Cedar Ln,San Diego,CA,92101,US,HR,active,2024-08-17
e1c8cc3e-bf6b-4fd7-3f9b-754c677862ae,Michael,Carter,michael.carter@hotmail.com,+1-479-963-3213,1979-05-23,130 Cedar Ln,Charlotte,NC,28201,US,HR,suspended,2024-12-03
261e43aa-4731-2c7c-7b11-6d184ac732b4,Elizabeth,Jackson,elizabeth.jackson@yahoo.com,+1-945-935-7767,1979-07-06,5030 Pine Rd,Fort Worth,TX,76101,US,Engineering,active,2024-08-21
6f20c7fa-d207-c371-9969-d2b07eb2130d,Kimberly,Gonzalez,kimberly.gonzalez@example.com,+1-616-345-8247,1994-03-01,9731 Elm St,Philadelphia,PA,19101,US,Marketing,suspended,2024-08-15
722427be-86c7-08c1-635f-220d4fa4414f,Karen,Moore,karen.moore@icloud.com,+1-879-190-6012,1967-07-28,4215 Park Blvd,Denver,CO,80201,US,Finance,suspended,2024-10-23
4f9a936c-6743-9b98-6fe9-dfc5cedebd22,Lisa,Thomas,lisa.thomas2@gmail.com,+1-869-247-4211,1974-10-25,4574 Main St,Austin,TX,73301,US,Sales,inactive,2024-10-25
637b5a39-96d2-875f-f484-bf01c4031b61,James,Scott,james.scott@icloud.com,+1-599-528-9509,1972-01-13,1047 Oak Ave,Fort Worth,TX,76101,US,Sales,active,2024-10-26
232abd54-7d9a-eef5-8f68-47be623abb33,Barbara,Thomas,barbara.thomas@example.com,+1-390-153-4711,1971-12-11,7663 Cedar Ln,Phoenix,AZ,85001,US,Finance,inactive,2024-12-18
83c224ac-3429-21d1-1077-6546b65932c8,Deborah,Moore,deborah.moore@gmail.com,+1-623-603-5928,1990-04-20,8534 Elm St,Fort Worth,TX,76101,US,Legal,suspended,2024-04-02
e3b48576-e9d2-310e-ccd2-3c50afbd8d23,Thomas,Perez,thomas.perez2@outlook.com,+1-533-791-8362,1977-04-09,6544 Elm St,Denver,CO,80201,US,Legal,suspended,2024-07-18
21bb549b-bc19-4683-d987-e067112db7de,Carol,Smith,carol.smith@gmail.com,+1-605-752-8847,1975-02-17,6953 Pine Rd,Jacksonville,FL,32099,US,HR,suspended,2024-05-07
415f46ab-1b7c-a8f3-693c-fcff5e1dfc78,Anthony,Anderson,anthony.anderson2@yahoo.com,+1-644-463-4160,1961-08-19,4118 Pine Rd,Charlotte,NC,28201,US,Sales,active,2024-01-10
b721c22c-74b6-b87b-4003-eeac716d7b79,Barbara,Garcia,barbara.garcia@example.com,+1-302-986-7040,1979-05-07,2250 Main St,San Francisco,CA,94102,US,Finance,active,2024-02-21
058e4470-a84b-2e49-f1ad-afadabb1052a,Andrew,Garcia,andrew.garcia3@icloud.com,+1-548-518-7128,1975-08-05,1660 Cedar Ln,San Francisco,CA,94102,US,Finance,active,2024-09-11
2f90e997-d53c-9528-2f85-6d05e995bd67,Patricia,Wright,patricia.wright@gmail.com,+1-926-676-9203,1968-05-30,7796 Park Blvd,Dallas,TX,75201,US,Product,active,2024-03-28
34572db5-350b-88e6-20fc-c0e247765286,Ashley,Nelson,ashley.nelson2@icloud.com,+1-761-198-1025,1994-12-17,6590 Main St,Los Angeles,CA,90001,US,Marketing,inactive,2024-01-02
75896aab-597d-887e-446b-e3b3875bd28d,Nancy,Martinez,nancy.martinez@yahoo.com,+1-870-897-5841,1963-08-28,9509 Park Blvd,Nashville,TN,37201,US,Operations,suspended,2024-10-01
9ed4ef56-9dcd-c9f0-59f1-e37c2e20f411,Lisa,Rodriguez,lisa.rodriguez2@hotmail.com,+1-639-197-2852,1991-07-19,4751 Cedar Ln,New York,NY,10001,US,Operations,suspended,2024-04-02
b834123b-bdf4-80b7-e597-f43bbb48628c,Karen,Smith,karen.smith@example.com,+1-575-226-4618,1981-06-29,658 Park Blvd,Indianapolis,IN,46201,US,Marketing,active,2024-10-25
56d2ae02-4999-a59c-74ad-a1489671cd4e,Barbara,Rodriguez,barbara.rodriguez@gmail.com,+1-405-942-8535,1984-08-29,1807 Pine Rd,Fort Worth,TX,76101,US,Legal,active,2024-03-02
ccc2f6e0-3fb8-9d57-4831-671b71873b0f,Charles,Thomas,charles.thomas@gmail.com,+1-289-283-7779,1965-08-30,6963 Park Blvd,Nashville,TN,37201,US,Operations,inactive,2024-01-06
56fa0670-5b15-e527-f7d0-46d069f03ffe,Joseph,Gonzalez,joseph.gonzalez@hotmail.com,+1-722-122-7857,2000-07-25,2385 Pine Rd,Chicago,IL,60601,US,Legal,active,2024-06-11
67ba0a4d-3df0-b75f-aca8-e5a40ddc0cb3,Barbara,Clark,barbara.clark@hotmail.com,+1-844-584-1941,2000-02-11,2359 Lake Dr,Phoenix,AZ,85001,US,Operations,active,2024-01-01
943c71b3-6d1f-c3ca-0aaa-d6ae7cc818d9,Daniel,Mitchell,daniel.mitchell@example.com,+1-202-426-8575,1984-08-30,1246 Oak Ave,Columbus,OH,43085,US,Sales,active,2024-12-17
3dad747d-f8ca-6ce7-2e23-7042cf68cdb3,Jennifer,Harris,jennifer.harris@hotmail.com,+1-573-918-4074,1969-02-01,9411 Cedar Ln,Nashville,TN,37201,US,Finance,active,2024-11-28
f7e3ab2d-51d6-0229-b36b-c03f952fddda,Nancy,Moore,nancy.moore@icloud.com,+1-283-991-7858,1992-12-05,5421 Lake Dr,San Jose,CA,95101,US,Engineering,inactive,2024-10-10
2d381eb4-457b-1a07-25dd-252408358e9c,Richard,Martinez,richard.martinez@gmail.com,+1-605-799-5342,1970-03-11,6755 Elm St,San Francisco,CA,94102,US,Operations,active,2024-10-01
e7ea49ee-a706-ac7e-c65a-46dadb2f878d,Barbara,Campbell,barbara.campbell@gmail.com,+1-266-430-5993,1963-02-01,8920 Main St,San Jose,CA,95101,US,Operations,active,2024-01-20
3969c99f-3f70-ac40-b931-11ca5d7242a5,Joseph,Gonzalez,joseph.gonzalez@outlook.com,+1-626-307-4901,1994-10-01,107 Elm St,Fort Worth,TX,76101,US,Legal,active,2024-12-10
e653478a-8a4e-6e7a-d1d3-62f993e024d2,Richard,Robinson,richard.robinson@example.com,+1-488-222-7645,1960-02-17,4318 Cedar Ln,Los Angeles,CA,90001,US,Legal,inactive,2024-01-21
45018605-bf27-22a1-f776-d3c0d4159588,Michelle,Martinez,michelle.martinez@gmail.com,+1-651-162-2823,1960-06-24,3014 Elm St,Charlotte,NC,28201,US,Sales,suspended,2024-11-27
a4566dc5-72f6-f598-17b0-5872787fd7de,Joseph,Wilson,joseph.wilson@example.com,+1-752-483-7237,1993-05-30,8671 Oak Ave,Denver,CO,80201,US,Legal,inactive,2024-10-15
3c9bf44c-bd4f-a81c-f3ab-c4eb7e5b4dc7,Nancy,Williams,nancy.williams@outlook.com,+1-905-892-4915,1964-03-26,501 Oak Ave,Nashville,TN,37201,US,Engineering,active,2024-12-12
b7ac67d0-3f52-3ef4-306f-b4a48c569680,Emily,Garcia,emily.garcia@hotmail.com,+1-866-175-8997,1994-07-01,9648 Cedar Ln,Nashville,TN,37201,US,Product,active,2024-11-16
59b2dd8d-62bd-b336-0b0c-8ee14ccb534c,Mary,King,mary.king@icloud.com,+1-921-834-5849,1992-06-01,5816 Maple Dr,Dallas,TX,75201,US,Operations,suspended,2024-04-27
dd70ec6b-61d7-b2f2-fd8f-6627f0c468fa,Nancy,Robinson,nancy.robinson3@gmail.com,+1-577-106-5275,1998-03-29,6422 Maple Dr,Indianapolis,IN,46201,US,Engineering,inactive,2024-09-21
d19b490f-a961-1c5d-94ba-3bf21c542d78,Christopher,Ramirez,christopher.ramirez3@yahoo.com,+1-363-520-1427,1980-03-11,2109 Park Blvd,Philadelphia,PA,19101,US,Marketing,active,2024-09-14
f0755e44-e2da-cd4b-9b3a-aa9efd676ba1,Steven,Johnson,steven.johnson@example.com,+1-425-546-1052,1961-03-08,9628 Oak Ave,Houston,TX,77001,US,HR,suspended,2024-01-27
fea2477d-3241-0617-df52-cf0a0c8a8d84,Kimberly,Jones,kimberly.jones@example.com,+1-339-611-7655,1962-03-13,2754 Main St,Charlotte,NC,28201,US,Operations,suspended,2024-08-15
225673de-76d2-43db-96b3-0caaabc84455,Ashley,Young,ashley.young@gmail.com,+1-914-494-9298,1972-06-13,2121 Oak Ave,Chicago,IL,60601,US,Marketing,suspended,2024-06-14
07363d93-6f1b-8cbb-4e50-080466b72795,Michelle,Adams,michelle.adams@example.com,+1-702-560-4314,2000-10-06,5210 Elm St,Nashville,TN,37201,US,Product,suspended,2024-11-04
d8241de8-e6cd-dd88-d0e2-65fcdd85a838,Emily,Hernandez,emily.hernandez@yahoo.com,+1-323-309-7035,1975-11-19,6575 Cedar Ln,Los Angeles,CA,90001,US,Legal,active,2024-12-17
1b185f76-5b5f-6665-7ef9-24410c781edc,Kevin,Flores,kevin.flores@yahoo.com,+1-634-578-5352,1962-01-05,8601 Park Blvd,Jacksonville,FL,32099,US,Legal,active,2024-06-18
82749f61-431b-9f9f-7f23-a32fba18a17b,Linda,Scott,linda.scott@yahoo.com,+1-660-388-9177,1981-12-25,7392 Cedar Ln,Houston,TX,77001,US,Operations,suspended,2024-10-22
5f72af76-3c35-d7ba-897b-e93137564580,Carol,Perez,carol.perez@example.com,+1-595-718-8695,1973-10-07,2035 Maple Dr,Seattle,WA,98101,US,Operations,active,2024-01-27
6d004b97-4111-7646-e45d-f6d26145761c,Jennifer,Flores,jennifer.flores@yahoo.com,+1-855-691-3016,1991-04-08,2437 Park Blvd,Los Angeles,CA,90001,US,Legal,active,2024-10-03
ada16327-3d2d-7f73-5e9b-8b7535f839a6,Andrew,Clark,andrew.clark@icloud.com,+1-238-317-2250,1968-06-26,4020 Lake Dr,Denver,CO,80201,US,Finance,active,2024-06-21
7a3997f4-c86d-ec95-b944-44fbbcf06ea7,Betty,King,betty.king@yahoo.com,+1-582-337-4857,1995-10-15,5398 Elm St,San Francisco,CA,94102,US,Sales,inactive,2024-12-06
40eab12d-7daf-88c5-f4c3-43a08c822081,Patricia,Rodriguez,patricia.rodriguez@icloud.com,+1-691-616-3029,1994-10-15,1864 Maple Dr,Dallas,TX,75201,US,Sales,inactive,2024-10-28
3b12f948-73ba-0ca7-1f49-d7c15e4ecbcd,Kevin,Nguyen,kevin.nguyen@yahoo.com,+1-784-269-3089,1993-06-18,2252 Cedar Ln,San Jose,CA,95101,US,Marketing,inactive,2024-11-15
46e31d26-a6a9-6b78-9152-094b3e8a1f48,Steven,Ramirez,steven.ramirez@outlook.com,+1-902-838-8198,1995-08-01,6120 Main St,New York,NY,10001,US,Operations,active,2024-08-23
756c0fcc-1431-528a-9002-e0d3d853ff6e,Kevin,Young,kevin.young@example.com,+1-507-308-2215,1995-01-12,2057 Pine Rd,Indianapolis,IN,46201,US,Finance,active,2024-11-11
5496c338-b09f-863e-1196-f4d81394f117,Susan,Thompson,susan.thompson@yahoo.com,+1-706-460-1518,1991-03-16,9628 Maple Dr,San Francisco,CA,94102,US,Legal,active,2024-01-20
5f8767bc-dac9-e470-b3ab-18d9976e206c,Sarah,Allen,sarah.allen@gmail.com,+1-661-759-6772,1977-01-25,6844 Maple Dr,San Antonio,TX,78201,US,HR,active,2024-04-19
f9faa20f-75ea-a8fb-ca7e-6bd7d3a817a6,Michael,Clark,michael.clark@icloud.com,+1-204-925-9533,1999-12-02,8800 Elm St,Fort Worth,TX,76101,US,Operations,active,2024-07-19
cd470e79-441a-0c41-45c8-3354ea766e45,Timothy,Moore,timothy.moore@yahoo.com,+1-308-161-2105,1988-11-07,257 Pine Rd,Denver,CO,80201,US,Sales,inactive,2024-12-19
267706bd-95a4-2bd4-d76c-1ede47458e95,Donald,Taylor,donald.taylor2@icloud.com,+1-317-101-2749,1975-08-24,8595 Oak Ave,San Antonio,TX,78201,US,Product,suspended,2024-10-21
f407c3d7-f89c-03fd-72c3-ab3d5ea5601a,Linda,Wilson,linda.wilson@yahoo.com,+1-528-315-9661,1971-01-03,5025 Oak Ave,Denver,CO,80201,US,Marketing,active,2024-06-23
a49d54dc-0d9f-363b-6547-751d5e930c91,Ashley,Williams,ashley.williams@yahoo.com,+1-294-991-7750,1980-07-18,4691 Maple Dr,San Jose,CA,95101,US,Product,active,2024-05-27
f625b970-2d88-cdbf-e97a-f87300d4c311,Lisa,Lee,lisa.lee2@outlook.com,+1-326-950-4776,1967-04-19,5599 Pine Rd,Columbus,OH,43085,US,Product,suspended,2024-12-23
d6270f6f-7d7d-2f7c-0103-ead048d46365,David,Martinez,david.martinez@example.com,+1-285-868-8287,1985-07-20,4033 Pine Rd,San Diego,CA,92101,US,Finance,active,2024-07-13
a9784027-b882-9191-0cb1-c1f5af67fc6f,Patricia,Flores,patricia.flores2@outlook.com,+1-251-527-1831,1981-03-08,4094 Oak Ave,Dallas,TX,75201,US,Engineering,inactive,2024-10-25
a1e56a67-427f-89ba-1316-4632222a8b0b,Daniel,Miller,daniel.miller2@hotmail.com,+1-980-855-2399,1975-02-17,2906 Main St,San Antonio,TX,78201,US,Sales,active,2024-05-21
e7cb5012-0aa6-a298-83bc-8530620a4e58,Michael,Young,michael.young@outlook.com,+1-821-445-8145,1963-01-08,4147 Oak Ave,Fort Worth,TX,76101,US,Operations,active,2024-02-07
0328420c-cdb9-f86d-bb16-f8515c127211,Susan,Baker,susan.baker@yahoo.com,+1-343-630-6579,1977-08-02,9786 Oak Ave,Columbus,OH,43085,US,Operations,inactive,2024-12-25
5f8ab644-aabf-6175-1951-c42e9cd4f11a,Christopher,Scott,christopher.scott@gmail.com,+1-944-584-9991,1989-01-05,2793 Main St,Charlotte,NC,28201,US,Operations,active,2024-12-26
1dbb8fe6-dcdf-9bbd-95bb-c40bd07f229b,Karen,Nguyen,karen.nguyen@yahoo.com,+1-858-802-2681,1963-11-04,4639 Maple Dr,Philadelphia,PA,19101,US,HR,suspended,2024-02-10
5ca00a43-f623-6412-8363-0085d0c906e9,Linda,Jackson,linda.jackson@gmail.com,+1-910-820-7500,1969-09-15,9458 Cedar Ln,Chicago,IL,60601,US,Marketing,active,2024-03-14
07d0bab0-b5ea-09cc-d21f-5add298bd564,Christopher,Martinez,christopher.martinez@gmail.com,+1-310-561-5947,1997-03-06,704 Maple Dr,Houston,TX,77001,US,Engineering,suspended,2024-09-21
f5d9e94e-8374-10bf-80d1-7b77facd237b,Karen,Hall,karen.hall@outlook.com,+1-733-500-7606,1987-09-25,5964 Pine Rd,Columbus,OH,43085,US,Marketing,suspended,2024-03-15
ab03abc1-e30c-e0d1-7502-061162b5b488,Elizabeth,Hill,elizabeth.hill2@gmail.com,+1-534-721-2667,1989-09-12,6822 Pine Rd,San Diego,CA,92101,US,HR,suspended,2024-02-11
1858af42-e476-5120-0683-0022a795ed09,Richard,Martinez,richard.martinez@example.com,+1-300-295-2009,1985-02-08,8477 Elm St,Houston,TX,77001,US,Sales,active,2024-02-12
ef204561-402e-3ece-8b0b-81a72edb1a87,Betty,Wright,betty.wright@yahoo.com,+1-932-112-3054,1972-12-31,2418 Pine Rd,San Diego,CA,92101,US,Product,active,2024-07-16
3f34a4af-5029-98fa-23b2-2e08feb7bbd2,Jennifer,Green,jennifer.green@yahoo.com,+1-975-359-3603,1960-06-13,3961 Park Blvd,Philadelphia,PA,19101,US,Legal,active,2024-08-16
a6dd341c-32a9-c5ef-bb53-61a1eb30ea1a,Matthew,Johnson,matthew.johnson@outlook.com,+1-849-776-9769,1987-10-08,8086 Park Blvd,Phoenix,AZ,85001,US,Product,inactive,2024-05-02
72e5f422-0a2a-e846-1335-bd822253f43a,Paul,Hall,paul.hall@hotmail.com,+1-865-446-3924,1998-09-21,4786 Main St,Indianapolis,IN,46201,US,Engineering,active,2024-04-23
c11b9af2-cdcc-2676-d07a-e9fdac57c4df,John,White,john.white@gmail.com,+1-812-831-9078,1990-11-09,2370 Pine Rd,New York,NY,10001,US,Legal,active,2024-06-09
cf921545-beb4-7aa2-6fd6-94ff10923de0,Elizabeth,Ramirez,elizabeth.ramirez@outlook.com,+1-882-644-4397,1999-09-18,9725 Maple Dr,San Jose,CA,95101,US,Legal,inactive,2024-12-25
383325b8-2f6e-8679-b306-604b51ae1696,Amanda,Rivera,amanda.rivera@yahoo.com,+1-768-773-2694,1984-09-17,9034 Maple Dr,Denver,CO,80201,US,Finance,inactive,2024-11-07
0576a6fd-8416-cbe1-6d2d-bfdda6a208e4,Kevin,Green,kevin.green@yahoo.com,+1-689-855-1650,1984-08-21,4493 Maple Dr,Charlotte,NC,28201,US,Finance,active,2024-08-25
3c3a4e30-942d-1b01-5e01-d99e9a223fd3,Michelle,Anderson,michelle.anderson@gmail.com,+1-272-940-2321,1987-07-20,6986 Maple Dr,San Francisco,CA,94102,US,Marketing,active,2024-06-08
fbc077e4-7822-ed38-d0aa-1e0a01c00a3e,Karen,Rivera,karen.rivera@hotmail.com,+1-871-103-9120,1975-07-12,7856 Elm St,Los Angeles,CA,90001,US,Engineering,suspended,2024-09-25
66458cff-e9b6-a838-cad8-abab9ca9257f,Karen,Torres,karen.torres@outlook.com,+1-402-901-6677,1987-05-03,7473 Park Blvd,Denver,CO,80201,US,Product,inactive,2024-03-25
5bc04c28-942c-4d48-e975-bc02534a778a,Robert,Thomas,robert.thomas@icloud.com,+1-274-725-5214,1996-06-01,9052 Pine Rd,New York,NY,10001,US,Operations,active,2024-12-06
d89a830f-d12f-8af1-3236-865419cf722c,David,White,david.white2@icloud.com,+1-393-824-1566,1975-02-06,5365 Oak Ave,Austin,TX,73301,US,Operations,active,2024-02-19
ec80c7f5-b439-4ce5-bf66-91dbebb43d16,Anthony,Wilson,anthony.wilson@example.com,+1-301-126-7729,1964-12-02,8158 Pine Rd,Jacksonville,FL,32099,US,Operations,active,2024-11-08
da7f1ca8-f15a-216f-0283-54249afbe705,Margaret,Anderson,margaret.anderson2@hotmail.com,+1-543-851-1498,1992-12-06,4126 Oak Ave,Jacksonville,FL,32099,US,Legal,active,2024-08-05
d7e1128a-7ca3-25a0-b3ba-5df7ddbd7d5c,Barbara,Thomas,barbara.thomas@outlook.com,+1-714-905-8636,1978-10-31,648 Cedar Ln,Phoenix,AZ,85001,US,Sales,active,2024-11-27
cade2081-e308-2448-1029-2c1270fc3404,Paul,Davis,paul.davis@yahoo.com,+1-738-935-4769,1963-08-06,5789 Pine Rd,San Francisco,CA,94102,US,Legal,active,2024-03-27
6c510a95-94d2-f8d0-f2af-867151324cb8,Linda,Jones,linda.jones@yahoo.com,+1-450-875-9159,1993-08-09,3563 Oak Ave,Charlotte,NC,28201,US,Marketing,active,2024-10-27
f95758a0-2977-1f73-671a-9f0380fd884c,Susan,Thomas,susan.thomas@gmail.com,+1-446-155-8077,1984-01-01,5478 Pine Rd,New York,NY,10001,US,Engineering,active,2024-04-27
8c11798c-4c3f-42f3-6ae0-151cb479d898,Paul,Miller,paul.miller@icloud.com,+1-581-832-2518,1970-12-02,614 Main St,New York,NY,10001,US,Sales,active,2024-09-05
0ba89629-729f-0c10-1655-9da48b41d6a0,Karen,Jones,karen.jones@example.com,+1-337-630-5289,1961-01-23,6925 Oak Ave,Dallas,TX,75201,US,Product,suspended,2024-08-18
91600f57-4813-95fa-1071-6f20c26dd30c,Mark,Adams,mark.adams@example.com,+1-821-687-8835,1968-03-29,177 Cedar Ln,San Antonio,TX,78201,US,Sales,active,2024-05-07
4e8995c9-3476-581f-b967-956d368a2097,Michelle,Martin,michelle.martin@example.com,+1-512-232-2711,1971-06-23,711 Park Blvd,Indianapolis,IN,46201,US,Operations,active,2024-01-26
1c4b5f94-4ad3-e848-a106-8c7c03119338,Mary,Jackson,mary.jackson@hotmail.com,+1-404-224-4840,1962-12-11,5509 Elm St,New York,NY,10001,US,Operations,inactive,2024-10-10
af4413c8-2590-d4fb-ff9e-1f08f9cc2915,William,Brown,william.brown@example.com,+1-897-230-4801,1994-01-31,9778 Elm St,Indianapolis,IN,46201,US,Product,inactive,2024-03-22
9993b1e5-c3a7-600b-ccfd-21c385d1ef81,Jennifer,Young,jennifer.young2@hotmail.com,+1-976-672-9139,1991-11-19,9073 Lake Dr,Chicago,IL,60601,US,Legal,inactive,2024-08-24
1392a86d-a802-153d-76f7-d7d17afa610c,Mark,White,mark.white@gmail.com,+1-331-908-4491,1982-06-07,9937 Oak Ave,San Antonio,TX,78201,US,Finance,suspended,2024-08-21
46608cf5-09f1-14d3-398e-1c1179ff4799,Kenneth,Hernandez,kenneth.hernandez@gmail.com,+1-569-219-5143,1982-09-23,5228 Elm St,Dallas,TX,75201,US,Product,suspended,2024-02-21
e6199d55-8e36-98e8-89de-79641d0c5184,Melissa,Robinson,melissa.robinson@example.com,+1-902-131-9169,1972-08-01,9483 Park Blvd,San Diego,CA,92101,US,HR,active,2024-04-21
9eac4a15-54da-025a-828f-479a51a9dff5,Kenneth,Miller,kenneth.miller@outlook.com,+1-397-682-2737,1996-02-07,8837 Elm St,Indianapolis,IN,46201,US,Finance,inactive,2024-12-05
95622b92-3c4c-3c4e-c467-b3df30f35dc3,John,White,john.white@outlook.com,+1-387-558-2329,1986-12-15,9234 Elm St,San Jose,CA,95101,US,HR,active,2024-07-08
bd275765-0df6-82ea-fa24-9ca123e8e680,Dorothy,Lee,dorothy.lee@hotmail.com,+1-679-750-2223,1960-05-18,5819 Cedar Ln,Charlotte,NC,28201,US,Legal,suspended,2024-11-09
b80fa0c5-5926-6a34-a61d-0ed9aeb47cf3,Elizabeth,Brown,elizabeth.brown@example.com,+1-544-873-4588,1976-02-08,5237 Pine Rd,Jacksonville,FL,32099,US,HR,active,2024-08-25
80da97fe-f7ba-444f-b2d3-c15277cdce3a,Dorothy,Rivera,dorothy.rivera2@icloud.com,+1-738-650-3699,1980-06-15,2219 Oak Ave,Columbus,OH,43085,US,Engineering,active,2024-08-25
9e5950fe-c18f-8d47-c4df-0d2f058bc7ea,William,Baker,william.baker@example.com,+1-517-606-2114,1972-06-08,2045 Maple Dr,New York,NY,10001,US,HR,inactive,2024-02-23
f18ed53e-e47b-3030-03ff-f16cb15ea752,Mark,White,mark.white@example.com,+1-486-197-1376,1984-02-09,5090 Park Blvd,Indianapolis,IN,46201,US,Product,inactive,2024-02-17
4cf55e0c-4ad7-171b-c503-e9042046f92d,Anthony,Taylor,anthony.taylor@outlook.com,+1-709-160-5239,1979-06-10,9224 Park Blvd,Phoenix,AZ,85001,US,Legal,active,2024-02-26
3e000000-3b1e-4290-0387-11adc7518f37,Mary,Davis,mary.davis@icloud.com,+1-360-434-8589,1980-11-29,771 Pine Rd,Charlotte,NC,28201,US,HR,active,2024-01-15
90f8b020-87b5-64d7-c5ce-36926c533408,Jessica,Rodriguez,jessica.rodriguez@outlook.com,+1-828-995-8911,1989-07-30,4201 Main St,Fort Worth,TX,76101,US,Finance,active,2024-05-26
bd9d9d7e-e0db-9308-9844-e3439fd3efc0,Joseph,Allen,joseph.allen@gmail.com,+1-712-704-3338,1979-11-03,4279 Park Blvd,Charlotte,NC,28201,US,Sales,active,2024-08-01
82fbfdc7-17de-dfbe-0f26-ef72310fede0,Charles,King,charles.king@gmail.com,+1-636-886-5725,1990-07-04,4016 Maple Dr,Houston,TX,77001,US,Finance,active,2024-05-12
76b61e94-2a82-536a-1fec-3c82c9821c70,Brian,Harris,brian.harris@outlook.com,+1-576-708-2321,1982-11-18,7777 Main St,Houston,TX,77001,US,Engineering,active,2024-05-08
e367972a-5aa6-479c-2791-0c8ed7c6b6f3,Timothy,Robinson,timothy.robinson@outlook.com,+1-590-925-8684,1992-09-10,4850 Main St,San Antonio,TX,78201,US,Operations,active,2024-07-05
56289b9e-d255-9fe8-12b2-b7571f9bdf4c,Christopher,Garcia,christopher.garcia@example.com,+1-464-211-2088,1969-03-20,1861 Main St,Phoenix,AZ,85001,US,Sales,active,2024-07-01
c8b81d4e-0d81-8d84-3432-f9ba9543431c,Ashley,Miller,ashley.miller@yahoo.com,+1-233-469-3106,1989-02-20,2893 Oak Ave,Fort Worth,TX,76101,US,HR,active,2024-03-21
333e1a4f-d0f9-2d7b-5d93-dbf0c10e07c1,Margaret,Lewis,margaret.lewis2@example.com,+1-773-371-3229,1993-07-25,5177 Park Blvd,San Diego,CA,92101,US,Marketing,active,2024-07-04
45278bc7-4fa3-230b-9c71-aebdb725f18d,Carol,Lee,carol.lee@example.com,+1-952-245-7768,1985-08-10,1398 Pine Rd,Nashville,TN,37201,US,Operations,active,2024-04-15
b84736f2-2093-9d12-87ab-f7ad66c722f6,Timothy,Roberts,timothy.roberts@outlook.com,+1-856-739-7041,1966-12-01,984 Oak Ave,Seattle,WA,98101,US,HR,suspended,2024-10-27
58eb1b1c-31e1-ed5e-2231-6896310665c1,Kevin,Martin,kevin.martin@gmail.com,+1-768-479-4768,1995-11-04,5699 Main St,Philadelphia,PA,19101,US,Finance,active,2024-11-06
50ef5abd-7eef-3275-ce4d-2b97ed121765,Steven,King,steven.king@gmail.com,+1-246-993-9144,1961-04-04,8331 Oak Ave,Austin,TX,73301,US,Legal,active,2024-06-09
7e0a096e-792e-3062-b383-eee1b428941d,Charles,Rodriguez,charles.rodriguez@outlook.com,+1-700-594-5146,1972-07-31,4674 Pine Rd,Philadelphia,PA,19101,US,Product,active,2024-10-08
023ac2b0-6f4c-7ffd-0c7e-bc710d88de48,John,Martin,john.martin@hotmail.com,+1-595-681-9717,1996-03-09,8373 Maple Dr,San Jose,CA,95101,US,Product,active,2024-09-14
35387491-cd65-4a85-5d71-0ec4ce64ebb5,William,Mitchell,william.mitchell@example.com,+1-708-573-4733,1976-05-02,9216 Elm St,Charlotte,NC,28201,US,HR,inactive,2024-01-19
77c0fc27-063c-47eb-4110-df55d8b08cf3,Michael,Rodriguez,michael.rodriguez@gmail.com,+1-360-980-6905,1999-09-28,4150 Elm St,New York,NY,10001,US,Finance,suspended,2024-07-02
dabc3619-9d4f-a114-fddc-4552d577f441,Jennifer,Carter,jennifer.carter@hotmail.com,+1-427-244-5143,1985-09-22,7680 Main St,Los Angeles,CA,90001,US,Legal,suspended,2024-03-13
1fd70d6f-3387-dc6b-4bf1-2c147a17b2c5,William,White,william.white@example.com,+1-902-503-1930,1991-09-12,3566 Maple Dr,Houston,TX,77001,US,Operations,active,2024-11-27
98f4e329-a276-8c96-ac8a-62193f1c47f2,Joseph,Mitchell,joseph.mitchell@example.com,+1-720-643-5237,1973-04-30,4382 Maple Dr,Denver,CO,80201,US,Legal,suspended,2024-10-12
976e882a-7fd7-1207-d9e5-d6e6c94ec4e5,Barbara,Baker,barbara.baker@yahoo.com,+1-470-683-7785,1964-01-27,4302 Elm St,Columbus,OH,43085,US,HR,suspended,2024-12-24
e0377b50-81cf-999f-bba8-e69774d7dc4b,Daniel,Rivera,daniel.rivera@icloud.com,+1-318-277-8350,1997-10-20,3163 Oak Ave,Jacksonville,FL,32099,US,Legal,active,2024-11-24
25230758-d99a-0673-21fa-1e523a8455e5,Kevin,Martinez,kevin.martinez2@hotmail.com,+1-899-386-1387,1983-09-25,2645 Cedar Ln,Houston,TX,77001,US,Finance,inactive,2024-11-05
b5e2cf5d-4547-98d9-d0d1-cc8aeb0a0a80,Donald,Harris,donald.harris@gmail.com,+1-231-884-5534,1978-05-01,663 Pine Rd,Charlotte,NC,28201,US,Product,active,2024-11-12
f4fe110d-1457-2b45-8130-26e33b3d70f6,Michael,Garcia,michael.garcia@yahoo.com,+1-325-116-6737,1976-12-11,108 Maple Dr,Seattle,WA,98101,US,Sales,suspended,2024-12-20
5b440dac-9671-0d4f-56a8-9706a2ed22e3,David,Williams,david.williams@hotmail.com,+1-373-912-9616,1990-06-19,2210 Lake Dr,San Jose,CA,95101,US,Product,inactive,2024-08-26
378ed10b-43d6-b29d-b2ff-8d07517f1865,Sarah,Lopez,sarah.lopez@yahoo.com,+1-970-334-8484,1969-06-05,3171 Maple Dr,Nashville,TN,37201,US,Legal,suspended,2024-04-20
583f1568-f561-5c4c-d32a-cc65146e8acf,Anthony,Roberts,anthony.roberts@example.com,+1-322-142-1195,1968-05-23,2261 Park Blvd,Denver,CO,80201,US,Engineering,inactive,2024-08-25
f4299222-405a-81d8-a06b-80bba0c6b4c2,David,Jones,david.jones2@outlook.com,+1-913-634-7313,2000-02-07,9327 Park Blvd,San Antonio,TX,78201,US,Operations,active,2024-08-03
2e77c71b-5b29-210e-06be-9567f8372e30,Nancy,Thompson,nancy.thompson@hotmail.com,+1-204-673-4187,1964-12-30,1074 Lake Dr,San Diego,CA,92101,US,Finance,active,2024-11-26
779212ee-3ba1-e0f0-d75f-36ef35a7da65,Andrew,White,andrew.white@gmail.com,+1-660-970-4731,1987-12-07,1728 Maple Dr,Indianapolis,IN,46201,US,Legal,active,2024-05-03
28efcc8e-c466-c4de-fa8c-66c1e4cb0f8d,Melissa,Martin,melissa.martin@icloud.com,+1-900-806-8436,1962-04-26,6114 Main St,Austin,TX,73301,US,Sales,inactive,2024-09-23
8f8ef417-070b-7f77-2c3e-080f26971d75,Mary,Smith,mary.smith@icloud.com,+1-870-743-8824,1981-03-05,1400 Maple Dr,Los Angeles,CA,90001,US,Marketing,suspended,2024-10-28
b31dfc5e-a4a7-79db-fef7-a25498a126a2,Timothy,Moore,timothy.moore2@outlook.com,+1-531-683-7775,1971-01-02,620 Maple Dr,Philadelphia,PA,19101,US,Finance,active,2024-02-27
1d6fd733-59cc-b1cb-f232-0d5076ed51d8,Christopher,Flores,christopher.flores@icloud.com,+1-671-469-8298,1992-05-14,485 Cedar Ln,San Francisco,CA,94102,US,Sales,active,2024-01-27
e2d033eb-00c6-42f5-dd1d-06776f174420,Kimberly,King,kimberly.king@icloud.com,+1-819-389-2098,1995-08-19,7617 Elm St,Los Angeles,CA,90001,US,Engineering,active,2024-12-09
6c56a1fd-8bd7-ab16-a011-eba583637de0,Linda,Anderson,linda.anderson@gmail.com,+1-705-765-6727,1979-11-26,8449 Lake Dr,Los Angeles,CA,90001,US,Operations,active,2024-11-18
55d37793-4dbc-b679-18d2-c380c0c85610,Lisa,Smith,lisa.smith@icloud.com,+1-244-403-8171,1985-10-17,2884 Cedar Ln,Austin,TX,73301,US,Product,inactive,2024-10-10
56d05a58-f497-635f-6de3-3b9f806fbdad,Carol,Sanchez,carol.sanchez@yahoo.com,+1-306-653-3045,1967-12-26,4720 Maple Dr,Charlotte,NC,28201,US,Engineering,active,2024-04-21
b0538ba8-f455-8bde-ae96-2d140bc5ab17,Kimberly,Moore,kimberly.moore@example.com,+1-465-510-3395,2000-12-19,1738 Lake Dr,Austin,TX,73301,US,Product,active,2024-11-07
c8bb89c8-6cfd-9d49-1b4b-650d495a610c,Charles,Hill,charles.hill2@yahoo.com,+1-932-870-7187,2000-07-24,7359 Pine Rd,Denver,CO,80201,US,Engineering,inactive,2024-09-22
dd695de9-d57d-e53d-bc5b-ce3a82c00e3d,Kimberly,Baker,kimberly.baker@example.com,+1-913-955-6896,1985-04-13,8732 Elm St,Columbus,OH,43085,US,Legal,active,2024-10-03
752dcf24-6fcf-21cb-efee-f98dcfa0bb71,Timothy,Garcia,timothy.garcia@gmail.com,+1-856-254-8025,1988-12-16,4747 Oak Ave,Fort Worth,TX,76101,US,Legal,suspended,2024-04-21
79037f06-745b-08a9-3774-d2d55128f331,Emily,Lewis,emily.lewis@icloud.com,+1-253-174-3623,2000-01-18,4567 Cedar Ln,Nashville,TN,37201,US,Marketing,inactive,2024-12-09
e4d38fc7-ed22-2388-25b0-326cff935d77,Daniel,Baker,daniel.baker@example.com,+1-464-352-8185,1983-05-24,8956 Main St,Nashville,TN,37201,US,HR,inactive,2024-01-10
cd42d024-117a-4942-5835-1f3a6394146d,John,Walker,john.walker@example.com,+1-721-958-8324,1969-01-04,6116 Park Blvd,Denver,CO,80201,US,Sales,inactive,2024-12-19
28b68bfe-b9aa-ecd5-f2d4-2229f8123529,William,Carter,william.carter2@gmail.com,+1-680-313-6608,1989-12-22,8132 Oak Ave,San Diego,CA,92101,US,Sales,active,2024-07-16
5766dfbc-c7ca-2946-8d75-017506e08df5,Elizabeth,Jones,elizabeth.jones@yahoo.com,+1-668-775-9289,1960-03-20,9439 Elm St,San Diego,CA,92101,US,Marketing,active,2024-04-05
01c4abc4-050c-6ec8-6172-c44c636b8f16,Amanda,Martin,amanda.martin@yahoo.com,+1-794-652-1013,1994-10-16,5467 Lake Dr,Austin,TX,73301,US,Finance,inactive,2024-11-20
12bb954f-44c7-6929-e8f8-72c5e6e1396c,John,Hall,john.hall@yahoo.com,+1-451-941-7646,1969-01-25,5544 Cedar Ln,New York,NY,10001,US,Sales,suspended,2024-09-11
ff7aa960-9a20-d5b2-adfd-c6e7e3d8b081,Margaret,Campbell,margaret.campbell@icloud.com,+1-654-986-8228,1987-08-28,453 Lake Dr,Dallas,TX,75201,US,Engineering,inactive,2024-01-01
3f5d81db-3d57-4d80-c984-97f5472ac6c2,Ashley,Moore,ashley.moore@hotmail.com,+1-655-132-1833,1997-04-20,4552 Oak Ave,Houston,TX,77001,US,Legal,active,2024-05-07
d8fc4d39-d36f-db5e-a30d-d366ba6be41e,Matthew,Scott,matthew.scott@hotmail.com,+1-590-344-9253,1989-08-14,7511 Park Blvd,Chicago,IL,60601,US,Sales,active,2024-06-16
5fe9798c-f8e4-6f69-4145-7f4953357525,Amanda,Young,amanda.young@outlook.com,+1-713-547-8030,1993-02-24,1998 Maple Dr,New York,NY,10001,US,HR,suspended,2024-12-16
3bdeae38-e1e3-91d1-5c8e-63588182f547,Karen,Jones,karen.jones@outlook.com,+1-842-165-5107,1981-12-08,1784 Lake Dr,Philadelphia,PA,19101,US,Sales,inactive,2024-04-23
3477e35b-22e8-0727-2939-7928a20bd299,Thomas,Baker,thomas.baker@icloud.com,+1-930-324-9587,1963-09-08,2609 Oak Ave,Philadelphia,PA,19101,US,Operations,suspended,2024-01-01
b22faf39-a96c-d8e2-237c-16def84763a5,Sandra,Hall,sandra.hall@gmail.com,+1-206-396-5474,1998-08-18,8380 Pine Rd,San Antonio,TX,78201,US,Operations,inactive,2024-08-26
a6601381-76f3-eab6-f35b-811abbed3411,Donald,Jones,donald.jones@outlook.com,+1-912-488-7399,1964-12-14,116 Pine Rd,Dallas,TX,75201,US,Operations,inactive,2024-09-19
4f63ceb0-bd14-19af-d19c-662eaf84efbb,Joseph,Torres,joseph.torres3@gmail.com,+1-579-550-7564,1978-01-10,8054 Lake Dr,Houston,TX,77001,US,Product,active,2024-08-24
8fe853a8-0bff-9a36-64e0-638af9008cca,Margaret,Harris,margaret.harris@hotmail.com,+1-561-228-1137,1981-07-24,8195 Elm St,Dallas,TX,75201,US,Sales,suspended,2024-07-10
92bef5f6-499a-c9ab-0fe0-be395d1f2a11,Lisa,Lee,lisa.lee@yahoo.com,+1-838-650-9509,1982-01-09,8112 Maple Dr,Chicago,IL,60601,US,Legal,active,2024-08-12
afdb3cae-13b6-994c-6e5e-306901443310,Karen,Mitchell,karen.mitchell@outlook.com,+1-916-667-6927,1967-06-22,666 Park Blvd,Phoenix,AZ,85001,US,Sales,suspended,2024-09-15
08e22b14-468f-a3cf-af81-968cc8fdc2a3,Carol,Anderson,carol.anderson@example.com,+1-263-489-8847,1979-05-15,2289 Pine Rd,San Francisco,CA,94102,US,Product,inactive,2024-04-19
16c63710-31a8-b75a-0e3c-70393f46a53b,John,Thomas,john.thomas@yahoo.com,+1-757-813-4111,1971-07-11,9285 Cedar Ln,Chicago,IL,60601,US,Finance,active,2024-02-04
88228acb-8073-d555-4068-54695a8843ed,Linda,Allen,linda.allen2@outlook.com,+1-531-451-9569,1977-12-18,8162 Elm St,New York,NY,10001,US,Operations,active,2024-12-10
315f190d-46c7-669f-1327-62c657f65a8c,Daniel,Martinez,daniel.martinez2@icloud.com,+1-621-723-8495,1964-09-05,4145 Elm St,Fort Worth,TX,76101,US,Legal,suspended,2024-04-11
b66e35ac-74ce-8ac1-806d-843fa67156dc,Robert,Lewis,robert.lewis@icloud.com,+1-291-772-4957,1968-12-16,5377 Elm St,Seattle,WA,98101,US,Product,inactive,2024-10-14
b5e947ee-5afb-930c-933e-31c6ce3cb5ed,Jessica,Nelson,jessica.nelson@yahoo.com,+1-962-650-8165,1991-12-10,4102 Oak Ave,Seattle,WA,98101,US,Legal,suspended,2024-03-11
fe416ff2-9549-9817-bffe-2cba9d5ece04,Carol,Harris,carol.harris@gmail.com,+1-313-893-8080,1986-11-30,2113 Pine Rd,Houston,TX,77001,US,Product,suspended,2024-05-21
e2a4ae18-cd3c-b60f-64b1-8f8b3228381d,Donald,Clark,donald.clark@example.com,+1-900-649-5652,1986-07-20,2251 Park Blvd,Philadelphia,PA,19101,US,Operations,active,2024-08-19
e2ee1603-9b30-1c38-d6a5-228fba153066,Sandra,Gonzalez,sandra.gonzalez@hotmail.com,+1-249-192-1064,1985-04-29,2149 Lake Dr,Indianapolis,IN,46201,US,Marketing,suspended,2024-01-22
f481ecd3-8a3f-2d14-3018-6d14024faeec,Donna,Lee,donna.lee@example.com,+1-876-565-3602,1997-07-13,1653 Maple Dr,Phoenix,AZ,85001,US,Marketing,active,2024-11-03
61f80665-cbe8-0fbe-bb23-73595a126037,Andrew,Williams,andrew.williams@example.com,+1-375-946-5992,2000-04-29,4435 Park Blvd,Dallas,TX,75201,US,Sales,active,2024-01-04
9a042261-3c5e-d00e-cabf-e4eca1d5df33,Betty,Perez,betty.perez@hotmail.com,+1-417-794-6780,1969-09-26,598 Maple Dr,Columbus,OH,43085,US,HR,active,2024-12-05
46c9b428-f454-2ecc-1762-4c6b89d883a3,Matthew,Rodriguez,matthew.rodriguez2@outlook.com,+1-214-340-1879,1990-03-20,8103 Elm St,San Diego,CA,92101,US,Operations,suspended,2024-09-27
e2575b99-2421-f817-0fb0-970828dd2e89,Charles,Jones,charles.jones2@example.com,+1-489-641-5874,2000-02-06,3107 Elm St,Dallas,TX,75201,US,Engineering,inactive,2024-05-12
f110b192-3f2b-21c5-ddfb-8af9bccce1c9,James,Carter,james.carter@example.com,+1-388-627-1886,1969-07-11,9573 Lake Dr,Nashville,TN,37201,US,Engineering,active,2024-05-09
77d29a3a-0314-0be3-9ea6-ffdae844ba31,James,Martin,james.martin@yahoo.com,+1-695-198-3849,1961-01-29,3861 Elm St,Chicago,IL,60601,US,Finance,active,2024-08-16
70daa13e-41db-7842-57d8-846b5ac6fff4,Kenneth,Adams,kenneth.adams@yahoo.com,+1-607-166-8169,1979-07-26,2086 Lake Dr,Indianapolis,IN,46201,US,Operations,inactive,2024-04-11
2e026c5c-18ea-3bcd-f007-2b9b77d8db4d,Christopher,Martin,christopher.martin3@icloud.com,+1-598-516-8012,1972-12-03,1733 Elm St,Houston,TX,77001,US,Finance,suspended,2024-04-26
b5328fd7-7671-a0dd-2de2-279c442959f1,Deborah,Torres,deborah.torres@example.com,+1-252-952-3274,1987-03-28,1131 Elm St,Phoenix,AZ,85001,US,Engineering,active,2024-04-09
9e6518a9-78f9-053d-2858-4f506fc9370f,Joseph,Green,joseph.green@yahoo.com,+1-958-652-6415,1962-04-08,8262 Maple Dr,Denver,CO,80201,US,HR,inactive,2024-08-07
9a8a506f-dd68-0173-9a5f-983521b05f54,Susan,Rivera,susan.rivera@icloud.com,+1-244-326-8371,1997-04-16,1834 Oak Ave,Chicago,IL,60601,US,Sales,inactive,2024-06-20
1668a2f3-eb8a-be03-aaff-43d07642faa5,Jessica,Torres,jessica.torres@example.com,+1-494-921-3961,1974-02-17,1381 Oak Ave,Jacksonville,FL,32099,US,Product,active,2024-03-02
b796949f-00fc-a8da-0bbd-5c3316be62f2,Amanda,Sanchez,amanda.sanchez@example.com,+1-482-954-5119,1986-10-29,3107 Park Blvd,Austin,TX,73301,US,HR,active,2024-07-09
cb5ca041-cef0-efbd-903c-c2c7c7340099,Charles,Taylor,charles.taylor@yahoo.com,+1-628-702-2522,1993-08-02,4144 Maple Dr,Philadelphia,PA,19101,US,Sales,active,2024-11-02
b7c1f214-65e1-96a8-7101-fee2f527ed6a,Sandra,Green,sandra.green@yahoo.com,+1-712-344-6228,1999-11-20,2576 Lake Dr,Philadelphia,PA,19101,US,Engineering,suspended,2024-08-18
303808c8-37e2-7671-ea7f-17d19a017639,Christopher,Nelson,christopher.nelson@hotmail.com,+1-753-868-7097,1962-07-12,3573 Main St,Houston,TX,77001,US,Engineering,active,2024-10-02
83b4e4b4-5794-4a79-23f8-8146f9b86035,Patricia,Nelson,patricia.nelson2@hotmail.com,+1-948-981-7948,1988-06-11,7797 Lake Dr,San Antonio,TX,78201,US,Operations,active,2024-07-12
f6c3eb8d-4f1e-f627-a877-47a18d805e12,Kimberly,Clark,kimberly.clark@gmail.com,+1-673-769-1455,1967-06-07,3954 Pine Rd,Indianapolis,IN,46201,US,HR,inactive,2024-11-07
c9f8ca58-a604-91cf-5a8c-8baa60e81149,Joseph,Lopez,joseph.lopez@example.com,+1-978-786-7768,1996-10-13,8657 Pine Rd,San Jose,CA,95101,US,Marketing,active,2024-05-24
343a3200-7ebd-95eb-5007-1ef6772d96f3,Anthony,Mitchell,anthony.mitchell@yahoo.com,+1-521-874-2113,1965-06-06,8433 Elm St,Austin,TX,73301,US,Marketing,inactive,2024-07-19
53c3f674-688c-1f66-9475-5d1ce9c22cd6,Carol,Harris,carol.harris@outlook.com,+1-621-112-1684,1976-03-10,3747 Cedar Ln,Denver,CO,80201,US,Legal,active,2024-03-06
16993c9f-23c1-8741-a32e-74f3419c07f3,Andrew,Sanchez,andrew.sanchez@example.com,+1-208-677-3617,1983-02-20,3015 Maple Dr,Dallas,TX,75201,US,Operations,active,2024-12-09
32ad8396-b868-5987-d6d4-70545e46b06e,Lisa,Thompson,lisa.thompson@hotmail.com,+1-664-756-3137,1988-06-07,3766 Lake Dr,Denver,CO,80201,US,Product,inactive,2024-01-09
9e6b7c1e-2f54-a7a4-0eb2-ec4a36c8f396,Robert,Jackson,robert.jackson@yahoo.com,+1-683-147-9931,1973-10-07,1270 Cedar Ln,Columbus,OH,43085,US,Legal,active,2024-03-19
a36c7e7d-5c98-9c01-3347-ea22c7773dac,Kimberly,Martinez,kimberly.martinez2@gmail.com,+1-975-252-6101,1987-10-22,3117 Maple Dr,New York,NY,10001,US,Sales,suspended,2024-11-12
8e9705d1-2211-f6b8-e5d4-3fe564e53fa3,John,Garcia,john.garcia@example.com,+1-466-126-8550,1985-06-20,7087 Elm St,San Jose,CA,95101,US,Finance,suspended,2024-01-18
afe1b9e3-7539-6a00-6722-c7657fb325a4,Sandra,Wright,sandra.wright@yahoo.com,+1-838-124-1824,1993-09-16,7182 Maple Dr,San Jose,CA,95101,US,HR,active,2024-07-14
ede59d45-6e72-2b84-38d3-bf9e8fdfc543,Betty,Harris,betty.harris2@icloud.com,+1-900-939-1079,1990-11-08,9259 Pine Rd,San Jose,CA,95101,US,Finance,suspended,2024-07-17
53b4e9a8-8785-48f5-0432-c9c6ba911958,David,Baker,david.baker@example.com,+1-543-693-3961,2000-08-12,5476 Park Blvd,Jacksonville,FL,32099,US,Sales,suspended,2024-08-26
cea444bd-35f1-6d41-2576-b9bfd9abc054,Elizabeth,Harris,elizabeth.harris@hotmail.com,+1-996-246-6364,1993-09-04,7339 Maple Dr,Denver,CO,80201,US,Legal,active,2024-11-10
0e0acb92-f600-60af-793c-51512a67d5d1,Amanda,Clark,amanda.clark@icloud.com,+1-945-798-5431,1991-12-02,7660 Maple Dr,Nashville,TN,37201,US,Finance,active,2024-05-21
eff595ef-19a2-205c-5a7a-ea760bc4e069,Thomas,Ramirez,thomas.ramirez@hotmail.com,+1-505-713-7329,1964-09-22,1425 Main St,Fort Worth,TX,76101,US,Product,suspended,2024-07-06
f151492a-788b-48c1-f4aa-a6268593369c,Steven,Scott,steven.scott@hotmail.com,+1-830-273-5453,1991-03-12,4106 Pine Rd,San Francisco,CA,94102,US,Engineering,active,2024-11-26
6d5fde56-f502-f55c-8527-fdbe1558b3f3,Timothy,Adams,timothy.adams2@example.com,+1-836-824-6308,1976-02-27,6834 Oak Ave,Nashville,TN,37201,US,Finance,active,2024-05-02
8b616fd3-3f61-01dc-8b61-f2e719fbb208,Kimberly,Wright,kimberly.wright@yahoo.com,+1-228-224-7472,1998-12-21,9492 Cedar Ln,San Diego,CA,92101,US,HR,inactive,2024-07-19
f82d76ff-9a3b-5491-7e6b-f58ff72eb034,Robert,Rodriguez,robert.rodriguez@example.com,+1-453-746-1038,1982-02-27,1492 Maple Dr,San Antonio,TX,78201,US,Sales,active,2024-02-13
273dfd6f-a08f-1019-0182-ea7107f4d1b3,Susan,Miller,susan.miller@icloud.com,+1-446-693-2628,1968-02-03,5961 Maple Dr,Jacksonville,FL,32099,US,Finance,active,2024-04-08
013f34a6-c49d-2d2f-4a84-cb5d110a98b7,Betty,Green,betty.green@example.com,+1-807-666-3907,1990-06-14,1304 Maple Dr,San Antonio,TX,78201,US,Legal,active,2024-03-08
1cc60b2e-d570-3cb3-08f3-6be02ff2bee9,Linda,Scott,linda.scott@icloud.com,+1-387-737-6696,1981-09-15,9903 Main St,Columbus,OH,43085,US,Finance,active,2024-11-25
b073366e-b28e-90e2-9346-8a46e76fbc75,Sandra,Young,sandra.young@example.com,+1-214-107-1093,1977-11-21,1724 Oak Ave,Austin,TX,73301,US,Legal,inactive,2024-06-27
41d675fa-3d0b-950b-8793-cfe44f148ea5,Susan,Carter,susan.carter@yahoo.com,+1-423-902-9360,1998-02-15,7881 Oak Ave,San Jose,CA,95101,US,Operations,active,2024-06-10
f9f34c61-7717-1798-1d12-b2e71d8243a1,George,Young,george.young@outlook.com,+1-841-159-8408,1987-10-04,177 Maple Dr,Columbus,OH,43085,US,Legal,active,2024-09-06
bb9735d9-fdc3-74f1-a823-4f223cc74259,John,Taylor,john.taylor@gmail.com,+1-936-632-1158,1987-12-16,8935 Cedar Ln,Los Angeles,CA,90001,US,HR,suspended,2024-11-04
0666de8b-033a-fd4a-ae67-4484aa8346f4,Elizabeth,Wilson,elizabeth.wilson@yahoo.com,+1-583-981-4517,1977-01-24,2916 Pine Rd,Houston,TX,77001,US,Marketing,suspended,2024-04-05
5c66f44b-2901-6181-6266-c153736c1975,Carol,Mitchell,carol.mitchell@outlook.com,+1-351-771-1703,1991-11-29,2688 Oak Ave,Philadelphia,PA,19101,US,Finance,active,2024-02-14
bebfb4c4-e7c5-73cc-f45e-95808775347d,Sandra,Torres,sandra.torres@outlook.com,+1-420-271-7328,1967-06-06,8096 Main St,San Jose,CA,95101,US,Marketing,active,2024-07-15
8979fc5a-bdf1-c452-d44f-6578cb6f3282,Steven,Davis,steven.davis@gmail.com,+1-621-854-3223,1981-01-02,9795 Main St,Columbus,OH,43085,US,Sales,active,2024-02-11
3bde5f61-7142-aa48-6eab-e2562b5643ac,Richard,Allen,richard.allen@hotmail.com,+1-998-116-3795,1993-10-27,2804 Main St,Dallas,TX,75201,US,HR,active,2024-08-22
5c6b69e9-030d-8eee-ac78-3213f2074bcb,Lisa,Wilson,lisa.wilson@example.com,+1-402-179-9550,1972-09-09,4605 Oak Ave,New York,NY,10001,US,Engineering,active,2024-01-15
8c393f4c-29ef-e33b-51e5-9f8d807600fe,Christopher,Lee,christopher.lee2@gmail.com,+1-498-522-9018,1971-08-21,7317 Main St,San Francisco,CA,94102,US,Finance,inactive,2024-09-09
a7b16a59-8f23-4f24-01c6-a550bbdcb66d,Margaret,Lewis,margaret.lewis@icloud.com,+1-943-332-1388,1962-03-22,7365 Park Blvd,Indianapolis,IN,46201,US,HR,active,2024-01-11
7f5f7a16-158e-d5c1-01fd-c5afe553053f,Steven,Anderson,steven.anderson@outlook.com,+1-367-552-3736,1992-03-14,7448 Lake Dr,Austin,TX,73301,US,Finance,active,2024-09-06
5c6aec85-02c9-2c8c-2164-429b3c7b69d2,Andrew,Johnson,andrew.johnson@gmail.com,+1-310-192-3582,2000-09-19,1036 Cedar Ln,Seattle,WA,98101,US,HR,active,2024-07-07
5d2706bc-0a1f-4f7e-98b6-b59e9e3208ec,Matthew,Wright,matthew.wright@gmail.com,+1-230-283-5961,1999-09-25,680 Park Blvd,Chicago,IL,60601,US,Operations,active,2024-02-22
13e03554-cd4e-09b1-7980-9bc7f37259ae,Donald,Green,donald.green@example.com,+1-936-190-8551,1998-05-23,804 Park Blvd,Dallas,TX,75201,US,HR,suspended,2024-06-26
a1792d9f-31fb-6b84-f3be-b28f67d166ec,Mark,Torres,mark.torres@hotmail.com,+1-873-191-3679,1984-12-11,4172 Main St,San Francisco,CA,94102,US,Legal,suspended,2024-01-10
856e62af-a85b-5df7-fb8f-ce928adb4c5c,Kenneth,Martin,kenneth.martin2@icloud.com,+1-323-691-2023,1971-01-20,2037 Oak Ave,Chicago,IL,60601,US,HR,active,2024-12-14
959feb91-123b-e95b-e6f1-48b66a85105e,Ashley,Hall,ashley.hall@hotmail.com,+1-546-232-5390,1979-09-10,9249 Park Blvd,Charlotte,NC,28201,US,Engineering,active,2024-08-02
ee96a38f-1339-d8ad-54c3-5fcd4e71c76a,Andrew,Martinez,andrew.martinez@gmail.com,+1-694-990-8646,1978-12-08,658 Maple Dr,Charlotte,NC,28201,US,Sales,active,2024-09-01
29838000-dfbc-ddde-813a-ad1873bde28f,Thomas,Rivera,thomas.rivera@outlook.com,+1-650-571-3227,1973-09-11,5286 Cedar Ln,San Diego,CA,92101,US,Sales,active,2024-10-12
8e3db032-9064-2b33-862d-ac07448cc5a8,Kenneth,Nguyen,kenneth.nguyen2@example.com,+1-685-902-4862,1983-11-14,5911 Lake Dr,Philadelphia,PA,19101,US,Sales,inactive,2024-03-20
a0841d14-af38-e0b1-e449-ac6778fc2ae6,Joshua,Gonzalez,joshua.gonzalez@yahoo.com,+1-216-267-5176,1991-06-05,492 Cedar Ln,Austin,TX,73301,US,Product,inactive,2024-04-23
22a403c9-443d-be6e-4937-24a088a193a4,Joshua,King,joshua.king@outlook.com,+1-893-565-5070,1972-11-01,9594 Cedar Ln,Fort Worth,TX,76101,US,Operations,inactive,2024-11-12
6a932844-8d88-09a0-bba8-aff18d963c7f,William,Rivera,william.rivera@yahoo.com,+1-877-564-7639,1963-06-22,2721 Maple Dr,Nashville,TN,37201,US,Legal,active,2024-06-28
da233423-0e78-276d-2875-26baa17a0f04,Joseph,Thomas,joseph.thomas@outlook.com,+1-306-520-7948,1977-07-06,3186 Cedar Ln,New York,NY,10001,US,HR,active,2024-02-09
e1da674a-4163-9896-323d-1fafb0910f50,Brian,Rodriguez,brian.rodriguez@gmail.com,+1-905-451-3900,1977-11-13,6810 Cedar Ln,Jacksonville,FL,32099,US,Product,active,2024-09-18
46a3df9e-4887-28cb-083b-476075994722,Anthony,Lopez,anthony.lopez4@yahoo.com,+1-472-472-6948,1976-05-06,1921 Pine Rd,San Antonio,TX,78201,US,Finance,active,2024-05-05
43d582db-936b-cbf6-e3b0-47a543e011b5,Jennifer,Jones,jennifer.jones2@gmail.com,+1-500-681-6446,1975-03-25,7833 Pine Rd,Charlotte,NC,28201,US,Sales,active,2024-11-18
60e9a9ad-4cdd-805d-c4ad-b29ca01e248d,Paul,Rivera,paul.rivera@outlook.com,+1-443-617-2796,1998-05-30,6015 Oak Ave,Philadelphia,PA,19101,US,Sales,suspended,2024-02-04
632c5487-a91e-e2d3-406d-cb60e6ee6ade,Anthony,Moore,anthony.moore@hotmail.com,+1-495-282-9210,1967-10-15,7245 Maple Dr,Nashville,TN,37201,US,HR,inactive,2024-12-07
5fe98889-7eef-8777-e1d4-bdef873f7749,Christopher,Wilson,christopher.wilson@example.com,+1-983-760-2937,1987-09-26,5901 Cedar Ln,Nashville,TN,37201,US,Engineering,active,2024-08-11
47285438-db4c-3e7c-3861-baca876ea832,Linda,Taylor,linda.taylor2@outlook.com,+1-691-682-3906,1995-10-01,3844 Main St,Chicago,IL,60601,US,Operations,inactive,2024-09-06
177f8df0-80cf-e3a8-b966-5b7606950031,Thomas,Lee,thomas.lee@example.com,+1-343-357-7627,1963-06-02,4913 Cedar Ln,San Antonio,TX,78201,US,Legal,suspended,2024-11-22
a2bc8858-d166-7c65-fcdf-8b990c2568f9,Matthew,Hernandez,matthew.hernandez2@outlook.com,+1-272-375-7811,1993-05-29,218 Park Blvd,San Antonio,TX,78201,US,Product,suspended,2024-07-04
7224cadd-bffc-d2c3-3e0a-5bf669c8cf0f,George,Johnson,george.johnson@hotmail.com,+1-516-721-2678,1988-02-10,2410 Oak Ave,Nashville,TN,37201,US,Legal,suspended,2024-12-21
44299f8c-c5d2-80a3-d979-1ce313d8c83a,John,Harris,john.harris@outlook.com,+1-648-185-6734,1979-01-19,9525 Main St,New York,NY,10001,US,Marketing,active,2024-03-11
e8e6f528-006b-fc3a-0b4a-22076a521390,James,Rodriguez,james.rodriguez@example.com,+1-460-879-1863,1963-08-26,3068 Lake Dr,San Antonio,TX,78201,US,Sales,suspended,2024-10-18
8ddf03d0-0f61-4433-2c32-ed18ecedc78b,Anthony,Allen,anthony.allen@yahoo.com,+1-600-181-5329,1965-01-22,8979 Pine Rd,Phoenix,AZ,85001,US,Sales,active,2024-01-28
c0a0b284-a2fb-82ac-d07d-6f259ac13981,Sandra,Flores,sandra.flores@hotmail.com,+1-663-617-5280,1987-09-19,2686 Main St,Fort Worth,TX,76101,US,Engineering,active,2024-05-03
390be8d6-79c6-88b6-a442-6d1b038b0cba,Sarah,Moore,sarah.moore@yahoo.com,+1-700-273-5041,1977-08-05,8737 Park Blvd,Dallas,TX,75201,US,Marketing,active,2024-10-12
9980da4d-ddfc-e905-b56c-8e759956614c,David,King,david.king@example.com,+1-479-567-6302,1993-03-09,7710 Park Blvd,Austin,TX,73301,US,Finance,inactive,2024-12-25
7fb8baba-507b-f7d5-570b-2c060759d9d3,Joshua,Allen,joshua.allen3@yahoo.com,+1-689-688-8687,1970-04-20,9844 Cedar Ln,Denver,CO,80201,US,Product,inactive,2024-07-01
9af14895-37ea-40b6-962d-639f5e74efd0,Donald,Martin,donald.martin@example.com,+1-479-847-9773,1961-10-23,1694 Elm St,Houston,TX,77001,US,Engineering,active,2024-04-19
87de82bf-2224-6593-dfe3-fe670681b46b,Patricia,Thomas,patricia.thomas@outlook.com,+1-564-885-7714,1993-04-15,6277 Park Blvd,Columbus,OH,43085,US,Engineering,suspended,2024-07-07
e8210dd9-0460-154b-648e-441cead0d806,Daniel,Martin,daniel.martin@example.com,+1-697-434-2341,2000-09-10,2809 Oak Ave,Charlotte,NC,28201,US,Engineering,active,2024-09-10
4924701e-a7c8-4fc2-d6a5-56254f90af63,William,Harris,william.harris@yahoo.com,+1-306-639-1382,1977-01-11,2141 Pine Rd,Phoenix,AZ,85001,US,Operations,suspended,2024-05-02
561c177c-3d8b-086a-5f9d-c36a67c068a3,Steven,Thompson,steven.thompson@icloud.com,+1-361-920-5528,1974-06-05,4001 Lake Dr,San Diego,CA,92101,US,Legal,suspended,2024-06-02
e563a07d-7570-7825-529f-5692c6295554,Mark,Campbell,mark.campbell@hotmail.com,+1-428-597-5128,1994-09-11,9178 Elm St,Jacksonville,FL,32099,US,Sales,active,2024-02-06
cb09378a-753d-34dd-6b57-d09a4a5a4355,David,Perez,david.perez@example.com,+1-806-965-1841,1997-03-16,1349 Lake Dr,Seattle,WA,98101,US,Operations,active,2024-03-28
c2c2d3bc-af86-ebc5-9007-11eb46148c45,Donald,Nguyen,donald.nguyen@example.com,+1-638-435-3655,1987-11-12,3425 Park Blvd,Philadelphia,PA,19101,US,Legal,active,2024-11-28
aa2e97ac-395c-afab-d1e7-1b500f6a9d0b,Emily,Torres,emily.torres@icloud.com,+1-729-447-5410,1966-05-18,624 Lake Dr,Los Angeles,CA,90001,US,Engineering,active,2024-09-09
486a1268-20ff-c695-f0fb-f9d51507a93e,Timothy,Garcia,timothy.garcia@outlook.com,+1-346-524-6240,1992-01-19,7697 Elm St,Denver,CO,80201,US,Finance,suspended,2024-06-03
3f667fc4-b497-3f68-6007-9b3d7b6939aa,Amanda,Gonzalez,amanda.gonzalez@example.com,+1-541-264-5658,1999-01-22,6836 Oak Ave,Nashville,TN,37201,US,HR,active,2024-12-14
05bd72f7-2407-5c74-5aaa-b1f782d8e4dd,Melissa,Hernandez,melissa.hernandez@gmail.com,+1-607-909-5031,1962-09-02,3351 Pine Rd,Dallas,TX,75201,US,Product,active,2024-02-17
2df78554-8572-9173-24d8-23b372e619ec,Joshua,Young,joshua.young@icloud.com,+1-866-491-6723,1968-06-21,9884 Cedar Ln,Indianapolis,IN,46201,US,Finance,suspended,2024-01-10
ce2eaf6f-e262-2ebf-cdf0-533f15c473f1,Michael,Rivera,michael.rivera@icloud.com,+1-593-149-5017,1981-07-29,3316 Cedar Ln,Chicago,IL,60601,US,Engineering,suspended,2024-06-10
dd71e276-cde9-3ee3-a716-caa36b6d7981,Charles,Garcia,charles.garcia@icloud.com,+1-640-155-3961,1971-03-16,261 Cedar Ln,San Jose,CA,95101,US,Marketing,active,2024-08-18
9491f0b6-080a-d1f4-111a-ba38e893c71a,Paul,Brown,paul.brown@example.com,+1-446-525-8954,1990-09-09,6770 Lake Dr,Philadelphia,PA,19101,US,Legal,inactive,2024-08-08
54b0e4d1-4c7d-d780-593d-736f5b69a0a6,Anthony,Perez,anthony.perez@hotmail.com,+1-832-159-4408,1973-12-15,4100 Oak Ave,Fort Worth,TX,76101,US,Operations,active,2024-04-12
61bedea3-23c4-09e8-0cef-00fae6d89aee,Deborah,Mitchell,deborah.mitchell@example.com,+1-839-309-6163,1964-11-02,6087 Cedar Ln,Houston,TX,77001,US,Finance,active,2024-09-20
f239f182-a71d-f9ab-3047-950c3fde82ae,George,Carter,george.carter@yahoo.com,+1-284-310-6983,1991-01-01,1145 Pine Rd,San Antonio,TX,78201,US,Operations,active,2024-12-26
237c3e70-6ea2-57c2-0471-f6f8401a272f,Mary,Robinson,mary.robinson@gmail.com,+1-632-114-7316,1976-11-20,7210 Pine Rd,Phoenix,AZ,85001,US,Marketing,active,2024-11-04
eebb4c06-1b7c-1a9e-283d-60f36fdde26f,Melissa,Martin,melissa.martin2@outlook.com,+1-630-392-5008,1981-06-02,4178 Maple Dr,San Francisco,CA,94102,US,Legal,suspended,2024-08-08
d336aae0-53c2-d225-9118-dbdf6fd0f672,Patricia,Lopez,patricia.lopez@icloud.com,+1-689-272-6650,1962-05-29,2749 Main St,San Jose,CA,95101,US,Sales,active,2024-12-26
1c95870a-c4b6-8b46-764b-fcfe74361bf4,Deborah,White,deborah.white@icloud.com,+1-364-483-9948,1969-04-02,2962 Pine Rd,Nashville,TN,37201,US,Marketing,suspended,2024-11-27
adbf2c7e-6253-ec4f-1522-01b9f3a2843c,Amanda,Nguyen,amanda.nguyen2@outlook.com,+1-942-441-2101,1976-01-26,9568 Pine Rd,Nashville,TN,37201,US,Operations,inactive,2024-11-10
0182fe50-958c-bdac-d31d-56813cfe61bc,Karen,Ramirez,karen.ramirez@outlook.com,+1-230-364-2188,1966-06-23,6069 Maple Dr,Austin,TX,73301,US,HR,active,2024-12-17
0263cf5f-e3fd-030a-7e63-cfbe4172020e,Matthew,Young,matthew.young@icloud.com,+1-270-614-8699,1974-10-24,7997 Elm St,Jacksonville,FL,32099,US,Engineering,active,2024-11-10
7d76b497-6c6b-be96-3a7f-a0afc0e06982,Matthew,Lewis,matthew.lewis@gmail.com,+1-346-876-6631,1990-06-17,729 Maple Dr,Nashville,TN,37201,US,Engineering,active,2024-12-10
a29f76cd-d422-c59b-084e-c551b609b146,Kevin,Jones,kevin.jones@hotmail.com,+1-707-347-5421,2000-05-20,6937 Main St,Indianapolis,IN,46201,US,Finance,active,2024-07-04
20a403ea-9e3a-adfd-9660-34227cc17b10,Joseph,Nelson,joseph.nelson@outlook.com,+1-901-863-2438,1993-06-27,6314 Pine Rd,New York,NY,10001,US,Operations,inactive,2024-06-27
b62d6b68-80b9-fc90-b7b1-dcab2ddee2cf,Elizabeth,Young,elizabeth.young2@outlook.com,+1-882-994-4296,1989-01-18,2057 Park Blvd,San Jose,CA,95101,US,Legal,suspended,2024-06-03
ef7f5900-8564-c133-6429-b70be26f60c9,Daniel,Baker,daniel.baker@gmail.com,+1-720-171-6693,2000-09-11,5875 Lake Dr,Columbus,OH,43085,US,Marketing,active,2024-06-27
fc5b0257-8f47-0da9-6a22-1c696bdec5f0,Anthony,Baker,anthony.baker@hotmail.com,+1-796-408-1706,1998-07-23,9268 Cedar Ln,Chicago,IL,60601,US,Product,active,2024-07-09
1e9236cf-5047-0347-5ed8-d093e1f29d69,Anthony,Green,anthony.green@gmail.com,+1-912-523-2909,1985-07-05,1176 Cedar Ln,Austin,TX,73301,US,Finance,suspended,2024-06-14
82c127cb-131b-9633-ee5c-fbab5f175b50,Richard,Lopez,richard.lopez@yahoo.com,+1-352-482-7470,2000-08-26,9945 Park Blvd,Dallas,TX,75201,US,Marketing,suspended,2024-03-03
bd341081-d87d-7bf1-7377-fab1914839a9,Barbara,Adams,barbara.adams@example.com,+1-519-671-7354,2000-07-12,9499 Lake Dr,Columbus,OH,43085,US,HR,suspended,2024-08-19
9257e288-15d4-8ee8-32bd-08a9bd518fef,Timothy,Allen,timothy.allen@example.com,+1-635-329-1957,1978-04-26,5694 Maple Dr,Nashville,TN,37201,US,Legal,active,2024-05-23
903ae711-d04e-e137-58f8-af4ec30d0b0d,Susan,Harris,susan.harris2@icloud.com,+1-949-180-7913,1968-02-04,4104 Maple Dr,Philadelphia,PA,19101,US,Finance,active,2024-02-05
7ce43aec-1c50-094e-028e-2548c4227968,Donald,Jackson,donald.jackson@hotmail.com,+1-599-308-2768,1992-03-24,9928 Oak Ave,Denver,CO,80201,US,Product,active,2024-08-22
63680eef-cff3-2669-39e9-b2a9588cce05,Michelle,Johnson,michelle.johnson@icloud.com,+1-204-530-3456,1989-12-07,2848 Cedar Ln,Jacksonville,FL,32099,US,Engineering,inactive,2024-04-12
9eceb743-643f-6e6a-5fab-af5c746c0e6b,Anthony,Walker,anthony.walker@yahoo.com,+1-948-396-3723,1981-12-29,9962 Pine Rd,Jacksonville,FL,32099,US,Marketing,active,2024-05-01
c09d1a5d-37ce-f3b9-04ba-331334077faa,Amanda,Williams,amanda.williams@yahoo.com,+1-330-415-9581,1981-01-10,2853 Lake Dr,Philadelphia,PA,19101,US,HR,inactive,2024-04-24
14b379f4-69c4-b61f-d6cc-298d576f3527,Christopher,Rodriguez,christopher.rodriguez@example.com,+1-318-670-9435,1995-04-21,2479 Main St,San Diego,CA,92101,US,Finance,suspended,2024-01-22
69bf8828-fc26-e00b-aa8b-dafb816d6a1a,Margaret,Baker,margaret.baker@example.com,+1-342-777-2099,1974-10-12,9211 Elm St,Denver,CO,80201,US,Finance,active,2024-12-04
cb902e50-7c03-625f-7775-3e37141f43f1,Michael,Adams,michael.adams@yahoo.com,+1-817-130-4425,1994-03-09,6412 Park Blvd,San Francisco,CA,94102,US,Product,inactive,2024-04-13
a66948e1-12d9-ebbd-81d2-80542cd90ba5,Michelle,Campbell,michelle.campbell@icloud.com,+1-452-262-7785,1981-07-15,5348 Pine Rd,San Jose,CA,95101,US,Operations,active,2024-04-07
99e9634a-a9fd-4824-aaf7-c2c12c4bdccf,Carol,Young,carol.young@icloud.com,+1-484-131-4685,1992-03-02,8038 Elm St,Los Angeles,CA,90001,US,Finance,active,2024-11-23
403d2d9f-b5e2-ec2d-27c1-c476336c2624,Richard,Nelson,richard.nelson@example.com,+1-957-451-3066,1989-08-11,7344 Elm St,Houston,TX,77001,US,Product,inactive,2024-02-19
746c1f35-8056-d992-671e-72bc5e80d9bf,Kenneth,Perez,kenneth.perez@gmail.com,+1-768-163-8472,1962-06-12,1099 Maple Dr,San Diego,CA,92101,US,Product,active,2024-03-10
cca06420-28f4-0736-5b04-ab998020982d,Donna,Jackson,donna.jackson@icloud.com,+1-940-713-9279,1963-03-29,3899 Maple Dr,Nashville,TN,37201,US,Engineering,active,2024-06-04
16d9539c-9308-38c1-44ab-d1aa69e55ab5,Sarah,Nguyen,sarah.nguyen2@hotmail.com,+1-451-509-2390,1982-04-12,6689 Elm St,Charlotte,NC,28201,US,Legal,inactive,2024-06-05
53ea0387-a7cf-a32b-9147-78f2d6f557d0,Steven,Hernandez,steven.hernandez@yahoo.com,+1-872-375-1388,1964-11-13,2147 Pine Rd,Fort Worth,TX,76101,US,HR,suspended,2024-05-07
fc9bca74-cf0c-b4d8-d56a-76de7af22f56,Kevin,Mitchell,kevin.mitchell2@outlook.com,+1-619-984-7473,1980-07-18,1259 Cedar Ln,Austin,TX,73301,US,Product,active,2024-11-11
1724b6a7-d9cf-07e7-9526-9ecde5112515,Mary,Roberts,mary.roberts@example.com,+1-914-476-6679,1991-09-19,6559 Lake Dr,Los Angeles,CA,90001,US,Finance,active,2024-04-19
623521fd-3032-6c25-c1b1-84719755c8ee,Brian,Adams,brian.adams2@example.com,+1-215-219-5665,1993-12-12,1425 Maple Dr,Jacksonville,FL,32099,US,Legal,active,2024-07-13
7e231150-87f3-1566-b499-e4e808ca5a76,Michael,Scott,michael.scott@outlook.com,+1-747-142-8181,1978-05-19,2226 Main St,San Diego,CA,92101,US,Sales,active,2024-04-21
02eb8a41-286e-f90a-1112-b0f8f189683d,Amanda,Wilson,amanda.wilson@icloud.com,+1-976-691-7994,1964-06-29,6489 Lake Dr,Seattle,WA,98101,US,Product,active,2024-08-06
80d76c46-400e-78a4-c63b-75c14b94b930,Mary,Gonzalez,mary.gonzalez@example.com,+1-429-484-6924,1970-01-10,6890 Lake Dr,Charlotte,NC,28201,US,Engineering,inactive,2024-11-04
537334ab-db6b-e908-a8cb-54c367d77d7a,Emily,Green,emily.green@example.com,+1-702-924-5702,1975-08-03,3176 Park Blvd,New York,NY,10001,US,Legal,inactive,2024-01-11
40526aad-6478-eb55-136d-d4ff3e760bb2,Thomas,Sanchez,thomas.sanchez@hotmail.com,+1-943-711-1092,1986-12-17,9673 Elm St,San Antonio,TX,78201,US,HR,inactive,2024-09-21
5a91c613-c14b-2bad-0cd1-ed94a93ca126,Paul,Young,paul.young@example.com,+1-729-614-8024,1992-03-27,8746 Oak Ave,San Diego,CA,92101,US,Engineering,active,2024-06-07
20b62ec4-6b69-2546-e1d7-b508d6d09532,Michael,Rodriguez,michael.rodriguez@icloud.com,+1-523-378-9115,1978-12-12,8330 Main St,Philadelphia,PA,19101,US,Engineering,suspended,2024-06-17
d4fcd36d-1f45-3c1f-62d7-cd824b3bcc25,Patricia,Martin,patricia.martin2@gmail.com,+1-523-722-8648,1994-12-20,213 Main St,Chicago,IL,60601,US,Engineering,active,2024-10-22
41f43f35-51fa-54ee-f02c-ddd281a7e180,Patricia,Williams,patricia.williams@hotmail.com,+1-601-551-4797,1983-04-14,5064 Lake Dr,San Antonio,TX,78201,US,HR,active,2024-07-25
35ee5414-1ac9-53d0-46bb-3af69ab8d051,Andrew,Anderson,andrew.anderson@icloud.com,+1-309-688-9702,1984-11-14,5210 Park Blvd,Los Angeles,CA,90001,US,Legal,active,2024-09-08
a9091f18-eeb9-4773-2037-e10a4b360565,Barbara,Miller,barbara.miller@yahoo.com,+1-754-752-5147,1975-09-15,2870 Elm St,New York,NY,10001,US,Marketing,active,2024-02-19
03afc024-bf7c-36cc-dc1d-170e4cdbfa90,Michelle,Williams,michelle.williams3@yahoo.com,+1-791-400-3720,1986-12-19,9461 Pine Rd,Jacksonville,FL,32099,US,Marketing,active,2024-06-19
c2a528e2-3a6f-db21-aee8-e8a2ba8bf26c,Mark,Flores,mark.flores@icloud.com,+1-990-242-5045,1961-08-18,9140 Lake Dr,Denver,CO,80201,US,Product,inactive,2024-07-28
8609e0dd-ba58-7f10-d76f-62d62a5252c8,Margaret,Williams,margaret.williams@example.com,+1-791-427-2163,1997-04-17,3310 Pine Rd,Fort Worth,TX,76101,US,Engineering,active,2024-10-20
b320f238-ab4b-85d4-4a4a-52c14969c421,Donald,Scott,donald.scott@yahoo.com,+1-868-299-1349,1980-09-07,8652 Oak Ave,Seattle,WA,98101,US,Finance,inactive,2024-04-06
d1a65ede-af20-1ad1-df62-8f0b9f9caf6f,Brian,Carter,brian.carter@icloud.com,+1-658-822-1139,1988-06-03,2956 Park Blvd,San Antonio,TX,78201,US,Product,active,2024-09-06
53615570-8d09-d751-1470-b6248f2a61c0,James,Walker,james.walker@gmail.com,+1-320-327-4657,1973-11-09,1728 Oak Ave,Jacksonville,FL,32099,US,Legal,suspended,2024-07-02
97c9522b-124c-3f25-7e48-726673cb3761,Lisa,Lewis,lisa.lewis@hotmail.com,+1-339-821-3208,1997-10-11,547 Cedar Ln,Fort Worth,TX,76101,US,Engineering,active,2024-09-15
e87c4905-c09d-62be-9fce-91c380e428e6,Christopher,Lewis,christopher.lewis@outlook.com,+1-390-343-1211,1976-01-14,3428 Park Blvd,Los Angeles,CA,90001,US,Engineering,inactive,2024-08-16
c276a38d-442b-7a2c-2b74-9593a4b6614f,Dorothy,Walker,dorothy.walker@gmail.com,+1-811-583-3866,1999-02-10,6194 Elm St,Nashville,TN,37201,US,Operations,inactive,2024-02-07
5d0d929c-b2b1-03ab-423e-5555f2b1cb9b,Betty,Jackson,betty.jackson2@icloud.com,+1-297-811-6065,1981-05-19,5184 Cedar Ln,Columbus,OH,43085,US,Legal,active,2024-03-12
84a94794-d2d7-6444-f2fa-7c48cf958494,Mark,Campbell,mark.campbell@outlook.com,+1-744-249-6294,1990-05-30,2286 Park Blvd,San Jose,CA,95101,US,Engineering,active,2024-09-12
e4a5c9c4-79f0-51d3-6eca-b5d0bc5e4371,Michael,Carter,michael.carter@gmail.com,+1-455-906-4804,1974-02-11,8904 Elm St,Houston,TX,77001,US,Marketing,active,2024-08-14
a938866d-0f6e-cf5d-5e46-e609a6257b1d,Charles,Mitchell,charles.mitchell@hotmail.com,+1-623-868-9717,1961-08-30,152 Cedar Ln,Indianapolis,IN,46201,US,Finance,active,2024-10-08
82575b1b-51ee-075a-7c20-4d12c2682e39,Thomas,Ramirez,thomas.ramirez@outlook.com,+1-638-152-5073,1967-12-17,4903 Elm St,Los Angeles,CA,90001,US,Product,active,2024-12-08
f8b8bb20-9fa8-b479-4cf7-9d963e84897c,Susan,Roberts,susan.roberts@icloud.com,+1-568-241-5569,1966-10-05,5260 Lake Dr,Denver,CO,80201,US,Engineering,active,2024-02-11
8910ec5c-313f-b71e-6705-8dfa222b88d5,Lisa,Campbell,lisa.campbell@hotmail.com,+1-756-107-4318,1988-08-13,2723 Pine Rd,San Francisco,CA,94102,US,Sales,inactive,2024-02-13
b02214a6-edff-0b3b-b71b-0d2d2923f2d1,Linda,Nelson,linda.nelson2@icloud.com,+1-723-747-7190,1994-09-02,9503 Lake Dr,Fort Worth,TX,76101,US,HR,inactive,2024-07-24
5833f0f2-8e77-63a6-af3d-58ee3588bdf7,Elizabeth,Wilson,elizabeth.wilson@example.com,+1-867-385-8693,1961-02-06,9180 Lake Dr,Indianapolis,IN,46201,US,Sales,inactive,2024-09-04
f3906c60-9268-c73d-b951-c5ec2dc95107,Andrew,Gonzalez,andrew.gonzalez@gmail.com,+1-487-192-3878,1966-12-14,3653 Maple Dr,Nashville,TN,37201,US,Engineering,inactive,2024-03-12
8075f90e-e953-dea6-1844-5d16bb7aeef7,Jessica,Baker,jessica.baker@icloud.com,+1-569-381-6598,1998-11-30,6031 Pine Rd,Dallas,TX,75201,US,Marketing,suspended,2024-10-06
0d19364d-00eb-f10e-c40c-f33a42e32c21,Christopher,Wright,christopher.wright@icloud.com,+1-437-455-7591,1963-11-02,3681 Main St,San Diego,CA,92101,US,Finance,active,2024-09-05
025283ce-9cc4-7dd8-deff-00844d81faed,Margaret,Walker,margaret.walker@yahoo.com,+1-515-557-9956,1989-12-14,6231 Elm St,Austin,TX,73301,US,Legal,active,2024-07-27
25d38ae0-31d7-ca7c-17a6-1e5123a7f781,Steven,Nguyen,steven.nguyen2@example.com,+1-998-856-7007,1989-05-07,978 Park Blvd,Columbus,OH,43085,US,Sales,suspended,2024-07-18
af6abe30-0cf0-1d6d-62f8-4ed870316939,Christopher,Harris,christopher.harris2@outlook.com,+1-896-636-9818,1973-05-15,2865 Cedar Ln,San Antonio,TX,78201,US,Engineering,suspended,2024-03-28
a3ce8cd6-a6ac-512e-ca9a-c89d99158a3d,Nancy,Wright,nancy.wright@hotmail.com,+1-496-504-8648,1983-05-10,3498 Park Blvd,Philadelphia,PA,19101,US,Finance,active,2024-07-07
285edb02-7816-3f76-1a66-957a0ab8abf0,Jessica,Johnson,jessica.johnson@icloud.com,+1-962-503-3494,1977-05-18,8424 Main St,San Jose,CA,95101,US,Finance,active,2024-12-13
e2e30eef-c86b-71d5-48b3-073acf584f82,Karen,Hill,karen.hill@gmail.com,+1-883-611-5608,1997-01-08,9355 Oak Ave,San Francisco,CA,94102,US,Marketing,inactive,2024-04-09
b69cc4fe-0fa1-d48b-1853-0d8ff15a5c37,Michelle,Rivera,michelle.rivera@yahoo.com,+1-906-200-7360,1970-04-05,6752 Cedar Ln,Los Angeles,CA,90001,US,Product,inactive,2024-03-25
4a444657-1286-e001-4e57-ca0151728688,Barbara,King,barbara.king@outlook.com,+1-968-102-9739,1997-07-19,5428 Lake Dr,Jacksonville,FL,32099,US,Product,active,2024-03-19
146db200-6d4f-2f52-86ec-a9ed4fec41b2,Daniel,Jones,daniel.jones@gmail.com,+1-237-491-7792,1982-12-10,717 Main St,New York,NY,10001,US,Sales,inactive,2024-01-10
55e35bb6-a8fd-c8ef-9ccb-b26b43086251,Anthony,Nguyen,anthony.nguyen@gmail.com,+1-404-623-2735,1979-11-01,6222 Maple Dr,Houston,TX,77001,US,HR,active,2024-02-01
fc9bba52-51c7-71da-49b3-2ce48b5a5b7b,Anthony,Harris,anthony.harris@example.com,+1-681-994-4618,1984-06-23,2417 Oak Ave,Indianapolis,IN,46201,US,Product,active,2024-01-28
927e0655-865b-611b-c631-1c593622333e,Elizabeth,Baker,elizabeth.baker@outlook.com,+1-399-454-5359,2000-03-25,4166 Main St,Phoenix,AZ,85001,US,Legal,active,2024-02-21
2b3f0b1b-0623-6fcc-5ff6-fcdc840c1c13,James,Baker,james.baker@hotmail.com,+1-449-777-1418,1987-08-28,5670 Main St,Philadelphia,PA,19101,US,Product,inactive,2024-08-04
1f3f3f05-c6b5-415e-32fe-cd85a834f687,Thomas,Wright,thomas.wright@outlook.com,+1-711-882-2320,1969-12-22,4174 Lake Dr,San Diego,CA,92101,US,Operations,active,2024-05-24
c228ead2-c0f5-4d3a-4aee-d5062a741f92,Robert,Hernandez,robert.hernandez@icloud.com,+1-792-282-3565,1991-03-05,95 Maple Dr,Seattle,WA,98101,US,Marketing,active,2024-11-06
df78f5e3-70c3-c87f-d841-14801c546341,Patricia,Allen,patricia.allen@icloud.com,+1-601-660-1058,1966-03-22,1970 Maple Dr,Jacksonville,FL,32099,US,Product,suspended,2024-07-06
b6637a23-fca2-52b1-3a5c-7106bc96646a,Lisa,Williams,lisa.williams@outlook.com,+1-339-385-2038,1981-05-28,3796 Pine Rd,Los Angeles,CA,90001,US,Finance,active,2024-04-27
7c810923-2b1b-60e6-c173-57a6bdeb220c,Brian,Carter,brian.carter@yahoo.com,+1-456-714-7511,1962-01-20,2490 Cedar Ln,Jacksonville,FL,32099,US,Finance,suspended,2024-05-10
41c39685-5ad2-de25-649a-a3e6a4719b72,Patricia,Carter,patricia.carter@example.com,+1-415-710-5358,1981-08-12,2530 Elm St,San Diego,CA,92101,US,Engineering,active,2024-04-01
6955c00b-8e7e-fbc3-4998-6f5a1895585b,Dorothy,Clark,dorothy.clark2@example.com,+1-871-351-3097,1996-10-31,9680 Main St,Dallas,TX,75201,US,Operations,active,2024-06-02
55a70768-1b16-3594-a929-97ed7ede2ade,Timothy,Moore,timothy.moore@example.com,+1-798-128-6160,1998-05-08,1932 Maple Dr,San Francisco,CA,94102,US,Finance,inactive,2024-08-06
7874047f-41d4-f2ec-49f7-fdc540cd7029,Michael,Brown,michael.brown@icloud.com,+1-786-807-4792,1981-09-05,9307 Oak Ave,Los Angeles,CA,90001,US,Marketing,inactive,2024-02-16
64fcf169-5b46-84f1-4196-5462b5c436ac,Thomas,Rivera,thomas.rivera@gmail.com,+1-740-795-9259,1968-12-27,4540 Park Blvd,New York,NY,10001,US,Operations,inactive,2024-04-16
0141eaf2-f214-b9e1-6085-811b67a4fdb6,Charles,Roberts,charles.roberts2@outlook.com,+1-653-238-4590,1976-12-21,6452 Park Blvd,Nashville,TN,37201,US,Engineering,active,2024-08-09
6fb50df6-3165-ddc1-0067-07ac8b11337f,Michael,Martinez,michael.martinez@gmail.com,+1-729-708-4452,1964-09-26,8210 Maple Dr,Seattle,WA,98101,US,Operations,active,2024-09-22
c6122daa-3f3f-c276-94b3-827137482c59,Emily,Green,emily.green2@outlook.com,+1-573-219-7588,1973-09-24,299 Maple Dr,New York,NY,10001,US,Product,suspended,2024-12-11
8f8604af-6b32-4323-6e39-1a52eb04173e,Donald,Lewis,donald.lewis@outlook.com,+1-496-672-1840,1990-12-12,3556 Oak Ave,Phoenix,AZ,85001,US,Product,active,2024-07-16
8db09292-a5c4-38cc-d58f-ed9442f9d857,Dorothy,Jones,dorothy.jones@hotmail.com,+1-268-354-6542,1966-09-14,4000 Lake Dr,Austin,TX,73301,US,Product,active,2024-03-20
c34ba458-9fc6-3a31-f4d1-495a358da995,Steven,Anderson,steven.anderson@icloud.com,+1-566-346-7007,1960-07-06,2223 Park Blvd,San Diego,CA,92101,US,Engineering,suspended,2024-11-18
e131a916-77ce-1ad2-d630-d2798f110ea6,Daniel,Gonzalez,daniel.gonzalez@yahoo.com,+1-442-397-1494,1996-02-23,1524 Oak Ave,Nashville,TN,37201,US,HR,suspended,2024-10-16
ac05b7a8-33a2-f3d5-7d4c-360fba3e5b77,George,Martin,george.martin@hotmail.com,+1-869-560-8589,1972-03-19,606 Pine Rd,Austin,TX,73301,US,Engineering,suspended,2024-07-15
fa068c08-63ad-0b29-cab7-1e01d2a84d59,Paul,Jones,paul.jones@icloud.com,+1-544-688-8852,1976-05-09,7385 Cedar Ln,San Jose,CA,95101,US,Product,active,2024-01-22
e89501e5-34a1-ce0c-785b-399a57d6e9fe,Richard,Roberts,richard.roberts@example.com,+1-611-654-2582,1960-12-13,839 Main St,Dallas,TX,75201,US,HR,active,2024-12-22
081d4b79-36ee-84a5-e3f1-b8c447255bc4,Ashley,Lee,ashley.lee@hotmail.com,+1-685-976-3646,1988-09-01,1706 Lake Dr,Nashville,TN,37201,US,Legal,active,2024-11-24
2e588458-766c-8d33-819c-ea5f51fd8598,Margaret,Torres,margaret.torres@icloud.com,+1-437-520-5050,1977-05-14,5050 Oak Ave,Houston,TX,77001,US,Marketing,active,2024-05-18
f0de1e16-1c41-a136-e9b4-79c5eedc02e9,Lisa,Lewis,lisa.lewis2@icloud.com,+1-348-494-6368,1980-02-25,7817 Maple Dr,Columbus,OH,43085,US,Marketing,suspended,2024-03-27
9fb0e105-8fed-26f0-c215-74c27d944ada,Deborah,Nguyen,deborah.nguyen@gmail.com,+1-856-968-9749,1998-02-08,8338 Elm St,Philadelphia,PA,19101,US,Sales,active,2024-10-22
19946532-4acd-d84c-87a2-d227a35f7e9f,Emily,Jones,emily.jones@icloud.com,+1-936-812-6696,1961-02-27,9180 Elm St,Fort Worth,TX,76101,US,Operations,active,2024-08-23
340508d4-6a94-6bbe-e632-0dfc74aaed03,Joseph,Brown,joseph.brown@example.com,+1-326-642-6257,1969-08-15,6037 Park Blvd,Dallas,TX,75201,US,Legal,active,2024-08-27
d8eedee8-ec05-f6c6-b5c1-aabf8c24ce0e,Linda,Ramirez,linda.ramirez@icloud.com,+1-297-377-6004,1971-06-14,38 Main St,Dallas,TX,75201,US,Engineering,active,2024-01-26
feaeb06e-dc88-1d5f-c633-a2df3d0a841d,Mark,White,mark.white@hotmail.com,+1-325-152-7927,1966-09-07,5118 Main St,Los Angeles,CA,90001,US,Legal,suspended,2024-08-06
a966afd1-80d8-6fab-8fd3-2e1bbba4585f,Emily,Clark,emily.clark2@icloud.com,+1-538-867-6005,1967-12-01,2521 Lake Dr,Philadelphia,PA,19101,US,Finance,active,2024-05-19
1d6a9274-5ff5-1e59-dd21-a9f1e568bdb7,Amanda,Young,amanda.young@icloud.com,+1-857-710-8871,1966-09-10,3194 Park Blvd,Nashville,TN,37201,US,Product,active,2024-05-15
f0a52b57-fa76-bb7b-b3c6-6ba18f6f4f87,George,White,george.white@icloud.com,+1-883-844-4987,1997-07-07,7936 Oak Ave,Charlotte,NC,28201,US,Engineering,active,2024-04-19
cbccdf6a-0e1d-e0be-9710-31ceb6c53b98,Melissa,Hall,melissa.hall2@yahoo.com,+1-640-809-9119,1989-01-17,7530 Oak Ave,Jacksonville,FL,32099,US,Operations,active,2024-12-13
b35d250c-3972-39c3-edaa-bee14a1b157f,James,Roberts,james.roberts@example.com,+1-220-363-2003,1981-04-30,2586 Elm St,Houston,TX,77001,US,Product,active,2024-01-10
77004b05-7e84-1271-d8c2-ccf26597af91,Linda,Gonzalez,linda.gonzalez@gmail.com,+1-560-251-8869,1990-08-06,10 Lake Dr,Columbus,OH,43085,US,Marketing,active,2024-08-19
bdc52126-3686-9069-6e12-ceb2706773cb,Amanda,Mitchell,amanda.mitchell2@example.com,+1-533-109-7724,1964-08-07,4844 Maple Dr,Charlotte,NC,28201,US,Legal,active,2024-10-24
19c6efa4-a10b-0752-8c39-dec5830022d1,Joshua,Johnson,joshua.johnson@example.com,+1-698-836-7671,1969-06-13,7568 Park Blvd,San Jose,CA,95101,US,Sales,active,2024-08-02
a3edf3b3-6571-bc7f-1265-9624f364ae2c,Barbara,Mitchell,barbara.mitchell@outlook.com,+1-437-688-2093,1971-01-22,5220 Pine Rd,San Jose,CA,95101,US,Product,active,2024-08-05
e42e3418-fd23-ebb5-77a7-1389ce90ecde,Lisa,Clark,lisa.clark@gmail.com,+1-724-261-1734,1977-03-22,3346 Park Blvd,San Jose,CA,95101,US,Engineering,inactive,2024-12-04
649331db-2f4d-f410-d02a-071ba9c27781,Christopher,Rivera,christopher.rivera@example.com,+1-266-343-5216,1961-06-21,484 Lake Dr,Jacksonville,FL,32099,US,Finance,active,2024-03-05
f85b2a42-67ec-013b-6f78-22657065c010,Deborah,Baker,deborah.baker@gmail.com,+1-530-393-1069,1977-03-21,5314 Cedar Ln,Columbus,OH,43085,US,Sales,active,2024-03-21
3942042b-55be-a17e-38a4-250d470ceccd,Michelle,Davis,michelle.davis@example.com,+1-918-270-9201,1985-05-09,7117 Oak Ave,Columbus,OH,43085,US,Legal,suspended,2024-11-01
73fd507c-553a-fcaf-f41d-401108329b86,Nancy,Scott,nancy.scott@gmail.com,+1-429-291-2896,1983-04-18,3664 Park Blvd,San Diego,CA,92101,US,Legal,suspended,2024-11-18
1c36f45c-68a4-9e85-2225-65155f4e616b,Matthew,Jackson,matthew.jackson2@outlook.com,+1-522-222-1494,1997-04-30,7217 Main St,Austin,TX,73301,US,Operations,active,2024-08-01
7e225f21-8817-1be6-6602-a2078fe7b2b7,Nancy,Hernandez,nancy.hernandez@icloud.com,+1-473-396-2517,1961-08-14,2076 Cedar Ln,Jacksonville,FL,32099,US,Operations,suspended,2024-10-27
51661222-ef04-ccb9-eeca-81bf2c5faca2,Brian,Wright,brian.wright2@icloud.com,+1-774-506-3465,1989-06-01,6540 Cedar Ln,Columbus,OH,43085,US,Operations,inactive,2024-01-02
165f5ad9-5dbf-93ba-101a-c7525888dee6,Matthew,Adams,matthew.adams@yahoo.com,+1-694-919-8319,1989-11-07,5952 Oak Ave,Austin,TX,73301,US,Finance,inactive,2024-09-09
cd78327c-744f-c942-2c33-54edfab09e92,Emily,Perez,emily.perez@yahoo.com,+1-402-373-5115,1997-06-17,5477 Main St,Chicago,IL,60601,US,Marketing,suspended,2024-08-14
658edb83-16d4-7a4e-c367-400b6ab8715a,Brian,Hernandez,brian.hernandez3@gmail.com,+1-483-799-7171,1972-01-22,1261 Elm St,San Antonio,TX,78201,US,Sales,inactive,2024-06-08
0a042b4e-731c-67d0-c616-7a53e0f58246,Barbara,Martinez,barbara.martinez@yahoo.com,+1-959-792-9356,2000-07-02,1553 Main St,Dallas,TX,75201,US,Marketing,active,2024-09-23
45c090e9-8905-c183-8ef1-56c19d8c65d1,Michael,Hernandez,michael.hernandez@icloud.com,+1-244-892-5113,1963-03-30,4035 Lake Dr,Charlotte,NC,28201,US,HR,suspended,2024-11-25
83ec6eda-66df-a3f5-e4ed-03eb22c1282e,Michelle,Campbell,michelle.campbell@example.com,+1-312-599-5091,1996-04-23,136 Main St,Houston,TX,77001,US,Engineering,active,2024-09-18
8203a29d-fd3f-9dff-e8b9-5d69a785bd5e,Emily,Hill,emily.hill@gmail.com,+1-242-659-2978,1998-04-02,4388 Main St,Austin,TX,73301,US,Finance,active,2024-05-23
b8c2282e-b1e3-88e1-1cc0-14e3bdb7189b,Mary,Perez,mary.perez@gmail.com,+1-249-447-7171,1997-08-17,3627 Elm St,Seattle,WA,98101,US,Product,suspended,2024-10-02
6a330766-b39f-af31-6932-d92a18e2f947,Kenneth,Lopez,kenneth.lopez@gmail.com,+1-782-410-7848,1963-01-27,362 Maple Dr,San Diego,CA,92101,US,Marketing,active,2024-05-14
af77cf11-b4a5-a809-2626-fd0c1d606084,Mark,Ramirez,mark.ramirez@outlook.com,+1-941-844-6680,1982-09-07,9274 Cedar Ln,Phoenix,AZ,85001,US,Product,active,2024-01-15
e6c5a9fa-95b4-a962-4372-1a34d6d58607,Sarah,Flores,sarah.flores3@icloud.com,+1-906-841-6259,1995-02-21,9812 Oak Ave,Seattle,WA,98101,US,Sales,inactive,2024-01-28
427cc907-d7ea-f3b5-b957-a6e9143ba27c,Emily,Martinez,emily.martinez@gmail.com,+1-962-543-7052,1970-01-19,6837 Elm St,San Diego,CA,92101,US,Legal,active,2024-07-13
931f8100-fadf-8abd-4910-996605cfa3fa,Daniel,Young,daniel.young@icloud.com,+1-838-453-1939,1969-06-20,4968 Cedar Ln,Houston,TX,77001,US,Product,active,2024-11-04
b95f45e0-e029-d295-24e8-315162b7f150,Betty,Moore,betty.moore2@outlook.com,+1-923-677-6291,1983-09-13,3114 Maple Dr,Los Angeles,CA,90001,US,Sales,active,2024-01-16
eab6f29d-1812-0844-4132-426262b34855,Barbara,Moore,barbara.moore2@example.com,+1-390-523-2617,1981-12-11,3565 Elm St,Seattle,WA,98101,US,Operations,inactive,2024-05-11
daf10b0d-52aa-5cbf-b015-949a0369035a,Paul,Sanchez,paul.sanchez@gmail.com,+1-716-304-5020,1993-06-16,5117 Main St,San Francisco,CA,94102,US,Finance,active,2024-05-21
8bb4adb6-9089-86c4-5a55-b4ad87c85686,Sarah,Martinez,sarah.martinez@example.com,+1-722-227-3817,1983-02-06,249 Park Blvd,Indianapolis,IN,46201,US,Product,active,2024-07-20
755f34f4-f3ad-ea7d-245e-ceeccf6b9550,Richard,Lopez,richard.lopez@outlook.com,+1-646-804-3674,1978-08-09,2276 Cedar Ln,Nashville,TN,37201,US,Product,suspended,2024-04-03
34b34319-884c-e544-1f6d-9530411ae887,Elizabeth,Walker,elizabeth.walker@outlook.com,+1-827-857-6642,2000-08-18,5558 Lake Dr,San Diego,CA,92101,US,Engineering,active,2024-03-17
6ba58bb6-06d8-27c7-f921-00a7ad8dbb7a,Mary,Garcia,mary.garcia@hotmail.com,+1-333-677-5852,1963-08-14,5946 Main St,Indianapolis,IN,46201,US,Sales,inactive,2024-11-25
36ab058a-aabc-f909-5d60-89eac6e5de42,Andrew,Jackson,andrew.jackson@outlook.com,+1-484-197-5618,1970-01-05,4043 Oak Ave,Charlotte,NC,28201,US,Engineering,active,2024-03-08
6d4cbce2-bf98-1b28-a9b9-0a4ed685cd6f,Melissa,Hall,melissa.hall2@gmail.com,+1-679-977-1818,1979-05-05,6956 Park Blvd,San Francisco,CA,94102,US,Legal,active,2024-08-16
a97025f7-1458-58bc-18fb-d8b3ed3d5de3,Michelle,Green,michelle.green@yahoo.com,+1-262-402-1025,1991-12-16,9033 Cedar Ln,Los Angeles,CA,90001,US,HR,active,2024-12-15
726c53f0-8bd7-82de-a475-0b7e15be2848,Kimberly,Lopez,kimberly.lopez@hotmail.com,+1-680-828-8793,1995-07-17,5666 Cedar Ln,New York,NY,10001,US,Finance,active,2024-03-05
20ce5ad0-4380-61a5-2249-655d21322b90,Christopher,Wilson,christopher.wilson@icloud.com,+1-568-882-9069,1987-08-18,7814 Lake Dr,San Diego,CA,92101,US,Sales,inactive,2024-08-09
a88ae43a-1b4d-765d-fec0-6c002a33f86c,Nancy,Lewis,nancy.lewis@example.com,+1-733-638-6640,1962-02-23,3059 Oak Ave,Austin,TX,73301,US,Marketing,active,2024-09-10
d3bd2099-951a-8375-3af4-7a1a87ffa8f6,Margaret,Williams,margaret.williams@yahoo.com,+1-605-828-9752,1968-07-03,8015 Pine Rd,Fort Worth,TX,76101,US,Sales,active,2024-12-26
e2690400-b123-4525-a037-fd67b024c758,Kevin,Jackson,kevin.jackson2@hotmail.com,+1-801-890-5040,2000-05-19,6038 Pine Rd,Austin,TX,73301,US,Legal,inactive,2024-01-13
572010a8-86b6-a677-2d7b-02b096f96766,Andrew,Hall,andrew.hall@example.com,+1-447-233-1894,1990-08-12,2462 Elm St,San Diego,CA,92101,US,HR,inactive,2024-02-28
bf02676c-6958-ade0-4a31-1006f343eaa7,Anthony,Rivera,anthony.rivera2@example.com,+1-655-760-8409,1986-07-23,8608 Oak Ave,Indianapolis,IN,46201,US,Product,active,2024-12-14
c7bfa500-4a63-361f-b7f9-3b2d9e4f7a00,Melissa,Garcia,melissa.garcia@yahoo.com,+1-852-435-3212,1974-08-09,1060 Oak Ave,Denver,CO,80201,US,Operations,inactive,2024-03-08
36b93fd0-75eb-9ab1-47e1-7f609e67e453,Kenneth,Perez,kenneth.perez@example.com,+1-706-599-7922,1963-12-02,2256 Park Blvd,Los Angeles,CA,90001,US,Finance,suspended,2024-10-13
91f81fad-76fa-eea1-add0-bd167e53b386,Daniel,Jackson,daniel.jackson@icloud.com,+1-287-824-8842,1999-05-18,9077 Maple Dr,Nashville,TN,37201,US,Sales,active,2024-01-18
4169ed13-be0a-f8f5-18f0-56ac07b873ee,Amanda,Adams,amanda.adams@gmail.com,+1-382-616-7681,1995-05-23,6820 Main St,New York,NY,10001,US,Product,active,2024-06-03
952b3d41-ddf6-6267-40dc-13d01b90eccb,Christopher,Young,christopher.young@outlook.com,+1-985-872-1700,1975-04-05,9258 Park Blvd,Denver,CO,80201,US,Legal,active,2024-11-23
a193ddee-43e2-1f13-b692-7bad00668ea0,Kevin,Smith,kevin.smith@example.com,+1-561-627-8925,1960-05-09,3005 Pine Rd,San Francisco,CA,94102,US,Sales,active,2024-08-28
a8c34c48-b42a-4c93-597d-7baa6c6d0ff6,Carol,Adams,carol.adams@outlook.com,+1-331-734-5872,1977-09-04,8459 Cedar Ln,Denver,CO,80201,US,Engineering,active,2024-02-15
a70c8662-2e17-315e-105e-c2cc54f6929b,Linda,Nguyen,linda.nguyen@hotmail.com,+1-422-985-5194,1993-04-29,3370 Cedar Ln,Phoenix,AZ,85001,US,Operations,active,2024-07-15
e73826f3-402d-4547-3671-ed3e71bc2a9e,Nancy,Baker,nancy.baker2@hotmail.com,+1-939-905-3131,1982-04-29,6358 Elm St,Indianapolis,IN,46201,US,Legal,active,2024-01-07
996976f6-7006-c5bf-971d-2da3a5a57309,Kevin,Jones,kevin.jones@gmail.com,+1-294-362-1016,1991-10-18,7706 Lake Dr,San Jose,CA,95101,US,Marketing,active,2024-09-01
43a2a3ef-d7a5-7efd-7b3b-04020904dc26,Anthony,Garcia,anthony.garcia2@example.com,+1-603-502-7755,1986-10-01,9900 Lake Dr,Denver,CO,80201,US,HR,inactive,2024-03-26
c49eb279-4a32-5c9d-2b97-5bb1ef8c2e3d,Melissa,Garcia,melissa.garcia@hotmail.com,+1-435-477-7390,1993-09-03,6934 Cedar Ln,Houston,TX,77001,US,Engineering,active,2024-03-12
5cc6b496-e232-1d9e-24f7-eb83b712aa92,Timothy,Gonzalez,timothy.gonzalez@hotmail.com,+1-533-644-8298,1976-09-03,6222 Lake Dr,Denver,CO,80201,US,Finance,active,2024-12-01
b0465056-85c8-955a-2d05-003c7fccd32c,Donald,Scott,donald.scott3@gmail.com,+1-429-768-5874,1989-08-28,7558 Park Blvd,Los Angeles,CA,90001,US,HR,inactive,2024-12-22
a3963941-b29a-73ea-9c01-315142a38d04,Robert,Lopez,robert.lopez@example.com,+1-822-309-7633,1963-12-15,3876 Oak Ave,Fort Worth,TX,76101,US,Product,active,2024-08-11
09cabe14-c315-f084-de13-b9b294810f80,Betty,Hall,betty.hall2@outlook.com,+1-797-426-2042,1970-01-01,9915 Elm St,Dallas,TX,75201,US,Product,inactive,2024-04-01
1e3d208e-ecf2-dd0f-b604-849b2524d287,Patricia,Adams,patricia.adams@hotmail.com,+1-255-467-2265,1977-06-30,6371 Pine Rd,San Antonio,TX,78201,US,Engineering,inactive,2024-09-15
805daf2d-e8d4-dde8-d6da-c7e54ceaf1b6,Melissa,Rivera,melissa.rivera@example.com,+1-310-192-4350,1999-01-28,5963 Cedar Ln,Los Angeles,CA,90001,US,Legal,active,2024-10-14
94abb358-5120-8bbb-987f-9999cd43a1ab,Nancy,Hernandez,nancy.hernandez@hotmail.com,+1-967-657-7431,1994-05-02,7220 Lake Dr,Philadelphia,PA,19101,US,Legal,active,2024-06-12
16d3f5d5-7965-63c6-0974-7276c5324c46,Karen,King,karen.king@icloud.com,+1-386-810-7294,1992-01-14,9978 Oak Ave,Denver,CO,80201,US,Operations,active,2024-12-18
378629df-3f4e-35ce-92e9-d58c20963d9e,Elizabeth,Walker,elizabeth.walker@gmail.com,+1-994-812-2718,1989-06-18,3476 Maple Dr,Los Angeles,CA,90001,US,Product,suspended,2024-10-07
c2021b52-6f3f-3f76-3fed-3d7910787df6,Donald,Taylor,donald.taylor@hotmail.com,+1-758-964-9777,1967-01-09,4705 Oak Ave,New York,NY,10001,US,Operations,inactive,2024-08-03
b34c693c-2c3b-6afa-4412-dc0386bba566,Brian,Rodriguez,brian.rodriguez2@example.com,+1-840-761-7134,1963-01-09,1035 Elm St,Nashville,TN,37201,US,Product,active,2024-08-14
b156240e-3859-6d16-27b7-28b928111ac2,Kevin,White,kevin.white@outlook.com,+1-577-470-3124,1986-11-30,8959 Elm St,Seattle,WA,98101,US,Legal,active,2024-07-07
2d65e1e7-b6a7-cccd-dea9-3051c73b7b63,James,Nelson,james.nelson@yahoo.com,+1-822-328-4859,1984-07-14,5847 Maple Dr,Phoenix,AZ,85001,US,Legal,suspended,2024-10-16
a61f829c-993f-9b16-e7cb-95facd864944,Michael,White,michael.white@example.com,+1-619-407-8936,1975-09-25,2567 Park Blvd,San Antonio,TX,78201,US,HR,inactive,2024-05-14
e59906f1-26a0-c38c-af38-01e174714678,Sarah,Baker,sarah.baker@outlook.com,+1-732-351-2682,1961-07-08,161 Oak Ave,Austin,TX,73301,US,Operations,active,2024-09-18
ef803c47-d19e-80a5-4f7c-dde9bd72e7d0,Patricia,Wright,patricia.wright@hotmail.com,+1-559-868-1418,1978-01-30,5545 Oak Ave,Austin,TX,73301,US,Engineering,active,2024-09-01
7c8a12f5-6ba3-bc80-d2dd-e38aae30d8de,Michael,Smith,michael.smith@icloud.com,+1-808-603-5259,1999-11-28,4156 Lake Dr,Seattle,WA,98101,US,Product,active,2024-10-07
6254313a-d47f-de4e-31a0-e718607e5719,Mark,Wright,mark.wright@example.com,+1-849-402-7367,1979-02-22,5415 Cedar Ln,Seattle,WA,98101,US,Finance,active,2024-05-27
f3e25e1f-32d9-982a-3a97-4750f95c720c,Mark,Lewis,mark.lewis@outlook.com,+1-691-691-3423,1978-04-27,2560 Park Blvd,Denver,CO,80201,US,Sales,suspended,2024-02-20
8ca6790d-34ec-a6ca-4a48-93977c23ee89,Robert,Thompson,robert.thompson@gmail.com,+1-854-610-5012,1969-10-21,4724 Elm St,Philadelphia,PA,19101,US,Engineering,active,2024-03-04
792621be-40a3-bd80-00ff-e894a2262e37,Joshua,Jackson,joshua.jackson@gmail.com,+1-333-869-7827,2000-09-28,433 Lake Dr,Austin,TX,73301,US,Product,active,2024-10-03
68e16e19-f861-becc-f9fc-57503c7a6960,Sarah,Thompson,sarah.thompson@icloud.com,+1-586-116-9726,1980-03-23,5196 Oak Ave,Indianapolis,IN,46201,US,Marketing,inactive,2024-05-16
a5426194-70f3-d0fb-9d2e-f2a83479f386,George,Anderson,george.anderson@hotmail.com,+1-741-639-6735,1976-05-13,8585 Lake Dr,Columbus,OH,43085,US,HR,suspended,2024-12-20
ccbefa23-1cfc-bd1d-3ea7-4ccc1dd0e0e4,Carol,Baker,carol.baker@outlook.com,+1-846-726-9769,1980-04-21,4148 Pine Rd,Jacksonville,FL,32099,US,HR,suspended,2024-07-03
7a3b94f3-403f-db3e-7a98-aaad56c542c5,Margaret,Thomas,margaret.thomas@icloud.com,+1-688-594-5549,1968-02-14,3884 Lake Dr,Austin,TX,73301,US,Sales,active,2024-03-08
d0980e6f-e707-ed91-622c-47585e8346d9,Steven,Moore,steven.moore2@icloud.com,+1-274-904-2333,1979-12-07,8984 Lake Dr,Charlotte,NC,28201,US,Operations,active,2024-08-19
0a5d94e8-983a-e726-d060-b6922ff9632f,Kevin,Wright,kevin.wright@yahoo.com,+1-854-897-1466,1992-10-07,979 Elm St,Phoenix,AZ,85001,US,Engineering,active,2024-05-12
48cd4a2d-5d44-1b28-8cef-7ab9527420a1,Melissa,Davis,melissa.davis2@hotmail.com,+1-233-430-2100,1977-01-13,9366 Cedar Ln,San Diego,CA,92101,US,HR,active,2024-03-10
9c2d65ce-303d-dadd-227d-bc8ffb0d8db6,Anthony,Rodriguez,anthony.rodriguez@example.com,+1-439-352-1906,1964-08-16,6659 Elm St,Indianapolis,IN,46201,US,Finance,active,2024-06-26
d2377811-e827-0f6c-eec5-9661505321a6,Richard,Rivera,richard.rivera2@outlook.com,+1-799-786-9875,1981-03-09,330 Park Blvd,Nashville,TN,37201,US,Sales,suspended,2024-03-24
7d21b934-8f65-59e4-7d76-5345867d28bc,Amanda,Davis,amanda.davis@icloud.com,+1-982-744-6328,1960-01-02,7712 Maple Dr,Fort Worth,TX,76101,US,Legal,active,2024-08-28
a4276689-94bf-5286-3830-a7cf74a5e6b0,Margaret,Thomas,margaret.thomas@gmail.com,+1-727-842-5051,1981-01-11,7166 Park Blvd,Denver,CO,80201,US,Product,active,2024-10-16
f9e084ed-55c1-082f-ee10-15e4536e64a7,Kevin,Torres,kevin.torres@hotmail.com,+1-211-909-1905,1996-05-08,4790 Pine Rd,San Francisco,CA,94102,US,Operations,active,2024-08-23
fd55a15a-bab5-9d8f-f917-a8b2e50c12f4,William,Hill,william.hill@hotmail.com,+1-991-858-1445,1987-05-09,1339 Main St,Philadelphia,PA,19101,US,Legal,suspended,2024-04-23
2888e146-844c-9783-72da-02d025d0bd74,Elizabeth,Hall,elizabeth.hall@yahoo.com,+1-553-396-7321,1975-12-15,3893 Main St,Fort Worth,TX,76101,US,Operations,suspended,2024-05-22
712bf082-7574-c1a7-1153-fc0a1efe3f3d,Jennifer,Mitchell,jennifer.mitchell@outlook.com,+1-527-308-8246,1982-06-03,2697 Pine Rd,Columbus,OH,43085,US,Operations,suspended,2024-02-23
01d4511d-4ddd-51c2-8035-5d33abd774e5,Emily,Scott,emily.scott@hotmail.com,+1-706-437-6167,1982-09-12,3285 Main St,Los Angeles,CA,90001,US,Operations,active,2024-12-13
ded45a9d-3788-678f-8585-db006ff80ca1,Lisa,Flores,lisa.flores@example.com,+1-834-479-1544,1966-05-14,7430 Main St,Indianapolis,IN,46201,US,Operations,active,2024-04-28
20e4d563-c78c-22c6-1098-6d742e821934,John,Clark,john.clark@icloud.com,+1-747-209-6203,1980-02-12,6360 Cedar Ln,Columbus,OH,43085,US,Legal,active,2024-03-16
c55a2ab3-8e86-e72e-d070-db0ee09ea49d,Dorothy,Perez,dorothy.perez@yahoo.com,+1-359-214-5731,1985-07-13,9397 Maple Dr,Charlotte,NC,28201,US,HR,active,2024-04-16
31351389-b040-df3a-6d15-22a1e2e8d232,Michael,Walker,michael.walker@yahoo.com,+1-779-136-9670,1999-01-23,6095 Cedar Ln,New York,NY,10001,US,Engineering,inactive,2024-09-09
edca1574-8411-666d-c351-47f7eef3dd4e,Carol,Allen,carol.allen@yahoo.com,+1-326-533-8258,1994-11-30,2653 Cedar Ln,Columbus,OH,43085,US,Product,inactive,2024-06-22
5992c94c-ef1c-dd65-fee5-08665f13a3f0,Anthony,Williams,anthony.williams@hotmail.com,+1-777-464-8354,1981-07-25,3990 Elm St,Indianapolis,IN,46201,US,HR,active,2024-01-11
5a9215f1-217e-a378-a8b0-4733e673b55b,Melissa,Carter,melissa.carter@example.com,+1-212-400-1640,1981-08-05,2931 Elm St,Charlotte,NC,28201,US,Marketing,active,2024-11-18
80fc5ba8-7c03-a8d3-57b5-6faa36132f0b,Christopher,Lee,christopher.lee@icloud.com,+1-498-874-6894,1966-10-14,7744 Maple Dr,Charlotte,NC,28201,US,Engineering,suspended,2024-01-05
7787bf68-ca09-a293-0f2c-22865eae6541,Charles,Davis,charles.davis@gmail.com,+1-952-881-5963,1963-11-04,9501 Cedar Ln,San Jose,CA,95101,US,Marketing,inactive,2024-07-01
160379b4-1d55-26af-d277-9fe5ae3750ce,Dorothy,Nelson,dorothy.nelson@gmail.com,+1-551-750-7008,1994-05-20,6266 Park Blvd,Columbus,OH,43085,US,Marketing,active,2024-11-10
0ac68dc0-0b87-a9be-5b36-13dea787130c,Mary,Rivera,mary.rivera@outlook.com,+1-242-992-6109,1989-10-06,5501 Pine Rd,Charlotte,NC,28201,US,Engineering,suspended,2024-10-05
9f7aff61-9218-09c9-e44f-5eafdfc7a9fb,William,Green,william.green@hotmail.com,+1-898-138-7298,1978-03-21,5082 Pine Rd,New York,NY,10001,US,Finance,active,2024-07-21
c9dbd387-39aa-eb92-ad80-c22eeb99b830,Daniel,Mitchell,daniel.mitchell2@example.com,+1-871-503-4459,1961-10-29,9215 Cedar Ln,San Francisco,CA,94102,US,Product,active,2024-08-05
18e741ea-be69-b262-ea92-ed68828e8496,David,Martin,david.martin@outlook.com,+1-696-139-9584,1994-08-05,3620 Cedar Ln,Austin,TX,73301,US,Operations,active,2024-05-28
c88ebb9f-df39-4722-a2d4-4592a59b7d72,Michelle,Nelson,michelle.nelson@yahoo.com,+1-827-745-7667,1972-03-16,6577 Cedar Ln,Dallas,TX,75201,US,Engineering,active,2024-12-02
04a753fc-8c7c-62f0-b5c6-2bccf2b7cb0c,Thomas,Thompson,thomas.thompson@yahoo.com,+1-479-818-9908,2000-09-10,6835 Lake Dr,Denver,CO,80201,US,Sales,active,2024-02-10
908b8531-0d09-ba27-7001-f96fbd1e1745,James,Baker,james.baker@icloud.com,+1-793-614-8337,1964-11-28,3454 Oak Ave,Fort Worth,TX,76101,US,Legal,active,2024-10-17
e4b0796b-390e-8d14-1a47-17ac8f9a7495,Linda,Sanchez,linda.sanchez@hotmail.com,+1-218-335-9938,2000-11-12,4818 Park Blvd,Seattle,WA,98101,US,Marketing,active,2024-09-04
68aaa4f9-ed6f-576f-42d8-0add5354f30f,Nancy,Brown,nancy.brown@gmail.com,+1-594-257-7057,1971-04-28,7196 Cedar Ln,Fort Worth,TX,76101,US,Marketing,active,2024-06-08
65089414-73d2-5793-8025-eb3697efdfbe,Anthony,Miller,anthony.miller@yahoo.com,+1-376-888-3650,1978-01-19,9569 Elm St,Charlotte,NC,28201,US,Legal,suspended,2024-05-16
816fc614-a5c6-a74b-9066-d2c3a180b2af,Sarah,White,sarah.white@gmail.com,+1-831-902-8394,1962-09-08,1962 Lake Dr,Seattle,WA,98101,US,Finance,active,2024-02-25
2c284830-471a-4ceb-e4d0-7cd8096d3904,Lisa,Roberts,lisa.roberts@hotmail.com,+1-591-946-2351,1979-01-12,4343 Pine Rd,Houston,TX,77001,US,Legal,active,2024-07-11
48af9003-42e0-5a09-6e1d-adaa2f736fd9,John,Taylor,john.taylor@outlook.com,+1-553-798-9195,1976-08-05,2351 Park Blvd,Houston,TX,77001,US,HR,active,2024-05-03
d15b6ac2-baf4-898d-ee99-4e2f381d268d,Kevin,Baker,kevin.baker@icloud.com,+1-674-671-1729,1997-06-19,4167 Lake Dr,Houston,TX,77001,US,Product,active,2024-01-20
53446b19-ee4f-f59e-6465-b541981f6add,Richard,Scott,richard.scott@yahoo.com,+1-953-268-6119,1971-01-22,2845 Lake Dr,Charlotte,NC,28201,US,Product,active,2024-12-26
c34d627f-d848-9d22-42f3-99bb6fc247ed,Ashley,Jackson,ashley.jackson@example.com,+1-476-103-3791,1973-12-13,7133 Oak Ave,Houston,TX,77001,US,Finance,active,2024-04-10
24b471e7-328c-8b86-8e96-ac561618a0fc,Barbara,Lee,barbara.lee@outlook.com,+1-640-837-3497,1977-04-15,1447 Cedar Ln,Austin,TX,73301,US,HR,active,2024-12-12
21ed17e4-ee02-fe41-45ee-7f095a00a3e5,Daniel,Jones,daniel.jones2@gmail.com,+1-843-470-3316,1989-12-02,7885 Elm St,Denver,CO,80201,US,Engineering,active,2024-07-18
868d2c9b-e076-eab8-a5b0-eca4461c5e81,Steven,Green,steven.green@gmail.com,+1-376-813-1216,2000-08-01,7187 Maple Dr,San Francisco,CA,94102,US,Legal,active,2024-03-13
9e491eef-a815-4f36-2f30-4dd5a9f93896,Richard,Wilson,richard.wilson@outlook.com,+1-416-600-9675,1991-01-20,1726 Cedar Ln,Los Angeles,CA,90001,US,Sales,inactive,2024-08-06
7278de08-72e6-373a-2018-863d68d02a04,Mark,Thomas,mark.thomas@yahoo.com,+1-938-539-8192,1999-05-27,4775 Park Blvd,Phoenix,AZ,85001,US,Operations,suspended,2024-09-28
7243ef08-f833-3653-8994-e7d262827ba8,Linda,Nguyen,linda.nguyen@example.com,+1-855-823-8500,1994-03-12,4821 Maple Dr,San Jose,CA,95101,US,HR,active,2024-10-20
7eb212b7-e283-effc-a31f-f2e958b95614,Richard,Jones,richard.jones2@yahoo.com,+1-360-987-7607,1981-12-07,6699 Pine Rd,Columbus,OH,43085,US,Engineering,active,2024-04-13
30fee952-0820-acc5-2fcd-3efcc364c6ff,Michelle,Ramirez,michelle.ramirez@hotmail.com,+1-277-506-3022,1969-05-21,3382 Oak Ave,San Francisco,CA,94102,US,Legal,inactive,2024-10-01
38bb5034-88b4-fdb1-ae3b-0ab28df8d56c,Lisa,Thomas,lisa.thomas@outlook.com,+1-393-304-2668,1969-04-20,5225 Oak Ave,Los Angeles,CA,90001,US,Engineering,active,2024-07-13
0eee21c3-89a9-b21c-229a-a1476c62487f,Sarah,Wright,sarah.wright2@gmail.com,+1-322-992-4638,1971-03-12,8205 Elm St,Philadelphia,PA,19101,US,Finance,active,2024-02-12
18209669-e8ba-0777-8b4f-36e87be901d4,Sarah,Roberts,sarah.roberts@example.com,+1-568-596-5031,1985-04-09,4262 Oak Ave,San Diego,CA,92101,US,Operations,suspended,2024-02-01
3c558ee2-2ef0-04a7-d895-8c166b94c953,Carol,Harris,carol.harris@hotmail.com,+1-932-489-6787,1982-06-07,977 Pine Rd,New York,NY,10001,US,Product,active,2024-03-14
a39be4bc-8d5c-a266-7e94-b9bcf3b0339b,Michelle,Lopez,michelle.lopez@yahoo.com,+1-819-234-3369,1998-09-14,5520 Oak Ave,San Jose,CA,95101,US,Sales,inactive,2024-11-04
87848ab0-0f72-cd64-10a7-c25620186b59,Deborah,Thomas,deborah.thomas@outlook.com,+1-496-133-2267,1978-08-26,5294 Lake Dr,Los Angeles,CA,90001,US,Legal,active,2024-07-05
7a44e6d7-9c9e-0e0c-ffb3-77bc90780212,Amanda,Flores,amanda.flores@icloud.com,+1-857-462-4013,1961-08-31,6925 Park Blvd,Chicago,IL,60601,US,Product,active,2024-01-18
cf3cf4be-ee13-be73-8ea1-95d7642e6bcf,Susan,Clark,susan.clark@icloud.com,+1-889-267-2863,1994-03-20,4767 Main St,Chicago,IL,60601,US,Legal,active,2024-08-07
329b5d2e-c122-310f-47d3-aa3eec6c72f2,Patricia,King,patricia.king@example.com,+1-792-118-4195,1963-09-17,165 Maple Dr,Charlotte,NC,28201,US,Engineering,active,2024-06-28
01dc93be-7b7c-fb7f-0a20-cadccbcca54b,Melissa,Nelson,melissa.nelson@hotmail.com,+1-847-281-5661,1977-11-04,8069 Pine Rd,Philadelphia,PA,19101,US,Operations,inactive,2024-10-17
763b8db1-2b11-a965-3b25-359a10280aae,Amanda,Wright,amanda.wright@icloud.com,+1-433-645-2920,1967-09-15,5410 Maple Dr,Nashville,TN,37201,US,Sales,suspended,2024-04-06
1cb4c994-0984-258c-4184-1e1e53f616ee,William,Torres,william.torres@hotmail.com,+1-503-706-5076,1994-07-30,9023 Pine Rd,Philadelphia,PA,19101,US,Legal,active,2024-05-08
99a3b137-5c6a-fde5-4fb0-71eac993cf81,Michelle,Garcia,michelle.garcia2@icloud.com,+1-474-565-9946,1978-01-09,854 Main St,Seattle,WA,98101,US,Legal,suspended,2024-03-24
d5f96647-9941-5464-fcab-6032693d41cd,Sarah,Carter,sarah.carter@hotmail.com,+1-735-347-8832,1977-12-07,5741 Elm St,San Antonio,TX,78201,US,Operations,active,2024-05-27
dfdf7727-037c-0216-09e7-bfe15c61fd8d,Lisa,Wright,lisa.wright@yahoo.com,+1-959-611-8614,1982-02-08,514 Main St,Seattle,WA,98101,US,Finance,active,2024-08-26
fdcadf20-5cd1-5fc8-c411-01383a1e1132,Barbara,Miller,barbara.miller2@example.com,+1-801-823-9197,1995-08-07,39 Pine Rd,Chicago,IL,60601,US,Finance,active,2024-04-04
1d937e25-04b4-fa56-43bf-95236ba77cab,Timothy,White,timothy.white@example.com,+1-249-185-6118,1986-01-17,6648 Main St,Columbus,OH,43085,US,Marketing,suspended,2024-11-07
fc78bdee-2a97-f399-6f4d-aa4fef9a1893,Susan,Lee,susan.lee@yahoo.com,+1-378-928-7278,1998-02-03,894 Cedar Ln,New York,NY,10001,US,Marketing,inactive,2024-12-09
1df1d63b-3b29-8d59-3a0a-081defd73b67,William,Carter,william.carter@hotmail.com,+1-588-196-5797,1997-08-01,860 Maple Dr,Fort Worth,TX,76101,US,Finance,active,2024-01-03
4b8be2a2-9503-5bc6-cb40-526b9a20f59a,Donald,Garcia,donald.garcia@example.com,+1-524-576-5096,1965-06-06,757 Elm St,Charlotte,NC,28201,US,Marketing,suspended,2024-11-21
02f92c9c-b5b2-446a-e55f-6b6d9917a013,Andrew,White,andrew.white2@gmail.com,+1-205-961-6451,1963-04-20,6768 Lake Dr,Seattle,WA,98101,US,Finance,active,2024-03-26
6ea48d19-ccbe-0940-78ca-ad0e16477c45,Anthony,Anderson,anthony.anderson@outlook.com,+1-444-470-3983,1976-07-22,4322 Oak Ave,Nashville,TN,37201,US,Finance,active,2024-03-23
5397b17a-6a09-e05b-6598-1eee0de813df,Elizabeth,King,elizabeth.king@hotmail.com,+1-960-533-1355,1964-05-21,2762 Pine Rd,Indianapolis,IN,46201,US,Sales,active,2024-06-15
5e015e82-0b39-6a3c-9479-56df4d0f41b3,Mark,Lewis,mark.lewis2@outlook.com,+1-682-187-9165,1989-10-18,5524 Cedar Ln,Chicago,IL,60601,US,Sales,active,2024-12-16
590e62f9-c4b8-106c-ad7d-10c6cad96925,Carol,Flores,carol.flores@icloud.com,+1-367-503-2999,1991-02-19,5176 Lake Dr,Indianapolis,IN,46201,US,Marketing,inactive,2024-12-18
17f73c9c-1d02-eac3-f504-8b49dda30d1c,Jessica,Miller,jessica.miller@hotmail.com,+1-268-364-3662,1974-03-25,4311 Oak Ave,Houston,TX,77001,US,Sales,active,2024-12-26
ea518c9d-1309-749d-3782-66d47089a753,Steven,Martin,steven.martin@outlook.com,+1-888-308-8269,1978-09-06,1219 Lake Dr,San Jose,CA,95101,US,HR,active,2024-10-01
51465018-f1a5-7a1b-e79a-2e244f6d8d2d,Carol,Clark,carol.clark@hotmail.com,+1-870-154-9892,1974-05-29,5766 Lake Dr,Nashville,TN,37201,US,Engineering,active,2024-05-01
762548f8-16de-ad77-e806-f8bbe207e30e,Linda,Adams,linda.adams@gmail.com,+1-229-496-2708,1978-02-02,3380 Main St,Indianapolis,IN,46201,US,Marketing,active,2024-11-05
85b88e9a-f3ce-346f-aa27-962617295279,Mark,Wilson,mark.wilson@icloud.com,+1-846-948-2439,1998-06-12,7456 Maple Dr,San Diego,CA,92101,US,Engineering,active,2024-06-16
91da3e74-104b-746f-07d8-db5803208c1b,Emily,Harris,emily.harris@outlook.com,+1-265-781-6196,1971-08-23,4764 Maple Dr,Columbus,OH,43085,US,Product,active,2024-12-28
47b88c49-debc-e18f-6bd0-35871f7b1b5a,Mark,Scott,mark.scott@yahoo.com,+1-410-377-3826,1963-05-15,4964 Oak Ave,San Jose,CA,95101,US,Marketing,active,2024-08-11
87361a9f-c0bd-ac2d-e8d9-d2b446560d3a,Charles,Nelson,charles.nelson2@hotmail.com,+1-349-229-4749,1966-06-25,1024 Park Blvd,Columbus,OH,43085,US,HR,active,2024-12-03
ce837e3c-84bd-b077-396c-c3a80e084ce5,Jennifer,Ramirez,jennifer.ramirez@icloud.com,+1-811-928-6696,1977-12-16,1603 Elm St,Dallas,TX,75201,US,Sales,active,2024-05-23
496035f2-7ec8-7a51-c0e9-a3aad872c46a,Margaret,Sanchez,margaret.sanchez2@outlook.com,+1-634-363-6320,1962-11-24,3086 Cedar Ln,Phoenix,AZ,85001,US,Marketing,inactive,2024-05-19
49b9e2ac-d24f-9fce-a544-5a7d52d609e8,Christopher,Smith,christopher.smith3@hotmail.com,+1-305-198-4492,1994-12-13,7796 Oak Ave,Los Angeles,CA,90001,US,Finance,active,2024-11-14
7f11dd61-f24c-7474-030a-af26af002913,Melissa,Thomas,melissa.thomas@example.com,+1-756-712-1745,1993-12-14,7923 Park Blvd,Houston,TX,77001,US,Operations,inactive,2024-12-13
1b42200d-4637-d5fe-0381-3d26fbe296cb,Patricia,Davis,patricia.davis4@icloud.com,+1-912-789-6287,1970-03-15,4560 Pine Rd,San Francisco,CA,94102,US,Legal,active,2024-08-08
a72cfa01-d46c-7b72-a786-367ffc58c53f,Jessica,Moore,jessica.moore2@example.com,+1-823-580-5073,1976-08-24,7079 Lake Dr,San Diego,CA,92101,US,Engineering,active,2024-11-14
3dcdae6b-d630-dc94-5ce1-41b9f37f9b70,Steven,Roberts,steven.roberts@outlook.com,+1-278-781-8924,1997-07-03,5240 Main St,Phoenix,AZ,85001,US,HR,active,2024-10-07
8e9821a2-65d8-106a-9f12-ab5c53d55482,Donald,Johnson,donald.johnson@gmail.com,+1-786-813-8334,1983-04-02,4402 Main St,Houston,TX,77001,US,Operations,active,2024-10-01
ebf493fb-7bab-f550-59a0-32049955a3e1,Christopher,Campbell,christopher.campbell@example.com,+1-784-256-9227,1961-06-16,1105 Pine Rd,Jacksonville,FL,32099,US,Legal,active,2024-07-13
a2964f1e-9b08-d505-9b39-534ee0f6aae6,Steven,Brown,steven.brown@hotmail.com,+1-376-394-2260,1993-03-28,6980 Oak Ave,San Antonio,TX,78201,US,Marketing,suspended,2024-06-28
a5658d53-8346-d526-7ceb-742fbd5b3e9b,Sarah,Williams,sarah.williams@example.com,+1-826-126-9364,1967-12-18,8729 Main St,Fort Worth,TX,76101,US,Product,suspended,2024-04-03
9a48f547-550d-7e31-9523-2c53efc1cfaf,Timothy,Davis,timothy.davis@yahoo.com,+1-342-999-3433,1980-08-25,2625 Cedar Ln,Houston,TX,77001,US,Finance,active,2024-03-11
b55c92fc-b0ac-7070-d316-a07f00975552,Matthew,Young,matthew.young@hotmail.com,+1-419-631-6636,1975-07-13,7028 Oak Ave,Phoenix,AZ,85001,US,Product,active,2024-12-15
7f2e9db1-2ca9-ff8f-ca89-4a53477e2342,Brian,Davis,brian.davis@outlook.com,+1-868-825-9102,1968-07-01,3091 Maple Dr,Chicago,IL,60601,US,Finance,active,2024-11-16
ad1dacf5-19ea-4ed0-c8cb-c17ae87feb8e,Joseph,Hall,joseph.hall@hotmail.com,+1-516-839-3474,1968-01-26,195 Pine Rd,Dallas,TX,75201,US,Sales,active,2024-08-20
10c4f8c6-7491-6fe2-8218-68bfa6448355,Jessica,Walker,jessica.walker@outlook.com,+1-832-825-5710,1976-07-30,2351 Elm St,Houston,TX,77001,US,Engineering,active,2024-10-05
5be07989-5d38-0561-931e-1656c41e2ee4,Kevin,Perez,kevin.perez@yahoo.com,+1-905-968-9968,1998-09-25,8056 Lake Dr,New York,NY,10001,US,Finance,inactive,2024-05-22
38f787f4-2622-61d9-742e-4d925925fb80,Elizabeth,Young,elizabeth.young@yahoo.com,+1-733-838-2630,1986-03-29,6919 Oak Ave,Charlotte,NC,28201,US,Sales,suspended,2024-03-03
3d47fe6a-12da-deff-a2fa-fb69e35d8d8b,Jessica,Lee,jessica.lee@gmail.com,+1-871-312-1831,1989-08-04,1752 Main St,Houston,TX,77001,US,Legal,active,2024-04-12
93a757b8-f96e-bcc7-67ae-73db429821d9,Timothy,Baker,timothy.baker@gmail.com,+1-485-637-5724,1998-12-15,1698 Maple Dr,Philadelphia,PA,19101,US,Finance,active,2024-12-05
8612ae8a-3fd0-3ba7-c90c-d6967bedb4ba,Elizabeth,Anderson,elizabeth.anderson@yahoo.com,+1-970-429-8774,1985-01-06,971 Pine Rd,Los Angeles,CA,90001,US,Finance,suspended,2024-02-08
84e8f1d9-f573-3d18-708a-0d5fe0c30f26,Donald,Smith,donald.smith2@icloud.com,+1-410-591-3776,1985-03-15,2030 Cedar Ln,Jacksonville,FL,32099,US,Marketing,inactive,2024-12-18
cf4908de-fed9-fcf2-9e05-77f601ab89d8,Elizabeth,Rodriguez,elizabeth.rodriguez2@hotmail.com,+1-810-314-8313,1983-02-20,1108 Elm St,Los Angeles,CA,90001,US,Marketing,suspended,2024-04-03
c967b8aa-8f21-f5d6-8b62-07cc993bc04f,Mark,Wright,mark.wright@outlook.com,+1-991-923-5036,1992-01-17,8853 Main St,Dallas,TX,75201,US,Finance,inactive,2024-11-09
cb002182-392c-4a2d-1880-f8f01f90aaee,Michelle,Lewis,michelle.lewis2@example.com,+1-413-556-2002,1984-05-22,4100 Pine Rd,San Diego,CA,92101,US,Product,active,2024-05-27
fbd3ac77-e1e0-815b-7cff-c3dbdb37e876,Nancy,Lee,nancy.lee@outlook.com,+1-215-115-6257,1979-09-20,3812 Elm St,New York,NY,10001,US,Operations,suspended,2024-09-05
0705e2d5-82dc-4b59-c770-207a1fd35c48,Susan,Taylor,susan.taylor@icloud.com,+1-883-668-3935,1989-12-04,9252 Cedar Ln,Houston,TX,77001,US,Operations,active,2024-03-24
2a7d0558-c386-32fe-8da7-4495f9ac5e16,Paul,Moore,paul.moore@hotmail.com,+1-548-627-8967,1986-07-15,5802 Cedar Ln,Indianapolis,IN,46201,US,Legal,active,2024-06-14
3c1fa978-f27c-9e53-ce8e-69e4d98ea00e,Deborah,Jackson,deborah.jackson@gmail.com,+1-421-861-1545,1999-08-31,7312 Main St,Austin,TX,73301,US,Product,inactive,2024-07-22
1732436d-3ba1-2afe-e7c9-b300c3fb1ffb,Ashley,Brown,ashley.brown@example.com,+1-302-686-2131,1969-07-24,7058 Oak Ave,Fort Worth,TX,76101,US,Marketing,suspended,2024-06-11
1d34ee36-b9f5-2c1c-349f-afe97d75854f,Melissa,Anderson,melissa.anderson@gmail.com,+1-394-361-1935,1970-12-26,3775 Lake Dr,Nashville,TN,37201,US,Legal,suspended,2024-02-15
07090814-3611-b153-a6f2-05f6a18ad358,James,Roberts,james.roberts@yahoo.com,+1-624-199-9822,1985-09-01,9515 Maple Dr,Indianapolis,IN,46201,US,Engineering,active,2024-05-12
2eb918c4-6422-a75f-18b4-3f73ce7391b4,Dorothy,Rodriguez,dorothy.rodriguez@gmail.com,+1-476-559-5891,1966-06-15,2081 Pine Rd,Indianapolis,IN,46201,US,Product,suspended,2024-05-16
5416f272-f1ed-2676-6cb2-8e38c48ca510,Jessica,Martinez,jessica.martinez@outlook.com,+1-337-689-1394,1962-09-20,5494 Cedar Ln,Austin,TX,73301,US,Product,inactive,2024-10-21
ba6f1682-bf7f-6a88-e5ba-6ffee8120abc,Linda,Rodriguez,linda.rodriguez3@gmail.com,+1-235-736-6662,1967-02-16,7811 Main St,Charlotte,NC,28201,US,Finance,active,2024-12-23
ca24f29c-cd5e-c9fe-c0e7-4da39abfe38f,Christopher,Smith,christopher.smith@icloud.com,+1-624-652-5309,1985-06-30,4550 Elm St,Houston,TX,77001,US,Product,active,2024-12-15
727fced3-baa9-462d-d30a-0592145659ea,Melissa,Hall,melissa.hall@example.com,+1-469-401-4038,1994-12-24,551 Elm St,Seattle,WA,98101,US,HR,active,2024-11-12
47d5efcf-fca8-1956-cc2d-2fae7bfe0f86,Jennifer,White,jennifer.white@example.com,+1-209-677-3855,1978-10-31,795 Oak Ave,Austin,TX,73301,US,Product,inactive,2024-06-20
12516225-0627-44c8-fb20-b28becbcc7e4,Melissa,Hill,melissa.hill@example.com,+1-429-363-2285,1961-08-03,4968 Main St,San Diego,CA,92101,US,Operations,suspended,2024-01-13
c902ada9-c88e-bc69-413d-6272d7c88ce7,Kenneth,Walker,kenneth.walker@gmail.com,+1-478-543-6887,1963-03-28,5069 Pine Rd,Denver,CO,80201,US,Engineering,active,2024-01-02
5bd9576c-d968-c357-413f-294d698f5d92,Charles,Williams,charles.williams2@gmail.com,+1-457-738-8568,1991-12-29,6309 Cedar Ln,San Jose,CA,95101,US,HR,suspended,2024-08-12
94b9ee69-8d35-70ea-e52a-84adfe57899d,David,White,david.white@hotmail.com,+1-819-245-5620,1972-08-26,6494 Park Blvd,New York,NY,10001,US,Sales,active,2024-08-14
54d6bcdb-9a39-62d3-7873-842bb259a50f,Patricia,Garcia,patricia.garcia@yahoo.com,+1-956-181-2461,1961-10-09,8310 Oak Ave,San Francisco,CA,94102,US,Sales,active,2024-07-12
5e3e21ee-1e14-9711-accf-3bf38e8f37cb,Elizabeth,Baker,elizabeth.baker2@example.com,+1-779-437-1368,1962-09-08,5051 Cedar Ln,Jacksonville,FL,32099,US,Marketing,active,2024-01-15
46471fee-af0b-1215-6ece-727aa1c7b57a,Robert,Roberts,robert.roberts@hotmail.com,+1-692-923-8933,1963-03-11,6346 Cedar Ln,Dallas,TX,75201,US,Marketing,active,2024-12-08
78c88915-66e9-8257-7564-9ecc957cfc83,Deborah,Hernandez,deborah.hernandez@example.com,+1-259-266-6934,1965-06-15,5035 Park Blvd,San Diego,CA,92101,US,Marketing,inactive,2024-09-09
f2c7530c-c2d6-23a7-5d8f-af30486946c5,Charles,Moore,charles.moore@hotmail.com,+1-859-617-3949,1978-10-24,4118 Pine Rd,Denver,CO,80201,US,Marketing,suspended,2024-04-06
dd2b9a94-3df8-e0cb-cb8f-b4b4cc8d4862,Steven,Roberts,steven.roberts@gmail.com,+1-654-747-3080,1998-05-28,4455 Pine Rd,Chicago,IL,60601,US,Legal,suspended,2024-12-06
4422b701-dbf4-437c-b7b3-a95017a21432,Deborah,Nguyen,deborah.nguyen@hotmail.com,+1-506-642-6009,1985-10-11,328 Main St,Austin,TX,73301,US,HR,inactive,2024-06-28
947d76e9-cba9-accf-f871-cefce1c8bda5,Timothy,Wright,timothy.wright@outlook.com,+1-358-759-5738,1970-07-11,9181 Lake Dr,Fort Worth,TX,76101,US,Engineering,inactive,2024-04-16
9279acc3-da8c-1ee6-4130-4e8acd84b35e,Betty,Nelson,betty.nelson2@example.com,+1-681-310-8418,1978-10-02,8703 Main St,Indianapolis,IN,46201,US,Operations,active,2024-05-28
1f63faa7-745f-4126-89bb-a8d6dae17734,Barbara,Thompson,barbara.thompson@gmail.com,+1-633-229-9818,1964-06-20,9366 Lake Dr,Denver,CO,80201,US,HR,inactive,2024-07-26
14e4aa5b-9c51-4971-b12b-a56f0eafeab1,Sandra,Ramirez,sandra.ramirez@hotmail.com,+1-802-223-4108,1993-10-20,5977 Maple Dr,Fort Worth,TX,76101,US,Product,active,2024-03-11
dd5b1869-6f6b-2156-72c5-643b1cfc3e69,Andrew,Nelson,andrew.nelson@example.com,+1-793-608-1253,1969-06-12,8700 Elm St,Nashville,TN,37201,US,Product,inactive,2024-06-19
c946a8ab-bbd1-132b-6fa2-5d00a710e9e4,Linda,Johnson,linda.johnson2@example.com,+1-417-915-7810,1997-12-08,7946 Main St,Jacksonville,FL,32099,US,HR,active,2024-08-16
d8f26ed8-d88a-f4e5-7345-a4b4ce11c831,Donald,Davis,donald.davis2@outlook.com,+1-679-156-3208,1975-12-11,5984 Main St,Los Angeles,CA,90001,US,Marketing,active,2024-06-10
b1250be2-9ef3-fa3e-c8c3-e1dfd4aa5028,Thomas,Flores,thomas.flores@outlook.com,+1-837-999-9818,1988-09-14,5255 Lake Dr,Los Angeles,CA,90001,US,Operations,active,2024-06-13
8cb0ebd8-bf0e-91a7-ef0d-0a1c4461bfe5,Kenneth,Wilson,kenneth.wilson@hotmail.com,+1-475-465-6515,2000-08-29,5519 Lake Dr,Dallas,TX,75201,US,Product,inactive,2024-04-08
557eb4cc-fb9b-b080-e799-40fcb565a6bb,Lisa,Hall,lisa.hall2@outlook.com,+1-227-678-6594,1960-02-22,3536 Main St,Philadelphia,PA,19101,US,Legal,active,2024-08-24
ac18ab42-53b5-4502-9260-79d3639a51c6,Donald,Rodriguez,donald.rodriguez@icloud.com,+1-719-669-9158,1981-04-19,987 Pine Rd,Phoenix,AZ,85001,US,Sales,inactive,2024-07-01
2ff97a7d-a2df-6584-c9b7-b08207f7009a,Jessica,Clark,jessica.clark@hotmail.com,+1-996-575-8129,1984-03-27,5018 Pine Rd,Nashville,TN,37201,US,Sales,suspended,2024-05-07
cd4dc526-65ea-17dd-d4bf-4ad39a688294,Brian,White,brian.white2@gmail.com,+1-305-542-6814,1981-08-14,3669 Lake Dr,Los Angeles,CA,90001,US,Legal,inactive,2024-11-17
9072c5c8-49b5-8f7c-fe66-6c5a6b8a0a4c,Thomas,Rodriguez,thomas.rodriguez@outlook.com,+1-266-700-2830,1964-10-05,6384 Cedar Ln,Indianapolis,IN,46201,US,Product,suspended,2024-06-01
195f2ccf-093c-36cc-5821-fab52d09e031,Carol,Walker,carol.walker@yahoo.com,+1-597-720-2211,1987-03-31,5713 Park Blvd,Austin,TX,73301,US,Legal,suspended,2024-01-16
056916d6-0bcb-f7b9-ab7d-f4f47a6e8482,Donna,Allen,donna.allen@yahoo.com,+1-736-164-4222,1962-05-26,3535 Pine Rd,San Antonio,TX,78201,US,Engineering,active,2024-04-25
dc46fd1b-92ff-f785-6ea4-6613fcbad69e,Donald,Martin,donald.martin@yahoo.com,+1-933-279-5566,1997-04-14,4611 Oak Ave,Philadelphia,PA,19101,US,Engineering,active,2024-12-13
1e342c86-1e29-a57b-9cf8-e2e09c5d49d7,Carol,Torres,carol.torres@example.com,+1-860-810-3859,2000-09-17,9378 Pine Rd,Jacksonville,FL,32099,US,Product,active,2024-01-08
e7daa4a6-997c-4d56-fe55-ca2c764f4d67,Robert,Miller,robert.miller@icloud.com,+1-296-369-8121,1984-10-26,5853 Elm St,Phoenix,AZ,85001,US,Marketing,active,2024-11-05
0f3f5435-fb3b-5f27-bfd5-2d8fe7eb19fa,Mary,Gonzalez,mary.gonzalez@yahoo.com,+1-576-717-7304,1996-06-30,7082 Park Blvd,Denver,CO,80201,US,HR,active,2024-04-19
dc9d7f4b-e16a-b497-5b74-865b7b4ecd57,Charles,Gonzalez,charles.gonzalez@icloud.com,+1-892-863-5702,1992-05-05,2606 Pine Rd,San Antonio,TX,78201,US,Product,active,2024-08-24
bc304884-0dbf-fd7a-5312-ab77c729e964,Donald,Thomas,donald.thomas@outlook.com,+1-449-109-3937,1988-04-03,7350 Lake Dr,Seattle,WA,98101,US,Sales,active,2024-08-19
547b4f20-d768-449e-f2e3-e2620becdd56,Susan,Jones,susan.jones2@hotmail.com,+1-560-302-3587,1976-01-18,6956 Lake Dr,Philadelphia,PA,19101,US,Sales,active,2024-11-21
6502ddf1-24c1-dac4-7742-2169b0e3a7dd,Karen,Baker,karen.baker@example.com,+1-771-835-8559,1971-01-14,7986 Cedar Ln,San Francisco,CA,94102,US,HR,suspended,2024-02-26
41d205a9-7ae9-993c-7cd2-e3ed81a51949,David,King,david.king@hotmail.com,+1-709-907-9820,1967-06-08,6285 Oak Ave,Charlotte,NC,28201,US,Engineering,active,2024-01-15
cb5c5268-f50a-e8e8-9ed4-6beaddbf49c5,Matthew,Rivera,matthew.rivera2@yahoo.com,+1-590-421-3992,1976-12-01,4616 Oak Ave,Nashville,TN,37201,US,Operations,inactive,2024-04-03
13d694fb-438d-261f-052b-05bf492114a3,Kevin,Allen,kevin.allen@gmail.com,+1-921-108-8539,1960-10-26,1676 Oak Ave,Phoenix,AZ,85001,US,Sales,suspended,2024-05-08
8773ae8a-7013-d762-5d4a-2b4a6c1e07e2,Brian,Thomas,brian.thomas@hotmail.com,+1-302-398-7482,1968-01-28,3638 Elm St,Los Angeles,CA,90001,US,Operations,active,2024-02-19
1d222845-e1db-bf34-07c5-0cba14577e2e,Susan,White,susan.white@yahoo.com,+1-936-431-9374,1989-09-06,4951 Elm St,Chicago,IL,60601,US,Product,inactive,2024-04-03
fcb2a643-10cb-75bd-b740-7845b285bc99,Joseph,Walker,joseph.walker@gmail.com,+1-880-809-8555,1992-06-21,4510 Cedar Ln,Los Angeles,CA,90001,US,Marketing,inactive,2024-06-14
eee8c588-b4a5-0931-1a89-0fdcf197a177,Mary,Young,mary.young@yahoo.com,+1-917-970-8295,1968-04-17,3492 Lake Dr,New York,NY,10001,US,Finance,active,2024-10-16
19034d79-0175-0dd1-dfef-b733e2b98611,Kenneth,Nelson,kenneth.nelson2@gmail.com,+1-876-396-3814,1997-09-29,6779 Maple Dr,Chicago,IL,60601,US,Marketing,suspended,2024-10-28
13ccea68-6a7a-4974-0005-a7cbfb9a7406,David,Hernandez,david.hernandez@example.com,+1-413-636-7246,1960-09-11,5483 Pine Rd,Dallas,TX,75201,US,Product,inactive,2024-01-06
0a9ae42f-b8cc-4959-8ae0-52d357656ec2,Michelle,Lee,michelle.lee@gmail.com,+1-483-948-8716,1971-03-12,1368 Oak Ave,Dallas,TX,75201,US,Engineering,active,2024-05-11
f1982abd-927a-08aa-1ccd-29c6b52de69a,Patricia,Garcia,patricia.garcia@outlook.com,+1-535-725-7659,1963-02-21,953 Maple Dr,San Diego,CA,92101,US,Legal,inactive,2024-10-25
0cb82ea6-6ac9-a374-6fe0-a1bc9b612d0e,Richard,Hall,richard.hall@outlook.com,+1-535-362-9231,1981-09-28,5445 Park Blvd,Indianapolis,IN,46201,US,Sales,active,2024-08-12
c1d2bbca-42cc-e5ed-dd6b-040c6695047a,James,Moore,james.moore@yahoo.com,+1-258-496-5316,1973-11-20,8196 Park Blvd,Philadelphia,PA,19101,US,Marketing,inactive,2024-06-28
1bffaf79-7fbe-64ba-c6f4-fa2b7fa70f78,Thomas,Miller,thomas.miller@example.com,+1-318-407-2591,1967-02-23,6270 Main St,San Francisco,CA,94102,US,Operations,suspended,2024-01-03
8e81208d-0ac3-0a85-7d77-caa2e915c0ec,Andrew,Young,andrew.young@example.com,+1-374-511-9059,1975-11-19,8986 Park Blvd,Austin,TX,73301,US,Operations,active,2024-05-09
232c92f3-bf21-2187-476c-17befbc9a5c6,George,Jackson,george.jackson@gmail.com,+1-839-366-3374,2000-08-24,6626 Lake Dr,San Jose,CA,95101,US,Engineering,suspended,2024-09-02
703179c1-3a32-5738-1fb5-3919d1b31ef8,Brian,Thompson,brian.thompson2@gmail.com,+1-885-624-7800,1974-09-24,2897 Park Blvd,Chicago,IL,60601,US,HR,suspended,2024-08-02
8141bcdf-aa50-0a5a-903d-98f8b9c22c9c,Charles,Martinez,charles.martinez@outlook.com,+1-319-401-3455,1978-06-08,92 Lake Dr,Chicago,IL,60601,US,Product,suspended,2024-02-15
384f816b-43c1-fffd-e6d4-185013eb49d8,Michelle,Smith,michelle.smith@gmail.com,+1-636-468-8739,1983-12-29,2526 Cedar Ln,Columbus,OH,43085,US,Legal,inactive,2024-07-24
c88ebf46-7580-5d15-dd94-753b1f1a8d95,Michael,Baker,michael.baker@gmail.com,+1-285-430-1618,1971-04-14,480 Lake Dr,Austin,TX,73301,US,Product,active,2024-02-23
72e317af-e62c-e188-0164-cc5d0187074b,Sandra,Thompson,sandra.thompson@gmail.com,+1-684-666-5102,1999-07-02,2934 Pine Rd,Seattle,WA,98101,US,Operations,active,2024-08-14
6ef7ccbb-0bb5-aa87-cc94-e34e7b72ae6d,Michael,King,michael.king2@example.com,+1-638-599-3150,1981-09-03,1513 Maple Dr,Columbus,OH,43085,US,Sales,suspended,2024-04-10
cba9340c-9784-cae1-a295-4ea0f35fc75f,Emily,Davis,emily.davis@outlook.com,+1-354-213-6937,1960-06-23,2596 Lake Dr,San Antonio,TX,78201,US,Sales,active,2024-10-16
47c78498-f915-9063-e95e-156476bffd44,Paul,Anderson,paul.anderson@yahoo.com,+1-904-155-9583,1997-03-05,9441 Oak Ave,Columbus,OH,43085,US,Sales,active,2024-06-19
97450e57-641d-d524-c5f3-e556e0d56b22,Emily,Moore,emily.moore@outlook.com,+1-952-967-9739,1988-03-03,8840 Main St,Charlotte,NC,28201,US,Marketing,active,2024-11-25
1895d9de-6a39-9b7f-3757-79878838d23e,David,Perez,david.perez@hotmail.com,+1-960-114-9842,1962-09-23,628 Maple Dr,Phoenix,AZ,85001,US,Operations,inactive,2024-11-02
65f18ec3-a75d-83ea-bc37-aa1a0c19962c,Robert,Sanchez,robert.sanchez@example.com,+1-935-346-8498,1992-03-11,1021 Cedar Ln,Philadelphia,PA,19101,US,Operations,active,2024-10-12
c0d6c3d3-60f8-0a26-e625-9184702813c0,Donna,Miller,donna.miller2@outlook.com,+1-278-546-7772,1977-07-23,2486 Park Blvd,Houston,TX,77001,US,Operations,suspended,2024-07-28
fb16d8a4-3e54-0130-5c18-41ccc7d20464,Melissa,Gonzalez,melissa.gonzalez2@hotmail.com,+1-584-625-8998,1965-12-15,3081 Maple Dr,Los Angeles,CA,90001,US,Engineering,suspended,2024-03-06
e9e8c216-f1fb-17e1-fe81-ed3f8cb142a4,Christopher,Moore,christopher.moore2@outlook.com,+1-220-496-5394,1996-02-11,301 Lake Dr,Los Angeles,CA,90001,US,Legal,active,2024-11-28
e45c5952-499a-1d8a-e386-fd96a2d0d985,Kimberly,Young,kimberly.young@gmail.com,+1-320-872-1916,1968-12-22,834 Main St,Seattle,WA,98101,US,Product,inactive,2024-06-18
ca41de7e-cf18-11a1-c157-d689b6251a11,Charles,Allen,charles.allen@outlook.com,+1-777-336-1447,1998-03-15,96 Pine Rd,San Diego,CA,92101,US,Product,active,2024-04-23
b2418dea-9bf5-dd77-889f-6264b57bccf1,Christopher,Adams,christopher.adams2@example.com,+1-843-608-1625,1960-01-22,6289 Pine Rd,Columbus,OH,43085,US,Finance,inactive,2024-06-20
a2ad03d6-0d0a-5493-fa3f-3c449c505aa9,James,Jackson,james.jackson@outlook.com,+1-522-865-4974,1999-08-20,946 Pine Rd,Charlotte,NC,28201,US,Legal,active,2024-03-16
434c7405-6cea-7a26-7498-0cd9d9487c4d,Michelle,King,michelle.king@icloud.com,+1-577-216-4081,1967-03-03,72 Main St,New York,NY,10001,US,Operations,active,2024-02-20
8ac81be9-e724-aae0-35b2-3ce37b71418f,Paul,Lee,paul.lee@hotmail.com,+1-720-893-1003,1973-05-27,8880 Pine Rd,Austin,TX,73301,US,Sales,inactive,2024-05-01
71c50017-00ae-e456-c8b7-f76553542705,Matthew,Hernandez,matthew.hernandez@icloud.com,+1-367-452-6156,1982-06-28,3666 Maple Dr,Philadelphia,PA,19101,US,Engineering,active,2024-12-05
1df80f05-0e5b-a701-e5fb-38395eaad27b,Paul,White,paul.white@gmail.com,+1-393-437-3572,1997-10-11,4144 Lake Dr,Austin,TX,73301,US,Marketing,active,2024-08-18
3550cc71-1f40-f37f-5c87-91c3b834af7f,Steven,Walker,steven.walker@example.com,+1-837-864-2972,1960-08-08,8694 Pine Rd,Jacksonville,FL,32099,US,Marketing,suspended,2024-01-12
efb2c37b-b693-4966-f7c0-01ef05a619ff,Melissa,Garcia,melissa.garcia@outlook.com,+1-203-604-5231,1965-09-14,684 Pine Rd,Houston,TX,77001,US,Operations,active,2024-06-14
683c0535-790a-db43-276e-2b7ec58d47b3,Emily,Hill,emily.hill@yahoo.com,+1-916-739-3382,1995-12-26,6270 Pine Rd,San Antonio,TX,78201,US,Legal,active,2024-09-15
d9cc21d2-2d9c-60cd-5ea0-3d42aca4825c,Donna,Gonzalez,donna.gonzalez@gmail.com,+1-408-717-1793,1966-10-07,6152 Main St,Denver,CO,80201,US,Operations,inactive,2024-04-14
1f835e17-d8ff-fd02-d021-dc98d4560b52,John,Lewis,john.lewis@gmail.com,+1-408-588-4361,1973-07-13,9991 Pine Rd,Phoenix,AZ,85001,US,Marketing,active,2024-11-11
49839e4a-941f-4ae5-63ad-d4b66e251daf,Paul,Jones,paul.jones2@icloud.com,+1-394-541-5873,2000-01-31,3401 Park Blvd,San Diego,CA,92101,US,Operations,active,2024-02-22
6bb3d752-f3cb-9cba-5f71-f53747aab465,Karen,Mitchell,karen.mitchell2@outlook.com,+1-765-878-2922,1995-07-15,6032 Main St,Nashville,TN,37201,US,Operations,active,2024-05-13
943546c9-8cf3-8f0c-9e0b-ea8f729f8013,Brian,Anderson,brian.anderson@example.com,+1-690-998-7731,1983-12-16,3740 Cedar Ln,Houston,TX,77001,US,Engineering,active,2024-04-01
86707967-84a5-3e31-b106-441e38d63472,Sarah,Martinez,sarah.martinez2@yahoo.com,+1-846-877-4920,1996-06-19,1699 Park Blvd,San Diego,CA,92101,US,Engineering,active,2024-06-01
06354d06-0179-fea4-422d-6d4a0422b68b,Donna,Campbell,donna.campbell@example.com,+1-996-417-5016,1982-03-26,8951 Park Blvd,Phoenix,AZ,85001,US,Product,inactive,2024-09-10
76cfd5b6-2902-5bda-bcfc-1f9f0af689dd,Sandra,Williams,sandra.williams@hotmail.com,+1-522-588-9294,1977-06-08,9929 Park Blvd,Phoenix,AZ,85001,US,Product,active,2024-07-17
8e045196-d7d7-b5a5-0ed1-7b3587a88faa,Mary,Thompson,mary.thompson@yahoo.com,+1-993-638-3412,1968-09-05,3298 Cedar Ln,Indianapolis,IN,46201,US,Engineering,suspended,2024-08-01
0ce56ee2-7fff-0773-76d1-fa0d4b6b37af,Jennifer,Hill,jennifer.hill@icloud.com,+1-846-803-8646,1967-08-12,5930 Oak Ave,Seattle,WA,98101,US,Product,active,2024-02-01
8703cc53-75dc-654f-675d-24cb3028c1de,Andrew,Allen,andrew.allen@example.com,+1-902-278-9281,1997-08-28,1115 Park Blvd,Columbus,OH,43085,US,Product,active,2024-01-13
7c810400-28dd-75dd-e829-33c8e00ff79e,Deborah,Sanchez,deborah.sanchez@icloud.com,+1-802-148-6104,1962-11-03,2678 Elm St,San Francisco,CA,94102,US,Sales,suspended,2024-11-09
ad7831a0-1338-59c1-c6b7-d00a8bc22bb7,Matthew,Lee,matthew.lee@icloud.com,+1-660-711-3198,1978-12-10,2569 Pine Rd,New York,NY,10001,US,Marketing,suspended,2024-10-26
0ff220a4-8ebf-8072-0a91-d3c31f91535e,Sandra,Hill,sandra.hill@hotmail.com,+1-743-317-5331,1969-09-24,9155 Main St,New York,NY,10001,US,Operations,active,2024-05-17
e5bac1f4-458f-d9b0-f20c-474acc5fca33,Sandra,Scott,sandra.scott@icloud.com,+1-746-352-4152,1996-10-11,4178 Park Blvd,Los Angeles,CA,90001,US,Operations,suspended,2024-07-23
376fe94b-1996-e732-2ecb-d9460f5445dd,Sandra,Mitchell,sandra.mitchell@example.com,+1-271-786-9263,1977-05-09,485 Park Blvd,Phoenix,AZ,85001,US,Product,inactive,2024-05-02
38fa6094-4dbe-cfd5-af0a-5ad2a2aa7f9a,Christopher,Green,christopher.green@icloud.com,+1-855-124-9703,1981-05-17,8171 Main St,Denver,CO,80201,US,Finance,inactive,2024-09-06
bc25de4b-6b13-a06f-2070-ee0a1b5ece45,Michelle,Roberts,michelle.roberts@outlook.com,+1-738-640-9134,1979-09-07,379 Pine Rd,San Diego,CA,92101,US,Marketing,active,2024-06-16
b6e34494-3345-fa1b-708a-3515bbe7450c,Paul,Green,paul.green@gmail.com,+1-279-390-3737,1988-05-03,1957 Lake Dr,San Diego,CA,92101,US,Operations,inactive,2024-03-09
d5c6f363-3246-d48a-3f0a-5c9f40851dba,Donald,Hill,donald.hill@icloud.com,+1-313-608-9923,1992-05-31,2606 Lake Dr,Dallas,TX,75201,US,Finance,active,2024-06-21
d32d81cb-4f14-9587-8722-f1c10832dc92,Donna,Walker,donna.walker@hotmail.com,+1-214-551-9533,1966-01-18,4494 Park Blvd,Columbus,OH,43085,US,HR,active,2024-02-11
9d4d311c-9992-f66f-1de9-8057238fe648,Mark,Lewis,mark.lewis3@outlook.com,+1-914-597-9372,1977-04-28,5188 Park Blvd,Columbus,OH,43085,US,Operations,active,2024-06-11
66e2f50e-6c02-5998-c9ca-a5098fed6c2a,Kevin,Martin,kevin.martin@yahoo.com,+1-665-278-3927,1974-12-26,9381 Main St,Dallas,TX,75201,US,Legal,active,2024-03-23
19510f90-0602-30b7-aa8c-8e616ef6e45f,Anthony,Walker,anthony.walker@icloud.com,+1-521-892-5256,1961-12-16,1708 Cedar Ln,Dallas,TX,75201,US,Sales,inactive,2024-12-08
9dbbe1c9-3c91-9107-fd30-8df637f8373a,Kimberly,Clark,kimberly.clark@example.com,+1-338-922-4324,1983-07-30,8789 Park Blvd,Seattle,WA,98101,US,Sales,active,2024-06-21
698b2bad-9020-89b9-2fcc-9e226bd8357f,Thomas,Ramirez,thomas.ramirez@example.com,+1-641-188-1989,1993-03-06,3714 Elm St,San Francisco,CA,94102,US,Product,active,2024-08-09
a6dde2aa-7d98-c83c-3365-bd5e4fe9790e,Michelle,Scott,michelle.scott@gmail.com,+1-281-822-6003,2000-12-29,9497 Maple Dr,Seattle,WA,98101,US,Product,active,2024-08-08
260da974-13c0-0c28-bad0-96120d62af8d,Kenneth,White,kenneth.white@gmail.com,+1-638-522-5675,1961-05-30,6396 Main St,Fort Worth,TX,76101,US,Product,active,2024-05-20
64690bf9-6e00-2280-1b3b-b28598e81d6f,John,Torres,john.torres4@gmail.com,+1-564-954-6293,1962-02-08,5062 Elm St,New York,NY,10001,US,HR,active,2024-01-02
bc359d86-a78e-ee49-215a-e290666f7262,Michael,Walker,michael.walker2@icloud.com,+1-702-844-5884,1998-04-26,2561 Main St,Dallas,TX,75201,US,Operations,active,2024-12-05
752f0d48-e496-471d-ef16-667481a67f9a,Lisa,Nelson,lisa.nelson@example.com,+1-902-944-4235,1985-08-05,926 Lake Dr,Seattle,WA,98101,US,Finance,active,2024-02-14
728b10b8-bfde-2c24-0bbc-c28a1b22009a,Betty,White,betty.white@hotmail.com,+1-260-742-9719,1999-10-09,6620 Oak Ave,Denver,CO,80201,US,Marketing,inactive,2024-02-07
683ab316-05bf-15cf-f352-325008951886,Kevin,Taylor,kevin.taylor@gmail.com,+1-476-280-3419,1976-01-15,7511 Park Blvd,Phoenix,AZ,85001,US,HR,active,2024-05-27
ac77e0b3-6e59-ac18-eae8-ba5623e0c53f,Andrew,Adams,andrew.adams2@outlook.com,+1-902-464-1997,1975-03-07,5241 Cedar Ln,Columbus,OH,43085,US,HR,inactive,2024-08-22
b37c8bb8-5fbf-0670-8222-f0cc282eae6e,Thomas,Garcia,thomas.garcia@gmail.com,+1-786-998-6773,1960-08-31,3150 Lake Dr,Columbus,OH,43085,US,Operations,active,2024-10-21
b940525c-42a4-f2fe-0f30-89e82ff28e9d,Kimberly,Young,kimberly.young@outlook.com,+1-271-789-6640,1993-02-20,5295 Maple Dr,Denver,CO,80201,US,Sales,active,2024-01-26
a08ec160-3f00-4214-a8ab-9884e908bd44,Michael,Sanchez,michael.sanchez@outlook.com,+1-337-717-9110,1960-12-01,7504 Pine Rd,San Diego,CA,92101,US,HR,active,2024-04-08
74e06879-add9-d782-5855-427b4f200875,Deborah,Rivera,deborah.rivera@yahoo.com,+1-737-538-9173,1991-07-02,4627 Main St,Denver,CO,80201,US,HR,inactive,2024-08-05
7b177362-9ecf-a6ad-e9db-dbca46216fd8,Thomas,Green,thomas.green@example.com,+1-353-905-9354,1992-04-08,3459 Pine Rd,Fort Worth,TX,76101,US,Marketing,suspended,2024-01-14
713a15be-9282-a140-98b0-119a083db4f0,Mark,Green,mark.green@example.com,+1-772-398-5777,1960-12-22,2847 Maple Dr,Chicago,IL,60601,US,Finance,active,2024-07-21
818401b3-5b01-c766-6c75-b42e206bf71e,Thomas,Rodriguez,thomas.rodriguez@gmail.com,+1-557-718-8697,1982-07-21,825 Maple Dr,Phoenix,AZ,85001,US,HR,suspended,2024-10-03
16ae14a9-9160-5059-92ae-928d9052295c,James,Perez,james.perez@example.com,+1-570-885-9663,1981-01-23,4277 Cedar Ln,Jacksonville,FL,32099,US,HR,active,2024-07-12
4675aa13-43e6-a93e-eb4b-c774345f0ca0,Linda,Adams,linda.adams@yahoo.com,+1-257-833-8657,1972-11-12,440 Main St,San Diego,CA,92101,US,Product,active,2024-02-24
eed64476-529b-0857-3d18-2a904ade9ff9,Jessica,Nguyen,jessica.nguyen@outlook.com,+1-660-652-5415,1989-02-01,5344 Main St,Nashville,TN,37201,US,Legal,active,2024-12-24
12456efb-cb4d-4a66-19cb-0881a31de68a,Linda,Martinez,linda.martinez@icloud.com,+1-386-502-6055,1963-04-16,2494 Oak Ave,Philadelphia,PA,19101,US,Marketing,active,2024-05-09
a2b9c395-76e2-e392-c468-30a537a82459,Deborah,Young,deborah.young2@icloud.com,+1-666-153-8988,1986-03-07,955 Elm St,San Francisco,CA,94102,US,Engineering,inactive,2024-01-20
628437eb-2151-3795-eec1-ad0466f54f25,Nancy,Adams,nancy.adams@example.com,+1-884-322-4039,1988-08-21,7271 Park Blvd,New York,NY,10001,US,Sales,active,2024-12-22
f5312e4c-00d9-5c50-2725-ef9e73f811c8,Timothy,Gonzalez,timothy.gonzalez@yahoo.com,+1-987-607-9606,1975-01-05,862 Pine Rd,Columbus,OH,43085,US,Legal,active,2024-08-17
7fae9464-8461-8581-ecb3-3a789ab12a4c,Donna,Mitchell,donna.mitchell@example.com,+1-706-779-6387,1979-10-12,2672 Cedar Ln,San Diego,CA,92101,US,Product,active,2024-07-19
adc9f4e3-ddca-2485-1b8d-983844886132,Michael,King,michael.king@outlook.com,+1-800-658-4678,1972-06-06,8306 Elm St,Jacksonville,FL,32099,US,Legal,suspended,2024-03-17
eafe0fea-cda3-3f1a-6b5e-6d5c19c17f74,David,Sanchez,david.sanchez@yahoo.com,+1-560-207-6172,1960-10-19,9885 Elm St,Nashville,TN,37201,US,Sales,inactive,2024-05-15
395044a9-bc0d-11c7-54dc-b5f3a48d4475,Paul,Mitchell,paul.mitchell@hotmail.com,+1-397-309-2157,1976-03-13,7307 Cedar Ln,Houston,TX,77001,US,Marketing,active,2024-11-10
1842b7ee-bfdb-4ed8-6c4b-1f95d4f3df52,Ashley,Perez,ashley.perez@hotmail.com,+1-675-488-6910,1987-08-23,829 Maple Dr,Chicago,IL,60601,US,Marketing,active,2024-01-26
c56793f7-9c5d-c768-a9b4-963a4ec4e889,John,Hernandez,john.hernandez@hotmail.com,+1-776-465-9549,1979-01-10,7604 Main St,San Francisco,CA,94102,US,Engineering,active,2024-02-21
a65071ce-dfe4-f17c-0dac-1724a6df628e,William,Lee,william.lee@yahoo.com,+1-631-297-2565,2000-04-04,46 Elm St,San Francisco,CA,94102,US,Finance,inactive,2024-07-20
d3fb4469-e828-35ed-9356-f720a239f6f5,Susan,Hernandez,susan.hernandez2@example.com,+1-900-271-9158,1980-12-23,4702 Park Blvd,Seattle,WA,98101,US,Sales,active,2024-07-17
e1bbc4b6-bf32-3f92-13a3-53cf16bebe84,Carol,Flores,carol.flores2@hotmail.com,+1-556-267-5262,1968-09-20,3382 Lake Dr,Austin,TX,73301,US,Sales,active,2024-08-11
4047d133-4cbe-cb25-a6a8-66c3dc720e63,Mark,Hill,mark.hill@yahoo.com,+1-869-723-5385,1973-12-04,1885 Park Blvd,Houston,TX,77001,US,HR,active,2024-11-19
33d79079-ab4c-3829-4340-5bc1a20bf4f6,Timothy,Carter,timothy.carter@example.com,+1-766-384-1103,1967-11-20,9416 Maple Dr,Fort Worth,TX,76101,US,Legal,inactive,2024-11-03
71d7c324-a5a5-8349-016b-053154d77fbe,Daniel,Lewis,daniel.lewis@yahoo.com,+1-260-428-2799,1983-09-06,8875 Maple Dr,Columbus,OH,43085,US,Operations,active,2024-11-04
04d95667-ff49-a4a0-216d-b33d73f34aa9,Mary,Gonzalez,mary.gonzalez@gmail.com,+1-688-463-2727,1979-06-29,4488 Pine Rd,Seattle,WA,98101,US,Operations,inactive,2024-07-03
f7f81dd5-0272-0cd1-cbd3-cf54605e3a25,Donna,Clark,donna.clark@hotmail.com,+1-294-837-6454,1990-10-14,895 Pine Rd,Charlotte,NC,28201,US,Finance,active,2024-01-25
60e4ba2c-741f-4027-5798-1bc25f3df920,Jennifer,Smith,jennifer.smith@yahoo.com,+1-911-411-8560,1989-05-03,6065 Park Blvd,Fort Worth,TX,76101,US,Product,active,2024-12-15
4d053204-f961-ff62-7acd-3d7f7a02eece,Richard,Campbell,richard.campbell@yahoo.com,+1-285-882-1961,1988-11-02,5531 Main St,Denver,CO,80201,US,Product,suspended,2024-06-20
c88e4acb-9ca9-4273-0df4-b8cb3e60af64,Mary,Carter,mary.carter3@example.com,+1-504-993-7983,1970-10-28,3045 Oak Ave,Phoenix,AZ,85001,US,HR,inactive,2024-11-01
767dbc59-e5b9-6b5e-d663-4906d98a2775,Anthony,Miller,anthony.miller@hotmail.com,+1-425-956-1207,1969-11-18,5276 Cedar Ln,Austin,TX,73301,US,HR,active,2024-09-20
6af8ef62-d507-017f-e416-2f2ca28bc59f,James,Young,james.young@example.com,+1-352-692-4316,1963-02-25,1023 Park Blvd,San Francisco,CA,94102,US,Marketing,active,2024-01-16
38628ce7-0df9-16a9-9a99-3bd365b5f397,Linda,Brown,linda.brown@hotmail.com,+1-643-967-8530,1965-06-17,946 Elm St,Fort Worth,TX,76101,US,Engineering,active,2024-02-04
33e63ad2-acbb-4d82-6e45-16dd9bd91aed,Sandra,Nelson,sandra.nelson2@icloud.com,+1-306-708-5670,1979-11-16,6757 Lake Dr,Indianapolis,IN,46201,US,Engineering,suspended,2024-10-13
11b8d395-d3d0-4ebf-6b91-a4b69daad003,Carol,Brown,carol.brown@icloud.com,+1-352-253-9376,1972-02-29,3588 Main St,Charlotte,NC,28201,US,Legal,suspended,2024-09-10
273391e5-8136-f4dc-e804-c7ab822929b9,Amanda,Walker,amanda.walker@hotmail.com,+1-462-896-4551,1984-03-08,7460 Elm St,Denver,CO,80201,US,Product,suspended,2024-12-13
8091956a-ebac-3a24-40ee-43bbfc8c1b53,Paul,Baker,paul.baker@hotmail.com,+1-391-812-4839,1980-01-19,201 Main St,Philadelphia,PA,19101,US,Legal,active,2024-06-09
31c42566-fe87-c19b-cffa-44b31d9bf013,Ashley,Perez,ashley.perez2@icloud.com,+1-979-921-4540,1960-09-18,6303 Lake Dr,Jacksonville,FL,32099,US,Sales,active,2024-02-27
28cd2b4d-8923-bc95-048c-238d46eb0138,Christopher,Harris,christopher.harris@hotmail.com,+1-747-286-5813,1962-12-19,6648 Pine Rd,San Francisco,CA,94102,US,Marketing,active,2024-08-03
a9f605ed-2aec-7576-a3ce-d9d2ab8c309d,Anthony,Lee,anthony.lee@gmail.com,+1-421-776-2733,1972-06-29,6123 Park Blvd,Denver,CO,80201,US,Finance,inactive,2024-09-03
ba24e92b-833d-842b-1b30-73cb5d54ff8f,Joseph,Davis,joseph.davis@example.com,+1-276-826-4953,1962-10-24,6246 Main St,Nashville,TN,37201,US,Engineering,active,2024-08-20
c51de45f-0f5b-0f76-4300-0b4c993263d6,Patricia,Martin,patricia.martin2@hotmail.com,+1-555-798-9951,1972-08-15,1064 Elm St,San Jose,CA,95101,US,Marketing,suspended,2024-04-20
dd8919d5-ffe9-9666-17d6-ef7de2fa656e,Thomas,Martinez,thomas.martinez@hotmail.com,+1-920-740-2190,1985-04-29,2631 Park Blvd,Seattle,WA,98101,US,Engineering,active,2024-10-17
e47d7061-1296-e233-85cb-7cc3ec138ff9,Margaret,Baker,margaret.baker@gmail.com,+1-498-415-2322,1997-02-02,7028 Park Blvd,Columbus,OH,43085,US,Product,active,2024-02-16
f868cf4e-29c6-f760-473f-10299bfc7c6c,Timothy,Robinson,timothy.robinson@example.com,+1-202-519-8680,1997-06-19,822 Main St,Phoenix,AZ,85001,US,Operations,suspended,2024-12-12
7c09fd85-7ac8-5a5c-a5c4-bcc09f81eb5f,Kimberly,Martinez,kimberly.martinez@outlook.com,+1-928-800-6280,1971-06-09,7933 Maple Dr,New York,NY,10001,US,HR,active,2024-01-08
dd66971d-8519-d0eb-c94f-ff2ebf15047b,Patricia,Gonzalez,patricia.gonzalez@gmail.com,+1-623-194-8328,1962-11-22,5695 Park Blvd,Jacksonville,FL,32099,US,Sales,active,2024-11-10
19bd05eb-f5ae-ddec-a530-480943936e6e,Donna,Martin,donna.martin2@example.com,+1-824-376-6672,1978-10-23,8292 Cedar Ln,Charlotte,NC,28201,US,Sales,active,2024-02-20
674ccb71-cf4f-aa6e-dc77-be61dc629367,Andrew,Williams,andrew.williams@gmail.com,+1-437-317-5298,1966-02-10,2194 Maple Dr,New York,NY,10001,US,Legal,inactive,2024-12-25
2a5944e5-add2-804c-d9af-7bf44e5256c8,Donald,Brown,donald.brown@icloud.com,+1-632-618-3823,1985-11-22,3847 Elm St,Austin,TX,73301,US,Operations,active,2024-04-23
01122d83-a232-df5c-85c8-4ccb3db4e930,Sarah,Taylor,sarah.taylor@icloud.com,+1-320-223-6133,1964-02-06,5553 Lake Dr,Philadelphia,PA,19101,US,Product,suspended,2024-05-25
e49605d1-c347-7499-8bb0-cfe79f60606f,Michael,Baker,michael.baker@outlook.com,+1-571-477-5070,1969-06-14,2574 Cedar Ln,Houston,TX,77001,US,Legal,active,2024-01-17
e5b0bf55-51d2-6231-767d-0b161e0e59a9,Timothy,Wilson,timothy.wilson@icloud.com,+1-370-935-6239,1970-11-12,2452 Cedar Ln,Indianapolis,IN,46201,US,Sales,active,2024-04-09
7b889df0-bdfe-7c94-cc34-cceb597493a0,Brian,Martinez,brian.martinez@gmail.com,+1-789-542-6339,1985-07-09,7163 Maple Dr,San Antonio,TX,78201,US,Engineering,inactive,2024-04-08
5360cf2c-b0d7-34a6-db4f-c0e1424fb149,Nancy,Johnson,nancy.johnson@gmail.com,+1-989-433-9572,1991-10-28,726 Pine Rd,Columbus,OH,43085,US,Sales,suspended,2024-05-02
bc1367ef-5d85-3afc-2feb-27c26108ee66,Donald,Baker,donald.baker@icloud.com,+1-555-634-8220,1983-04-19,2945 Cedar Ln,Philadelphia,PA,19101,US,Legal,active,2024-07-25
b954b249-7689-57f2-f3a5-a0a981b32638,David,Green,david.green@example.com,+1-422-489-1318,1998-12-23,8579 Main St,Jacksonville,FL,32099,US,Operations,active,2024-09-05
aa15a7d3-b4ec-733d-efe4-7a7e33eeae36,Carol,Rodriguez,carol.rodriguez2@hotmail.com,+1-284-518-8539,1993-11-24,6116 Main St,Phoenix,AZ,85001,US,Marketing,active,2024-06-07
c458a3bc-4cfd-586c-d5e6-438b370c0904,William,Green,william.green2@hotmail.com,+1-297-949-5679,1994-10-13,7272 Lake Dr,New York,NY,10001,US,Operations,inactive,2024-12-18
3c82ba33-16f9-d47e-7cd0-50b5bc71bba1,Steven,Hall,steven.hall@example.com,+1-650-704-9800,1969-06-27,7743 Main St,Columbus,OH,43085,US,Engineering,active,2024-04-17
2d039f93-cc4f-e8a4-1343-fa9fff0ba26b,Elizabeth,Wright,elizabeth.wright@icloud.com,+1-921-253-4653,1993-02-17,6396 Elm St,Seattle,WA,98101,US,Legal,active,2024-04-25
28959434-1d20-3371-5509-6fb849c4124d,Michelle,Young,michelle.young@hotmail.com,+1-841-435-7282,1996-03-04,2535 Maple Dr,Dallas,TX,75201,US,Sales,active,2024-09-22
21aaadac-fb8a-27ef-cccb-9f6744d1e260,Susan,Moore,susan.moore@hotmail.com,+1-802-679-7334,1990-05-08,2000 Cedar Ln,Dallas,TX,75201,US,Engineering,inactive,2024-02-18
33d1ac0c-a6f6-0921-cc25-682e97b608ab,Carol,Harris,carol.harris2@gmail.com,+1-819-713-5308,1985-07-31,5569 Oak Ave,Columbus,OH,43085,US,Engineering,inactive,2024-11-28
254cccb2-6191-fc4a-1213-0d872411561e,Dorothy,Gonzalez,dorothy.gonzalez@icloud.com,+1-796-628-7188,1987-08-25,242 Pine Rd,Phoenix,AZ,85001,US,Sales,inactive,2024-09-12
a24c55b6-30ce-7ed5-a6a3-3f306be807a8,Brian,Young,brian.young@gmail.com,+1-212-468-7170,1971-01-04,9806 Elm St,Los Angeles,CA,90001,US,Product,active,2024-06-21
36d992a4-23e2-441b-12c4-fb124cd23528,John,Baker,john.baker@icloud.com,+1-526-272-9963,1987-07-09,8663 Main St,Fort Worth,TX,76101,US,Product,active,2024-09-03
ea01992d-2ca6-c723-be9a-f7309888ec01,Jennifer,Smith,jennifer.smith@hotmail.com,+1-409-820-7557,1972-08-30,421 Cedar Ln,Houston,TX,77001,US,Product,suspended,2024-01-17
45a178fa-c516-631b-c834-9dcb42d58c9d,Michelle,Perez,michelle.perez@icloud.com,+1-414-921-8994,1972-11-02,2201 Oak Ave,San Francisco,CA,94102,US,Finance,active,2024-07-28
8f1f1e66-dd2e-8027-3660-c1946aab670f,Amanda,Rivera,amanda.rivera@hotmail.com,+1-429-894-2190,1998-04-17,9623 Oak Ave,Indianapolis,IN,46201,US,Engineering,active,2024-04-17
91eb2bce-780e-ec10-fbbe-6006975da8f9,Karen,Hall,karen.hall@yahoo.com,+1-699-437-7157,1994-08-04,8399 Pine Rd,Los Angeles,CA,90001,US,Sales,active,2024-09-04
78f756d1-bf33-1bdf-d925-80e1868e565c,Kimberly,Carter,kimberly.carter2@gmail.com,+1-485-573-3721,1996-05-14,9804 Oak Ave,Chicago,IL,60601,US,Finance,active,2024-02-06
0ea8b662-379a-a5e0-01e3-01f6633cef9c,Matthew,Thompson,matthew.thompson@icloud.com,+1-334-802-4481,1973-11-13,1752 Maple Dr,Charlotte,NC,28201,US,Marketing,inactive,2024-09-04
23fb7ddb-de60-af01-3e97-699bb4083c27,Mark,Carter,mark.carter@gmail.com,+1-705-976-6156,1967-12-21,8617 Oak Ave,San Jose,CA,95101,US,Marketing,suspended,2024-06-20
618cd01a-1dc9-04f9-42ff-97a7db66aca5,David,Johnson,david.johnson@hotmail.com,+1-552-233-8430,1961-02-02,2744 Park Blvd,San Antonio,TX,78201,US,Marketing,suspended,2024-10-04
f93c10be-04c3-25ec-0ae2-bc3fef26d1f8,James,Torres,james.torres2@outlook.com,+1-271-570-3963,1964-05-06,5307 Oak Ave,San Diego,CA,92101,US,Finance,inactive,2024-11-06
f47a3726-72e3-6b8f-a999-e3e4371fce97,Barbara,Gonzalez,barbara.gonzalez@icloud.com,+1-232-280-1489,1963-05-16,9269 Oak Ave,New York,NY,10001,US,HR,active,2024-02-28
3c78f25e-b45b-3974-dd84-b3ed1515e388,Timothy,Moore,timothy.moore@hotmail.com,+1-612-136-8625,1977-05-20,8116 Maple Dr,Nashville,TN,37201,US,Legal,active,2024-01-21
8d2902b2-f4b7-763a-9247-da54b6876ad4,Melissa,Jackson,melissa.jackson@outlook.com,+1-207-544-4353,1991-03-24,5749 Cedar Ln,Los Angeles,CA,90001,US,Finance,active,2024-06-01
1177d8ac-f960-d596-5351-413a21cdd1cb,Linda,Sanchez,linda.sanchez@example.com,+1-236-419-5458,1978-11-23,6191 Oak Ave,Philadelphia,PA,19101,US,Legal,active,2024-01-12
2025b4ce-a853-a7aa-38a9-aad534fa08a0,Kevin,Jones,kevin.jones@example.com,+1-230-705-7484,1964-07-04,7261 Cedar Ln,Austin,TX,73301,US,Engineering,suspended,2024-03-10
912b0d3b-5685-0d99-3397-e28ad7ac98d0,James,Walker,james.walker@outlook.com,+1-846-796-7874,1988-08-09,6798 Elm St,Chicago,IL,60601,US,Finance,active,2024-10-02
38a622d3-335b-59c5-4727-c2137b030b07,Joseph,Harris,joseph.harris@yahoo.com,+1-819-203-6244,1976-03-26,8264 Main St,San Francisco,CA,94102,US,Engineering,active,2024-09-10
b69f4ca6-17af-9323-0b36-71bb5c4ef4c6,Michael,Sanchez,michael.sanchez@yahoo.com,+1-517-540-9511,1981-11-23,3952 Oak Ave,Fort Worth,TX,76101,US,HR,inactive,2024-06-01
5ec35a8e-fc42-a8da-e76d-fe6ba2147b42,Mary,Anderson,mary.anderson@icloud.com,+1-569-623-5758,1994-06-22,6366 Pine Rd,Dallas,TX,75201,US,Sales,active,2024-02-17
008f90ae-2b4f-8899-36af-127a23f42dd3,Michael,Carter,michael.carter@example.com,+1-297-484-6702,1960-12-14,1723 Main St,Nashville,TN,37201,US,Product,active,2024-10-04
eb4cc7ed-1eb7-4ad0-57f2-9c3ff812b99d,Ashley,Roberts,ashley.roberts@outlook.com,+1-960-692-3646,1980-06-22,6388 Lake Dr,Los Angeles,CA,90001,US,Legal,active,2024-01-09
e85067f1-a32a-e62f-ac73-a1922536c7ea,Betty,Miller,betty.miller@hotmail.com,+1-727-742-5649,1989-09-09,3216 Park Blvd,Philadelphia,PA,19101,US,Operations,inactive,2024-09-24
24661802-0299-b709-2a27-a96cf4f1c64d,Kenneth,Scott,kenneth.scott@example.com,+1-203-363-8965,1995-03-12,1317 Main St,Indianapolis,IN,46201,US,Finance,inactive,2024-11-11
4a9dc999-40a5-3e34-16a0-8d894b9c55b7,Joseph,Jackson,joseph.jackson@hotmail.com,+1-346-839-8684,1993-09-26,1885 Lake Dr,Fort Worth,TX,76101,US,HR,active,2024-04-03
f6004e10-8f57-c122-f50a-82e803ec608b,Charles,White,charles.white@icloud.com,+1-252-150-3378,1975-12-06,303 Park Blvd,Jacksonville,FL,32099,US,Operations,active,2024-08-07
97efd131-2395-6105-b01c-040a72f6ce92,Christopher,Ramirez,christopher.ramirez@outlook.com,+1-460-308-7763,1996-05-25,1522 Main St,Phoenix,AZ,85001,US,Engineering,suspended,2024-09-06
aa3e5d92-6e3c-35e2-b5b3-34dd439d2203,Thomas,Lee,thomas.lee@gmail.com,+1-504-552-1675,1965-03-22,2472 Cedar Ln,San Francisco,CA,94102,US,Product,active,2024-08-10
2b77fe63-5ced-ec35-2c67-e9f62adb493d,Linda,Young,linda.young@gmail.com,+1-543-430-4312,1960-07-27,1316 Cedar Ln,Columbus,OH,43085,US,HR,active,2024-08-14
ed153a24-4c96-50e8-58af-8235937494cb,Elizabeth,Lopez,elizabeth.lopez@icloud.com,+1-270-603-7061,2000-09-15,4357 Main St,New York,NY,10001,US,Marketing,inactive,2024-04-15
1d15a56c-8dbf-e865-2a2b-4d1a8df1944f,Donna,Williams,donna.williams@outlook.com,+1-656-292-4345,1972-01-11,3462 Park Blvd,Seattle,WA,98101,US,Marketing,active,2024-09-06
cfeb7363-22f9-64d5-1bed-3927f3c4e6f5,Emily,Ramirez,emily.ramirez2@example.com,+1-262-900-7271,1979-06-21,4668 Park Blvd,Jacksonville,FL,32099,US,HR,inactive,2024-08-13
0c3887b8-e622-4f69-54b5-75c02b692471,Thomas,Robinson,thomas.robinson@icloud.com,+1-768-367-6783,1977-02-25,950 Oak Ave,Jacksonville,FL,32099,US,HR,active,2024-10-19
943629f4-9482-f0c1-e170-f88303ff41d0,Andrew,Martinez,andrew.martinez@outlook.com,+1-374-626-8076,1999-08-07,1963 Main St,Charlotte,NC,28201,US,Sales,suspended,2024-06-21
27336bc9-dbba-f966-ad1a-689a8759b6de,Lisa,Carter,lisa.carter@gmail.com,+1-530-799-6465,1970-09-11,2310 Main St,Dallas,TX,75201,US,Finance,active,2024-11-28
c336b12c-8966-a6be-1e29-80b5907dc5fe,George,Wright,george.wright@hotmail.com,+1-325-981-9668,1997-05-11,579 Elm St,Austin,TX,73301,US,Sales,suspended,2024-04-26
7d2e33bc-6edd-454e-f883-a25b03de7033,Joshua,Roberts,joshua.roberts@gmail.com,+1-424-115-9868,1968-09-25,3687 Main St,Austin,TX,73301,US,Finance,suspended,2024-09-10
66df81e2-caaf-fa2b-76c3-59ec7989a1d0,Mary,Miller,mary.miller@example.com,+1-806-245-2067,1988-08-03,9531 Oak Ave,Columbus,OH,43085,US,Engineering,active,2024-01-28
7c2b518e-fa6f-e0a2-5a9f-73109a1498e4,Ashley,Miller,ashley.miller@icloud.com,+1-500-877-6022,1961-07-27,5708 Pine Rd,Charlotte,NC,28201,US,Engineering,inactive,2024-10-04
8d63d40e-350e-fdc2-7887-f1ed6f19d58e,Karen,Thomas,karen.thomas@icloud.com,+1-858-412-5025,1995-10-26,1908 Elm St,Charlotte,NC,28201,US,Operations,inactive,2024-08-14
2e182d78-608b-cdfa-902d-9fe429db1298,Joshua,Lee,joshua.lee@icloud.com,+1-954-518-4712,1988-01-12,2689 Lake Dr,Charlotte,NC,28201,US,Finance,active,2024-05-08
142f489d-9da5-0aa7-a27b-b807dc99ddae,Ashley,Carter,ashley.carter2@gmail.com,+1-784-782-1660,1990-05-04,5349 Park Blvd,San Antonio,TX,78201,US,Product,active,2024-11-26
72c5d55a-e48d-6e56-0564-014330f20ae6,Michael,Taylor,michael.taylor@gmail.com,+1-606-630-4779,1973-10-28,2463 Lake Dr,San Diego,CA,92101,US,Product,suspended,2024-02-21
16352781-a094-96c9-b891-f2c6cf73151c,Kenneth,Mitchell,kenneth.mitchell@hotmail.com,+1-797-205-8713,1975-11-21,122 Maple Dr,Los Angeles,CA,90001,US,HR,active,2024-04-14
3fd79cc7-7666-2b5b-370b-9b36a95d9448,Melissa,Thomas,melissa.thomas2@hotmail.com,+1-746-146-2103,1992-09-11,3570 Oak Ave,Dallas,TX,75201,US,HR,active,2024-05-03
bfe68aa9-6ffc-0d1e-ce06-e7571e8bbd27,Richard,Thompson,richard.thompson@example.com,+1-775-246-7783,1992-02-08,2038 Oak Ave,Indianapolis,IN,46201,US,Marketing,active,2024-08-13
e2c57f3e-7b42-019d-89e6-c7e5761559ac,David,Johnson,david.johnson2@hotmail.com,+1-968-334-6632,1971-06-15,5113 Oak Ave,San Antonio,TX,78201,US,HR,active,2024-06-26
657c41c4-c747-d5c1-1903-b72fa6e363da,Anthony,Martin,anthony.martin@hotmail.com,+1-724-646-6354,1962-11-18,9707 Maple Dr,San Antonio,TX,78201,US,Product,inactive,2024-04-16
e354ab85-85ce-8f45-a5a9-d847de40d968,Kenneth,Campbell,kenneth.campbell@gmail.com,+1-818-374-4663,1984-06-19,8992 Cedar Ln,New York,NY,10001,US,Engineering,active,2024-05-18
6793ec8f-1aa2-f66f-e3db-f91cfed2b783,Kevin,White,kevin.white@hotmail.com,+1-582-543-1160,1993-01-02,8505 Main St,San Francisco,CA,94102,US,HR,active,2024-09-22
ce72229a-66f3-1683-f2b0-62af48ca086e,Donna,Williams,donna.williams@example.com,+1-932-289-9632,1972-08-13,2794 Park Blvd,Phoenix,AZ,85001,US,Marketing,inactive,2024-04-09
6f160fea-cef0-a5e8-c39c-1e3237b00c5e,Brian,Harris,brian.harris@gmail.com,+1-406-180-5291,1980-07-09,9241 Cedar Ln,Seattle,WA,98101,US,Marketing,suspended,2024-02-07
fee19570-be92-b3db-8525-245233906ed7,Mark,Rodriguez,mark.rodriguez@yahoo.com,+1-207-412-6560,1993-02-09,111 Cedar Ln,Denver,CO,80201,US,Engineering,suspended,2024-12-08
414c61dd-6994-4d00-7d76-17eb49464397,Sarah,Torres,sarah.torres@gmail.com,+1-794-289-8819,1978-01-09,3238 Park Blvd,Chicago,IL,60601,US,Marketing,active,2024-04-24
c7ec4955-b212-3326-cf51-15ae7cc51523,Donald,Adams,donald.adams@yahoo.com,+1-771-205-2231,1988-07-06,5961 Elm St,Philadelphia,PA,19101,US,Finance,suspended,2024-03-12
33399850-169f-9729-2cc6-a93beeb9e33d,Brian,Allen,brian.allen@icloud.com,+1-607-598-2039,1961-07-13,6687 Main St,San Diego,CA,92101,US,Finance,active,2024-09-10
82ca590e-278f-f760-036a-34f967568dbd,Robert,Campbell,robert.campbell@hotmail.com,+1-704-417-1235,1980-05-30,7735 Maple Dr,San Francisco,CA,94102,US,Product,active,2024-09-17
7b13e136-6add-ed37-168c-29019670e577,Robert,Smith,robert.smith@outlook.com,+1-749-176-3844,1971-02-18,8702 Cedar Ln,New York,NY,10001,US,Legal,suspended,2024-11-08
f117b0d1-3929-b2ac-913c-2eeca25b1b88,Joshua,Adams,joshua.adams2@icloud.com,+1-974-159-3543,2000-08-17,3012 Lake Dr,Austin,TX,73301,US,Marketing,active,2024-07-19
970e31e4-6bf7-69b4-c624-6193d3d95832,Daniel,Thomas,daniel.thomas@icloud.com,+1-728-846-3435,1970-12-29,3981 Maple Dr,Austin,TX,73301,US,Engineering,inactive,2024-03-21
6e8b6e54-5735-85fc-15e3-23d4addaaef7,Karen,Allen,karen.allen@hotmail.com,+1-888-951-3609,1998-07-27,3788 Main St,Houston,TX,77001,US,Product,inactive,2024-09-01
15abc508-feb6-8830-0993-813c7dc0242f,Robert,Baker,robert.baker@icloud.com,+1-483-820-2269,1977-04-20,2465 Main St,Dallas,TX,75201,US,HR,active,2024-08-04
8c6a6d9b-48f3-ad18-20cf-1eae6b79e132,David,Williams,david.williams@icloud.com,+1-657-414-9254,1993-12-20,5403 Park Blvd,San Antonio,TX,78201,US,Sales,active,2024-08-18
cd1723c8-cd90-6157-38ab-64a6ed3a227d,Michelle,Scott,michelle.scott@hotmail.com,+1-333-916-8407,1981-07-07,7524 Park Blvd,Chicago,IL,60601,US,Engineering,inactive,2024-04-20
91aab53e-8ead-4b89-685b-089e3d7c5be5,Michelle,Baker,michelle.baker@outlook.com,+1-796-150-7990,1991-08-31,5894 Lake Dr,Chicago,IL,60601,US,HR,active,2024-12-14
b5576846-ee76-16d1-6798-32566a4b1a88,Emily,Scott,emily.scott@outlook.com,+1-449-791-5040,1999-10-27,7793 Elm St,San Diego,CA,92101,US,Product,active,2024-09-09
e3a2579a-7ef7-b53b-b6e7-dddd7b4e0fd4,Daniel,Anderson,daniel.anderson@outlook.com,+1-737-470-3262,1980-04-25,9985 Pine Rd,Indianapolis,IN,46201,US,Operations,suspended,2024-04-14
4aa8bb0e-7097-7ee9-311d-2bceb2a6bfd5,Robert,Wright,robert.wright@example.com,+1-519-654-3722,2000-11-28,3115 Park Blvd,San Francisco,CA,94102,US,Engineering,active,2024-03-09
7f1cb660-63d2-f7d6-d8e4-7208d5258d42,Sarah,Lee,sarah.lee@gmail.com,+1-855-163-3546,1975-10-06,1975 Lake Dr,Philadelphia,PA,19101,US,Sales,suspended,2024-06-26
b9292acb-1bc1-d7c2-c24f-64bc65e0f06f,Emily,Scott,emily.scott@icloud.com,+1-203-339-8178,2000-12-16,6735 Cedar Ln,Chicago,IL,60601,US,Sales,suspended,2024-05-01
170c0372-4165-e9f7-7da8-21f036c03db9,Joseph,Allen,joseph.allen@example.com,+1-840-260-8160,1973-08-21,8994 Main St,New York,NY,10001,US,Product,active,2024-06-28
d35583b8-9d5e-3549-1a07-42b8da6c619d,Linda,Smith,linda.smith@icloud.com,+1-807-573-1050,1994-11-03,8127 Cedar Ln,Columbus,OH,43085,US,Finance,active,2024-04-05
968aa240-5dfd-0450-cb59-f4597890152d,Donna,Martin,donna.martin@gmail.com,+1-497-285-6881,1990-05-02,702 Oak Ave,Philadelphia,PA,19101,US,Product,active,2024-08-12
26019167-a275-429a-3651-f93c60c65ab9,Nancy,Lee,nancy.lee@hotmail.com,+1-768-172-1176,1983-05-23,8117 Main St,San Jose,CA,95101,US,Operations,inactive,2024-01-28
f4e3ab6e-c35b-83fb-a024-2eeeb792338f,Lisa,Lee,lisa.lee@hotmail.com,+1-490-218-1832,1983-06-23,9376 Park Blvd,San Antonio,TX,78201,US,Engineering,active,2024-12-14
144c1db2-fbc1-b446-3194-ece557c67ea9,Matthew,Davis,matthew.davis@hotmail.com,+1-651-487-7649,1989-08-09,342 Maple Dr,Chicago,IL,60601,US,HR,active,2024-12-12
36821170-4b19-197d-15a9-c5b682a0c053,Matthew,Hill,matthew.hill@hotmail.com,+1-435-877-7341,1964-02-06,7399 Elm St,Denver,CO,80201,US,Legal,active,2024-06-09
2e3fa03a-ffe0-8f41-c65a-bb3044b0bd16,Betty,Johnson,betty.johnson@hotmail.com,+1-627-121-7106,1968-07-18,3185 Cedar Ln,Seattle,WA,98101,US,Sales,active,2024-10-23
b446ba8e-8bf6-d20f-0cd8-8800b9d6dc7a,Emily,Ramirez,emily.ramirez@icloud.com,+1-943-932-2889,1976-12-01,8420 Lake Dr,Fort Worth,TX,76101,US,Operations,suspended,2024-09-02
f00b9cdc-391a-43e1-fb2b-3c7a6b45f2ee,Charles,Miller,charles.miller@outlook.com,+1-513-639-8289,1968-08-27,4262 Elm St,New York,NY,10001,US,Marketing,active,2024-12-13
287d8a15-2a2a-ce50-ddae-83220e784de3,Linda,Torres,linda.torres@yahoo.com,+1-870-860-4412,1987-06-22,361 Pine Rd,Charlotte,NC,28201,US,HR,active,2024-02-22
d4d69310-5492-6642-52d3-a66bb685c4d9,David,Garcia,david.garcia@yahoo.com,+1-650-721-1500,1998-02-14,671 Lake Dr,Dallas,TX,75201,US,Sales,active,2024-07-13
35b18b91-a400-a7e8-61af-e2620eb1d7c3,Timothy,Scott,timothy.scott@hotmail.com,+1-629-456-8319,1971-03-12,8633 Cedar Ln,Phoenix,AZ,85001,US,Legal,active,2024-11-22
74972cb5-7c55-a5c1-6620-a54b3c73e325,Nancy,Miller,nancy.miller2@gmail.com,+1-694-488-8972,1964-06-10,9933 Elm St,San Jose,CA,95101,US,Finance,active,2024-12-05
6bf2f7eb-96df-dc16-145e-619077c93f9e,Sarah,Hill,sarah.hill@hotmail.com,+1-682-421-6381,1969-10-13,7399 Oak Ave,Indianapolis,IN,46201,US,Sales,active,2024-10-10
e226975e-9fe4-71b9-b471-e89689c078b3,Lisa,Taylor,lisa.taylor@example.com,+1-904-384-5884,1967-04-28,3333 Maple Dr,New York,NY,10001,US,Product,suspended,2024-08-13
45005273-7ca5-c3f6-630a-b0ac637ec1ae,Andrew,Moore,andrew.moore@gmail.com,+1-984-659-9534,1990-04-13,6987 Park Blvd,San Diego,CA,92101,US,Engineering,suspended,2024-08-17
3d4605e3-b154-e299-8a0b-08741f48a077,Margaret,Anderson,margaret.anderson@icloud.com,+1-531-698-1625,1973-04-28,4675 Main St,Chicago,IL,60601,US,HR,active,2024-05-15
45cf4c6e-4cd7-1602-5cbf-c4982340c857,Sarah,Lopez,sarah.lopez@hotmail.com,+1-551-843-3466,1980-04-22,7872 Park Blvd,Los Angeles,CA,90001,US,Marketing,active,2024-10-11
0e083aab-e7a2-fc8a-46fa-e30d79aa390f,Thomas,Robinson,thomas.robinson@example.com,+1-667-425-2480,1984-08-26,4026 Oak Ave,Philadelphia,PA,19101,US,HR,inactive,2024-01-08
69f5af52-506b-e163-3a77-9e3d07eeff1f,Mark,Wright,mark.wright2@yahoo.com,+1-735-712-2886,1999-07-28,305 Elm St,Seattle,WA,98101,US,Legal,inactive,2024-08-01
ac1eee4f-a76f-b09a-9362-57ac30fee754,George,Walker,george.walker@outlook.com,+1-839-320-3840,1964-10-07,5281 Park Blvd,New York,NY,10001,US,Legal,suspended,2024-08-23
fb801c1c-c358-d1fb-178c-b06b3ead0a47,Deborah,Martin,deborah.martin@example.com,+1-690-896-8903,1996-07-14,1099 Park Blvd,Fort Worth,TX,76101,US,Sales,inactive,2024-07-24
cba7e8fe-3b80-b09a-e6eb-de5e675c71bb,Mark,Mitchell,mark.mitchell@icloud.com,+1-431-883-7427,1963-02-20,3402 Oak Ave,Columbus,OH,43085,US,Finance,active,2024-04-05
6bdf7fc5-8405-c6a5-9d6e-d0d6d1bb4400,Melissa,Clark,melissa.clark@yahoo.com,+1-510-127-5142,1990-09-20,6593 Park Blvd,San Jose,CA,95101,US,Operations,active,2024-10-16
f4990604-f6ba-7974-44de-c5054c0476a9,Mark,Johnson,mark.johnson@outlook.com,+1-454-936-5205,1977-09-05,9227 Elm St,San Diego,CA,92101,US,HR,active,2024-03-04
080a1cf5-a6f3-4448-8a76-c888e7b1a394,Michelle,Robinson,michelle.robinson@hotmail.com,+1-278-817-3893,1962-03-03,8701 Cedar Ln,Philadelphia,PA,19101,US,HR,suspended,2024-03-18
3f00196f-5af8-3ec8-04ce-b8ebd2a43f25,James,Johnson,james.johnson@example.com,+1-594-429-1424,1967-04-22,4733 Elm St,Denver,CO,80201,US,Product,suspended,2024-07-20
37ee3353-e065-e121-2b5e-4c8399e25008,Anthony,Hill,anthony.hill@gmail.com,+1-392-191-6179,1963-07-28,2180 Pine Rd,Los Angeles,CA,90001,US,Engineering,active,2024-02-11
25385ee9-cd30-a6e4-b1f8-07544452f7c3,Kenneth,Robinson,kenneth.robinson@outlook.com,+1-673-533-9474,1990-12-05,6837 Oak Ave,San Francisco,CA,94102,US,Sales,inactive,2024-08-27
d4370c76-3d30-9c42-39e8-41703dd3854e,George,Torres,george.torres@example.com,+1-536-546-6090,1996-01-30,2535 Main St,San Antonio,TX,78201,US,Marketing,suspended,2024-05-09
b7a02ebb-d387-632e-de6a-2b266a06fc7f,Christopher,Lewis,christopher.lewis@hotmail.com,+1-884-279-6963,1963-10-07,870 Park Blvd,Fort Worth,TX,76101,US,HR,active,2024-01-07
fdc4e6a9-e0cf-8211-f018-13fda68df5dd,Robert,Wright,robert.wright@outlook.com,+1-698-351-3958,1988-07-17,6684 Elm St,Chicago,IL,60601,US,Sales,active,2024-05-21
20a22a93-1044-a888-bf6d-c2386df2f1cc,Margaret,White,margaret.white@example.com,+1-874-919-2008,1972-08-16,3611 Pine Rd,Jacksonville,FL,32099,US,Product,inactive,2024-11-06
d274f6e1-f185-ba69-9a1c-34dcdf68938c,Margaret,Taylor,margaret.taylor@outlook.com,+1-971-625-3832,1963-06-01,8359 Oak Ave,Los Angeles,CA,90001,US,HR,active,2024-06-07
d188d48f-f6c8-c1b5-b70f-9bf6a12cd3bb,Lisa,Green,lisa.green@outlook.com,+1-640-228-9731,1975-05-19,6928 Main St,Philadelphia,PA,19101,US,Legal,suspended,2024-02-27
d8c8c0e1-5545-8db7-cb8a-f6047461fd48,Timothy,Thomas,timothy.thomas2@icloud.com,+1-274-350-5215,1991-12-02,711 Lake Dr,San Jose,CA,95101,US,HR,suspended,2024-02-17
f7ff1530-e27b-7f00-8922-0c6ce07ef88a,Melissa,Lee,melissa.lee@gmail.com,+1-341-785-5266,1991-05-07,849 Elm St,Jacksonville,FL,32099,US,Operations,active,2024-07-23
a098f7e7-a970-75cc-05e8-cf169de80e55,Daniel,Jones,daniel.jones@yahoo.com,+1-860-541-2780,1978-01-04,1569 Elm St,Los Angeles,CA,90001,US,Legal,active,2024-11-15
45dae9c2-88ff-41b5-50ca-c4941e6bdce9,Barbara,Perez,barbara.perez@yahoo.com,+1-587-416-4733,1970-05-29,9764 Pine Rd,New York,NY,10001,US,HR,active,2024-09-01
c795a172-2a37-7c1f-fd65-0ec7959ef9db,Brian,Lee,brian.lee@outlook.com,+1-948-872-4452,1962-09-29,1761 Elm St,New York,NY,10001,US,Engineering,inactive,2024-09-16
3d69b6b6-09b6-cee0-d960-bb6906e7a05b,Jessica,Smith,jessica.smith3@outlook.com,+1-977-378-4427,1986-02-05,3051 Maple Dr,San Antonio,TX,78201,US,Product,active,2024-01-11
b98e31c4-edaf-bf82-f079-3a4958a008b6,Carol,White,carol.white@example.com,+1-591-938-3419,1991-09-16,8274 Pine Rd,Jacksonville,FL,32099,US,Legal,active,2024-07-26
cf6d8639-fbf4-e9d0-d594-c391383a56cc,Daniel,Campbell,daniel.campbell@hotmail.com,+1-434-708-4980,1991-01-06,9870 Pine Rd,Seattle,WA,98101,US,Finance,active,2024-01-19
71e64566-c309-35fa-5a7e-4e9d822aa26f,Carol,Thompson,carol.thompson@gmail.com,+1-760-550-9695,1982-08-20,3061 Main St,Seattle,WA,98101,US,Operations,inactive,2024-03-24
da9bc113-ae9f-52e1-031a-1b7932d5ee49,Steven,Thomas,steven.thomas@icloud.com,+1-272-674-8080,1983-04-03,5921 Pine Rd,Charlotte,NC,28201,US,Product,active,2024-08-25
608f74e7-bf16-7e1e-adcd-5acb51c30102,Charles,Perez,charles.perez@hotmail.com,+1-855-578-1058,1990-01-09,3428 Maple Dr,Philadelphia,PA,19101,US,Legal,active,2024-09-26
0daf3372-5405-80ca-d291-a86873b6311f,Kenneth,Allen,kenneth.allen@hotmail.com,+1-793-665-1522,1983-05-06,2166 Main St,Jacksonville,FL,32099,US,Legal,active,2024-11-05
fb1a71f7-7674-3777-e2fc-bbdb0c07ebef,John,Taylor,john.taylor@hotmail.com,+1-494-313-1341,2000-11-15,6536 Pine Rd,Denver,CO,80201,US,HR,inactive,2024-08-07
d31f23ae-4161-e95d-cb5f-85f5a10e0c72,Donna,Hernandez,donna.hernandez@gmail.com,+1-997-375-1213,1973-05-12,7827 Cedar Ln,Phoenix,AZ,85001,US,Marketing,suspended,2024-08-03
c1ddc3fd-0ed4-247c-2e4d-c7a0114c19fb,Paul,Adams,paul.adams@icloud.com,+1-400-875-7513,1965-06-02,8001 Maple Dr,New York,NY,10001,US,Marketing,inactive,2024-10-26
fb5f965d-c6d0-fbd9-a37c-b48efa928794,Kenneth,Taylor,kenneth.taylor@yahoo.com,+1-601-525-7886,1963-09-14,4499 Lake Dr,Columbus,OH,43085,US,Marketing,active,2024-08-23
229b0869-5dde-05de-6b98-c85a57767816,Andrew,Anderson,andrew.anderson@outlook.com,+1-917-824-1408,1979-11-14,8909 Cedar Ln,Philadelphia,PA,19101,US,Marketing,active,2024-01-21
38a0fb48-865f-4904-dda4-9b2fa2b2b1a1,James,Jones,james.jones2@example.com,+1-382-192-6415,1963-08-04,2595 Main St,Fort Worth,TX,76101,US,Engineering,inactive,2024-05-03
60b6c27e-8cc2-4e9e-09a5-a2eaf30bf192,Melissa,Harris,melissa.harris@hotmail.com,+1-224-922-5862,1969-06-15,2431 Cedar Ln,Dallas,TX,75201,US,Marketing,inactive,2024-08-05
47e0b4a4-fc49-3658-408b-d3a6bd4ee51d,Susan,Rodriguez,susan.rodriguez@outlook.com,+1-685-218-1624,1997-07-14,6239 Main St,Fort Worth,TX,76101,US,Product,active,2024-07-15
2a1e0154-9e59-dc6d-e2b3-200788192c5d,Michelle,Thomas,michelle.thomas2@hotmail.com,+1-274-361-3002,1983-09-13,8903 Oak Ave,Charlotte,NC,28201,US,Engineering,active,2024-08-06
d4eab36c-f1ab-5d0d-cf58-fa1e9ee320fa,Joshua,Johnson,joshua.johnson@icloud.com,+1-745-837-1761,1981-02-14,1716 Oak Ave,Dallas,TX,75201,US,Legal,active,2024-12-12
bd7dabed-6db6-3948-ad91-da36deb176a1,Deborah,Sanchez,deborah.sanchez2@outlook.com,+1-538-652-7068,1988-08-09,7448 Elm St,Charlotte,NC,28201,US,Legal,suspended,2024-01-08
96cd5029-a21b-65ed-51f8-a0dfba6d4b35,George,Anderson,george.anderson2@hotmail.com,+1-968-845-5579,1999-01-21,8016 Oak Ave,Charlotte,NC,28201,US,Engineering,suspended,2024-10-23
877d2b8c-7bab-4ee4-f10a-dbcad31a0d15,Donna,Nguyen,donna.nguyen@example.com,+1-489-652-7589,1993-04-18,5153 Maple Dr,San Antonio,TX,78201,US,Finance,active,2024-09-01
438459ad-0659-9675-3647-d396e08190ed,Charles,Lee,charles.lee@yahoo.com,+1-826-937-9922,1971-11-13,2853 Main St,San Antonio,TX,78201,US,Legal,active,2024-01-01
33cb47f4-58e3-3f5e-7259-0637430b4e2c,Barbara,Sanchez,barbara.sanchez@hotmail.com,+1-925-894-8113,1975-02-21,4762 Oak Ave,Jacksonville,FL,32099,US,Product,active,2024-09-05
fc781c5a-d1f8-4d79-241c-c262d18f9b31,Lisa,Garcia,lisa.garcia@gmail.com,+1-849-307-1863,1998-04-19,3154 Elm St,Indianapolis,IN,46201,US,Sales,active,2024-08-26
e82971a0-c444-98b4-8b49-01dc0778c0d5,Elizabeth,Harris,elizabeth.harris@yahoo.com,+1-254-901-5230,1998-10-29,9067 Main St,San Diego,CA,92101,US,Product,active,2024-02-06
3b4e6d3b-e136-c499-b3bc-04714df6de09,Deborah,White,deborah.white2@icloud.com,+1-261-507-6219,1973-07-28,7610 Lake Dr,New York,NY,10001,US,Sales,active,2024-02-05
87e29a89-908e-006e-0033-d65c1b0f5962,Mark,Miller,mark.miller@example.com,+1-297-971-8436,1983-03-03,6809 Park Blvd,Fort Worth,TX,76101,US,Finance,active,2024-03-03
1d52e1fc-739c-075d-a748-baa1d3ffe272,Lisa,Martinez,lisa.martinez@hotmail.com,+1-274-112-8405,1969-01-22,108 Park Blvd,Indianapolis,IN,46201,US,Product,suspended,2024-11-14
3c37fd4e-e2e9-4afd-7900-32e34a737e8c,Sarah,Clark,sarah.clark@example.com,+1-558-995-6093,1964-07-10,7008 Elm St,San Jose,CA,95101,US,Finance,inactive,2024-05-06
953ba84b-89d2-8423-613c-9aa5ece5f080,Lisa,Lopez,lisa.lopez@outlook.com,+1-783-755-9049,1979-12-05,7904 Cedar Ln,Charlotte,NC,28201,US,Operations,active,2024-07-21
7afce244-a816-1889-3fc8-9271a69bb529,Matthew,Williams,matthew.williams@yahoo.com,+1-957-948-1493,1989-12-19,1636 Pine Rd,Philadelphia,PA,19101,US,Engineering,suspended,2024-06-23
59e4c462-13a1-0cd4-cf8b-3687a56650bf,Michelle,Brown,michelle.brown@example.com,+1-859-886-2599,1995-09-16,9993 Park Blvd,Charlotte,NC,28201,US,Finance,active,2024-04-02
6b2700cd-974c-7e29-b7bd-4aca5637cbd9,Michelle,Martin,michelle.martin2@hotmail.com,+1-277-818-2498,1966-10-09,5922 Elm St,Indianapolis,IN,46201,US,Finance,active,2024-09-25
9464e4c9-d0fa-47dc-aef1-e998fcf217cc,Charles,Garcia,charles.garcia2@hotmail.com,+1-899-892-1283,1993-12-11,7118 Maple Dr,Phoenix,AZ,85001,US,Marketing,active,2024-12-23
31694fc1-e898-6f79-caa4-5ec7d40e0d08,George,Clark,george.clark@hotmail.com,+1-227-689-9767,1989-09-05,951 Elm St,Los Angeles,CA,90001,US,Marketing,suspended,2024-04-09
8706e126-6f63-ee93-525d-00c43feaf019,Richard,Moore,richard.moore@icloud.com,+1-262-809-9557,1978-04-11,8172 Lake Dr,San Antonio,TX,78201,US,Finance,active,2024-08-05
24ed48a9-633c-6767-76b9-49e66ca5c389,Charles,Hall,charles.hall@outlook.com,+1-296-919-9794,1991-07-28,8041 Pine Rd,Houston,TX,77001,US,Finance,active,2024-10-14
640e0c3a-23da-e87e-3377-4342a3e96af2,Charles,Young,charles.young@outlook.com,+1-740-341-5945,1987-01-13,8561 Lake Dr,Phoenix,AZ,85001,US,Engineering,suspended,2024-12-21
b5a586ca-8f66-0a2e-2b35-e0ddac0958b0,Elizabeth,Nguyen,elizabeth.nguyen2@outlook.com,+1-803-141-6114,1978-11-13,5709 Pine Rd,Houston,TX,77001,US,Sales,inactive,2024-03-15
856e03d1-566e-3258-2fef-5558ecb69e26,Donald,Wilson,donald.wilson@yahoo.com,+1-298-233-8617,1998-08-24,6445 Park Blvd,Houston,TX,77001,US,Finance,active,2024-01-09
6ce222f4-77b5-6182-fcc0-7ddaeb86f66c,Michael,Flores,michael.flores@hotmail.com,+1-549-832-3983,1971-09-20,2115 Pine Rd,Dallas,TX,75201,US,Product,suspended,2024-07-17
5ee6a1d2-7a06-aa46-1108-2c842d900771,Lisa,Carter,lisa.carter2@gmail.com,+1-273-572-2709,1986-08-03,4056 Elm St,Columbus,OH,43085,US,Sales,suspended,2024-05-11
01d1a474-53bc-3154-d581-b11da04d4e5c,Thomas,Adams,thomas.adams@hotmail.com,+1-840-123-6807,1991-12-04,7203 Pine Rd,New York,NY,10001,US,Operations,suspended,2024-01-16
39d0f832-1d72-b0e5-4c51-669b84852c6c,Anthony,Clark,anthony.clark@outlook.com,+1-758-782-5091,1980-08-13,1949 Maple Dr,Seattle,WA,98101,US,Legal,inactive,2024-01-16
2d2c842d-8a68-94bf-4941-2afd9b4d42a3,Paul,Roberts,paul.roberts@yahoo.com,+1-852-994-3089,1975-09-15,4197 Elm St,San Antonio,TX,78201,US,Sales,active,2024-09-18
4f28ceb2-3f91-cc50-ce92-aeeb5d55b647,Linda,Harris,linda.harris@gmail.com,+1-310-598-7945,1999-06-22,5782 Pine Rd,San Antonio,TX,78201,US,Product,active,2024-05-04
ac6fec8e-4afb-9204-198d-9b79a7749aad,Michael,Adams,michael.adams@icloud.com,+1-994-573-4643,1961-06-18,9309 Oak Ave,Houston,TX,77001,US,Sales,suspended,2024-09-27
e5295788-fbb6-0d99-8f5f-a91e481f8370,Michelle,Thomas,michelle.thomas@outlook.com,+1-927-108-2622,1971-03-26,2207 Lake Dr,San Francisco,CA,94102,US,Legal,active,2024-03-15
568dad3b-fedf-7fef-807c-a2dfa5ad3da5,Ashley,Hall,ashley.hall@gmail.com,+1-399-947-1073,1977-04-11,9678 Oak Ave,Austin,TX,73301,US,Legal,active,2024-05-16
cb17cec3-075f-2996-313a-83d3a8325abb,Andrew,Taylor,andrew.taylor@gmail.com,+1-974-650-3621,1960-02-02,2730 Main St,San Francisco,CA,94102,US,Product,active,2024-02-20
2790cb35-086e-8764-4ba0-6025bfb4a05a,Donna,Carter,donna.carter@hotmail.com,+1-911-678-5015,1984-12-07,7612 Park Blvd,Austin,TX,73301,US,HR,active,2024-03-27
03a63de2-8651-5ea6-2126-9e2bf7570fb6,Anthony,Green,anthony.green2@outlook.com,+1-372-343-7305,1980-04-21,5247 Park Blvd,Seattle,WA,98101,US,Sales,inactive,2024-01-01
1ec0774b-de6b-8a69-ab4b-eed20695e296,Kimberly,Smith,kimberly.smith@outlook.com,+1-738-886-9379,1984-05-22,222 Main St,Denver,CO,80201,US,Finance,active,2024-01-11
861dc25a-dd82-1e97-65b5-0052f8d9f45f,Richard,Robinson,richard.robinson@icloud.com,+1-953-590-3625,1984-07-01,2533 Main St,Phoenix,AZ,85001,US,Finance,active,2024-08-03
2a92d170-f085-8e79-2b88-be87bce9a017,Patricia,Wright,patricia.wright2@gmail.com,+1-409-994-8657,1985-08-13,6201 Park Blvd,Columbus,OH,43085,US,Sales,active,2024-06-09
7201dad7-0f3b-fd62-8fb1-c751fdfc829c,Robert,Thompson,robert.thompson@example.com,+1-202-958-3078,1985-12-12,7444 Maple Dr,Chicago,IL,60601,US,Sales,suspended,2024-05-28
da1af8dd-c4d7-579c-89b6-48995506a435,Barbara,Nelson,barbara.nelson@icloud.com,+1-443-413-3744,1969-09-19,6398 Cedar Ln,Columbus,OH,43085,US,Legal,active,2024-10-11
bf18ef6f-c61c-17a1-c570-896e240b2dd5,Daniel,Hill,daniel.hill@gmail.com,+1-435-345-6889,1987-05-03,5952 Elm St,Los Angeles,CA,90001,US,Legal,active,2024-09-21
18f23b98-9be6-1235-d0e8-13998400fc18,Joseph,Taylor,joseph.taylor@hotmail.com,+1-645-183-1438,1989-01-18,5737 Elm St,San Antonio,TX,78201,US,Legal,active,2024-04-01
95cec935-b836-1150-4599-86e816174769,Brian,Green,brian.green@yahoo.com,+1-815-785-1935,1978-05-13,9990 Pine Rd,Denver,CO,80201,US,Marketing,inactive,2024-08-19
98863fe1-76d5-e948-2fe5-ef4d0aca391b,Christopher,Green,christopher.green@example.com,+1-999-620-2570,1989-04-01,4503 Elm St,Philadelphia,PA,19101,US,HR,suspended,2024-02-26
47916bf3-8369-244e-2967-9660a0577329,Robert,Scott,robert.scott@icloud.com,+1-545-901-9455,1981-03-24,4930 Lake Dr,Houston,TX,77001,US,HR,suspended,2024-05-02
844a64b4-c7a4-f60a-e94b-fee98d78f8fe,John,Torres,john.torres@yahoo.com,+1-607-454-9848,1968-03-31,363 Lake Dr,Columbus,OH,43085,US,Sales,active,2024-01-18
91e15e4e-1490-bda5-054a-2cc0cd5abece,Kenneth,Nelson,kenneth.nelson3@gmail.com,+1-709-392-4445,1980-06-28,5273 Lake Dr,Jacksonville,FL,32099,US,Operations,active,2024-11-20
06450fd9-800e-4caa-6bf2-7209a2e562e0,William,Perez,william.perez@outlook.com,+1-919-804-9965,1999-03-04,4400 Park Blvd,Jacksonville,FL,32099,US,Engineering,active,2024-02-11
db70bbfd-6153-7d95-3608-48bcc7c81db1,Brian,Adams,brian.adams@icloud.com,+1-356-379-4067,1965-09-23,4808 Pine Rd,Houston,TX,77001,US,Legal,active,2024-01-05
e7763526-72cf-1873-a69f-d885e572416e,Daniel,Davis,daniel.davis@icloud.com,+1-342-415-5412,1977-08-20,6963 Main St,Los Angeles,CA,90001,US,Operations,inactive,2024-12-16
3e29310c-62e7-19bb-7544-a3ed49f1c102,David,Jackson,david.jackson@icloud.com,+1-255-802-9706,1981-09-23,3484 Elm St,Indianapolis,IN,46201,US,Legal,active,2024-11-18
0975c9c8-0e89-8f36-aca0-5633c8cea36b,Joshua,Johnson,joshua.johnson2@icloud.com,+1-933-807-7841,1998-07-08,4094 Pine Rd,Houston,TX,77001,US,Legal,active,2024-11-25
22761b7a-c65f-10ac-e3ae-348e439fc38a,Carol,Garcia,carol.garcia@icloud.com,+1-246-794-3522,1996-10-12,2571 Cedar Ln,New York,NY,10001,US,Engineering,active,2024-10-16
8e25ec17-fe1e-b130-6ec6-d561d37d5106,Daniel,Robinson,daniel.robinson@yahoo.com,+1-993-768-4067,1994-11-10,8213 Lake Dr,San Antonio,TX,78201,US,Product,active,2024-08-12
52e2d104-8eb4-f66c-69e3-17d18248c947,George,Thompson,george.thompson@outlook.com,+1-593-997-9857,1974-11-20,5900 Main St,Phoenix,AZ,85001,US,Product,inactive,2024-05-17
7914e10e-8299-349b-f924-6599dff2644e,Donald,King,donald.king@yahoo.com,+1-314-329-1736,1973-11-25,841 Main St,Fort Worth,TX,76101,US,Sales,active,2024-06-09
71d96b9a-4924-9072-3d19-656a3fd3d6a6,Betty,Adams,betty.adams@outlook.com,+1-836-621-6720,1998-01-22,2233 Pine Rd,Austin,TX,73301,US,HR,active,2024-08-01
bec4ba68-aa96-7752-5435-7580090497e7,Charles,Davis,charles.davis@example.com,+1-594-317-4208,1976-09-05,7904 Main St,San Jose,CA,95101,US,Product,suspended,2024-06-21
32a4903e-1ee1-5856-a5f9-1bc064d6baf7,Michael,Jones,michael.jones@icloud.com,+1-747-760-8223,1986-06-28,5964 Elm St,Houston,TX,77001,US,Operations,suspended,2024-05-06
ee592670-e26e-c7f7-3f03-bfa430e24438,Elizabeth,Torres,elizabeth.torres@icloud.com,+1-863-255-5731,1989-11-02,1255 Lake Dr,Houston,TX,77001,US,Legal,active,2024-02-17
4b652492-75f5-ebd1-c8a5-6ddcb2778506,James,Miller,james.miller@example.com,+1-398-488-1845,1979-10-21,4326 Main St,Fort Worth,TX,76101,US,Operations,suspended,2024-03-15
40bda1df-7867-7864-4574-2f4cc50815d6,Michael,Taylor,michael.taylor@yahoo.com,+1-818-310-6009,1985-09-21,7864 Park Blvd,Columbus,OH,43085,US,Finance,suspended,2024-07-03
7b02fa03-aa51-4265-86c5-0e09ec2a10da,Betty,Green,betty.green2@example.com,+1-670-492-6031,1991-06-05,5184 Main St,Chicago,IL,60601,US,HR,active,2024-02-26
b1ba6d90-e7ba-652e-113d-74f4b9c3267c,Donna,Clark,donna.clark2@example.com,+1-657-957-1594,1967-04-17,454 Elm St,Austin,TX,73301,US,Finance,active,2024-03-14
a0d2da56-e81c-476b-23d3-37860fe6e284,Mary,White,mary.white2@outlook.com,+1-744-870-5947,1973-06-02,5506 Elm St,Indianapolis,IN,46201,US,Legal,inactive,2024-10-11
08e4eaed-3a26-697d-1728-e0f6840ec47b,Nancy,Torres,nancy.torres@gmail.com,+1-707-630-4961,1978-08-25,7390 Cedar Ln,Philadelphia,PA,19101,US,Marketing,suspended,2024-12-23
c3d206b3-3c66-baa5-bc90-513f2bc9e301,Jessica,Thompson,jessica.thompson@icloud.com,+1-961-367-6370,1964-11-22,9552 Maple Dr,San Jose,CA,95101,US,Finance,active,2024-06-23
7ffc3602-d631-a545-51ba-adf758f7a675,Dorothy,Brown,dorothy.brown@example.com,+1-279-204-7278,1972-12-17,2936 Lake Dr,Philadelphia,PA,19101,US,HR,active,2024-06-04
7eedc1ca-2240-9062-337f-562469623159,Charles,Hill,charles.hill3@yahoo.com,+1-917-156-3520,1996-11-08,3368 Oak Ave,San Francisco,CA,94102,US,Legal,active,2024-11-02
c7fb1a6d-00bc-a5bf-615d-e80df658b46a,William,King,william.king2@example.com,+1-846-973-8939,1961-12-29,6355 Cedar Ln,Chicago,IL,60601,US,HR,active,2024-04-07
e2f6896c-f768-52a4-fff0-5450a64915e6,Sarah,Baker,sarah.baker@hotmail.com,+1-965-484-4408,1968-02-21,4025 Elm St,New York,NY,10001,US,Product,active,2024-02-23
7ecd45e7-f14e-aafb-a9f9-eae18c1ab874,Betty,Green,betty.green@yahoo.com,+1-238-931-3802,1996-02-05,5420 Maple Dr,Denver,CO,80201,US,Marketing,active,2024-12-24
798f9d48-1866-d97e-df5b-692ddabe15a5,Jennifer,Moore,jennifer.moore@example.com,+1-333-765-4243,1975-09-29,6248 Elm St,San Diego,CA,92101,US,Engineering,active,2024-12-24
e23528ec-a22d-17b5-0d21-704663721cf1,Kevin,Martin,kevin.martin@icloud.com,+1-969-245-5027,1967-08-08,5470 Pine Rd,Jacksonville,FL,32099,US,Legal,active,2024-03-09
0ba32ac5-3cb6-4d29-e586-a078d0327303,John,Lee,john.lee@example.com,+1-982-515-2259,1996-01-04,1900 Cedar Ln,Jacksonville,FL,32099,US,Engineering,active,2024-05-12
2a45fc82-a272-79aa-d87c-00895d216163,Michelle,King,michelle.king2@icloud.com,+1-401-374-1843,1981-03-25,8300 Lake Dr,Phoenix,AZ,85001,US,Engineering,active,2024-07-18
3d678d21-66df-523d-5b92-e1f0f334aef9,Kevin,Anderson,kevin.anderson@yahoo.com,+1-721-479-2037,1976-06-01,8615 Maple Dr,Austin,TX,73301,US,HR,active,2024-10-19
0ad6ff55-8f7f-f3c8-9470-f70463b973a3,Deborah,Lewis,deborah.lewis2@outlook.com,+1-244-995-6656,1995-06-12,5892 Lake Dr,San Francisco,CA,94102,US,Finance,active,2024-09-01
93f82386-003f-83ee-6368-854ba1319f08,Sandra,Flores,sandra.flores@example.com,+1-889-395-1164,1978-03-19,4981 Pine Rd,Phoenix,AZ,85001,US,Legal,active,2024-01-04
58d5a50b-6445-08f4-d6b9-e4a4adeda96e,Sandra,Lee,sandra.lee@gmail.com,+1-530-628-1637,1978-07-01,6517 Elm St,Austin,TX,73301,US,Product,suspended,2024-08-28
2e82ae67-4a1a-ea93-2b53-520533b35cf6,Melissa,Rivera,melissa.rivera2@example.com,+1-243-358-4935,1967-05-07,298 Main St,Phoenix,AZ,85001,US,Product,active,2024-12-03
d8869323-d68f-8c76-7826-27dc904ee7f6,Andrew,Miller,andrew.miller@gmail.com,+1-303-856-5034,1998-03-30,6256 Cedar Ln,Columbus,OH,43085,US,Operations,suspended,2024-02-25
276ba4cc-d61a-3d1b-f9d5-6a440ca641cd,Kevin,Garcia,kevin.garcia@outlook.com,+1-760-507-2782,1997-05-19,2189 Maple Dr,Phoenix,AZ,85001,US,Finance,active,2024-09-14
a2d1ea65-21b0-a31a-c57e-af63b73cd95c,Carol,Carter,carol.carter@gmail.com,+1-494-437-5881,1960-02-02,2235 Maple Dr,Dallas,TX,75201,US,HR,suspended,2024-03-06
b3d45809-c624-b618-21aa-0c0db0fc171b,Charles,Thomas,charles.thomas2@gmail.com,+1-257-115-1446,1970-05-19,1582 Cedar Ln,Phoenix,AZ,85001,US,Sales,inactive,2024-09-20
0fb6119e-5539-a495-3c5d-1007a98c0555,David,Wright,david.wright@example.com,+1-856-700-9000,1971-11-16,9293 Oak Ave,Philadelphia,PA,19101,US,Finance,active,2024-04-25
ff570304-7c14-e62e-f0e4-2289a2df2c60,David,Hill,david.hill@outlook.com,+1-620-288-5598,1965-03-24,8511 Pine Rd,Fort Worth,TX,76101,US,Product,inactive,2024-07-10
ef16b665-947c-4b2e-7557-de32744d7542,Patricia,Roberts,patricia.roberts@icloud.com,+1-571-320-7159,1998-12-11,1133 Pine Rd,Nashville,TN,37201,US,Engineering,suspended,2024-04-01
ee0d466b-e568-5012-3ef8-cc0f64616577,Michelle,Robinson,michelle.robinson2@gmail.com,+1-443-485-1897,1962-05-30,2112 Lake Dr,Nashville,TN,37201,US,Finance,active,2024-12-11
eeb9aaa6-bef2-7082-7d68-fb1611a0d06c,Margaret,Walker,margaret.walker@example.com,+1-999-302-8034,1978-11-26,3065 Maple Dr,Philadelphia,PA,19101,US,HR,active,2024-10-22
b9ed9f2a-8b3c-770c-320b-236474733770,Paul,Torres,paul.torres@hotmail.com,+1-959-286-5927,1998-10-19,3183 Maple Dr,Charlotte,NC,28201,US,Marketing,active,2024-07-06
391c41c1-daa9-3631-87b3-3ac1f236721b,Joshua,Hernandez,joshua.hernandez@yahoo.com,+1-401-634-2355,1967-03-16,3226 Elm St,Philadelphia,PA,19101,US,Sales,active,2024-04-11
94b609c1-c57b-2fcc-0704-1c50ae7f87cb,Joshua,Johnson,joshua.johnson@hotmail.com,+1-922-398-1694,1981-10-08,1572 Pine Rd,Phoenix,AZ,85001,US,HR,active,2024-03-10
634b7b03-5ea3-6a11-cf9b-e242406b7af2,Lisa,Hernandez,lisa.hernandez@yahoo.com,+1-653-791-1430,1966-12-11,8560 Cedar Ln,Denver,CO,80201,US,Finance,active,2024-01-09
f457302f-a489-7d75-3255-6b16306d8dee,Anthony,Hernandez,anthony.hernandez@example.com,+1-670-385-2850,1991-01-08,5774 Cedar Ln,Nashville,TN,37201,US,Operations,suspended,2024-12-28
951f697e-f17a-61a0-a4d8-c429822ab84d,Joseph,Wilson,joseph.wilson2@example.com,+1-573-906-2305,1980-01-16,9985 Main St,San Francisco,CA,94102,US,Operations,active,2024-01-19
587700c0-9204-95bd-5c85-44367b72a711,Kenneth,Mitchell,kenneth.mitchell2@outlook.com,+1-260-620-4033,1985-03-07,5659 Lake Dr,Austin,TX,73301,US,Sales,active,2024-03-24
6bdef411-8f3f-3e1d-0125-80797b67e19e,Brian,Baker,brian.baker@yahoo.com,+1-271-670-8139,1960-04-03,9880 Pine Rd,New York,NY,10001,US,HR,inactive,2024-11-15
44d522d9-1914-d479-9ea9-58eabe3f6060,Charles,Robinson,charles.robinson@example.com,+1-760-355-7008,1967-07-18,6240 Elm St,Jacksonville,FL,32099,US,Engineering,suspended,2024-11-25
ef6768c4-dd51-3387-f04f-9a10d82d6041,Matthew,Torres,matthew.torres@yahoo.com,+1-876-100-3829,1980-07-19,5455 Maple Dr,Phoenix,AZ,85001,US,Operations,active,2024-11-04
5ae6f4a7-5e32-66b2-dfce-add0c01c77fd,Linda,Mitchell,linda.mitchell@example.com,+1-956-520-3915,2000-01-08,4969 Oak Ave,Los Angeles,CA,90001,US,Sales,inactive,2024-11-14
91d1977c-ef00-137c-a5b9-9593c9342209,Mark,Clark,mark.clark2@example.com,+1-471-150-6129,1961-03-04,9314 Park Blvd,San Francisco,CA,94102,US,HR,inactive,2024-01-08
532d3f9a-c403-5969-d7a6-da0d49ffeaf9,Richard,Ramirez,richard.ramirez@outlook.com,+1-977-303-3553,1997-09-27,385 Park Blvd,Philadelphia,PA,19101,US,Operations,active,2024-12-24
de547afa-4c62-13e1-387c-e5fbfd114461,Joseph,Rodriguez,joseph.rodriguez@hotmail.com,+1-260-812-4403,1973-03-25,7840 Oak Ave,Chicago,IL,60601,US,Operations,active,2024-12-09
ef95d35a-d7e3-4b19-ad02-af6c55cc57fe,Richard,Davis,richard.davis@gmail.com,+1-621-646-5054,1962-11-30,495 Elm St,Nashville,TN,37201,US,Finance,active,2024-12-06
7022906e-481f-2612-71b8-211896226bc5,David,White,david.white@yahoo.com,+1-762-574-2011,1972-05-13,7125 Lake Dr,Fort Worth,TX,76101,US,Product,active,2024-05-06
bcaf6e87-a8b7-34dc-fb8f-e79977785ab1,Steven,Clark,steven.clark@example.com,+1-230-571-9588,1961-08-29,1300 Main St,San Diego,CA,92101,US,Marketing,active,2024-02-05
4c1c946b-a3e2-29c0-9b22-e53364485715,Charles,Jackson,charles.jackson@icloud.com,+1-331-207-2842,1976-09-06,8344 Lake Dr,New York,NY,10001,US,HR,suspended,2024-11-01
f80cc715-a86b-bd8e-0dfd-34d6d39dc3b9,Mary,Moore,mary.moore2@outlook.com,+1-997-840-2011,1963-02-13,7198 Maple Dr,Denver,CO,80201,US,Finance,active,2024-12-27
042aaea2-353f-8f6f-99d7-d29891854a6f,Charles,Torres,charles.torres2@yahoo.com,+1-930-524-5737,1972-09-14,928 Pine Rd,New York,NY,10001,US,Marketing,active,2024-02-02
077b102d-1335-d076-34fa-4d14f7bf688a,Sandra,Williams,sandra.williams@example.com,+1-556-479-1152,1990-09-23,3556 Oak Ave,Dallas,TX,75201,US,Operations,suspended,2024-09-15
71e32506-6e3f-4391-c550-f3bb03f283bf,Kimberly,Lee,kimberly.lee2@gmail.com,+1-566-763-2896,1978-08-17,4380 Oak Ave,Fort Worth,TX,76101,US,HR,suspended,2024-04-12
b82915d5-440d-c11a-1ed5-309159e6f700,Robert,Perez,robert.perez2@hotmail.com,+1-334-568-8768,1985-06-04,848 Maple Dr,New York,NY,10001,US,Marketing,active,2024-04-18
b59825d1-e83f-405a-144b-36f21e13498e,Matthew,Davis,matthew.davis@gmail.com,+1-644-278-8714,1965-06-24,1577 Pine Rd,Austin,TX,73301,US,Finance,active,2024-10-07
f6a6f4d4-6bff-1e81-db64-d5f3a5ac1446,Thomas,Davis,thomas.davis@gmail.com,+1-533-110-5173,1964-09-16,8175 Maple Dr,Fort Worth,TX,76101,US,Operations,active,2024-04-04
2547b8a9-2fd8-31ab-130a-ae92e58d67fe,Brian,Williams,brian.williams@hotmail.com,+1-207-549-3376,1982-05-24,5275 Main St,San Antonio,TX,78201,US,HR,active,2024-12-24
08d3d647-ca8a-1194-b81e-2e606fdc547f,Elizabeth,Martin,elizabeth.martin@gmail.com,+1-957-724-8020,1983-03-20,9716 Maple Dr,Seattle,WA,98101,US,Operations,active,2024-04-14
933941a7-9cf4-2ac1-a7a6-be93bc4213a6,John,Miller,john.miller@example.com,+1-443-900-2218,1986-02-13,9680 Oak Ave,New York,NY,10001,US,HR,active,2024-01-26
dc86c572-b806-8204-d5aa-cc672a2c750c,Joshua,Flores,joshua.flores@example.com,+1-839-562-2812,1965-02-15,9622 Maple Dr,San Francisco,CA,94102,US,Sales,suspended,2024-09-15
41c3dcd4-e762-f8cb-dd12-692397561070,Karen,Campbell,karen.campbell2@gmail.com,+1-837-253-6831,1991-11-06,4337 Cedar Ln,Austin,TX,73301,US,HR,active,2024-01-05
b5b78f19-efd5-1617-8854-f4fb3e2b58d9,Betty,Ramirez,betty.ramirez@outlook.com,+1-643-740-7450,1981-06-30,7166 Pine Rd,Philadelphia,PA,19101,US,Marketing,active,2024-01-11
e0c27c6c-b2e7-1ac1-22bb-4bc9bac66ac0,Robert,Roberts,robert.roberts@yahoo.com,+1-679-251-5441,1988-09-24,3097 Main St,Denver,CO,80201,US,Product,inactive,2024-08-16
02f668c6-110f-ede8-81f1-fe2d757211ce,Donna,King,donna.king@yahoo.com,+1-705-103-9366,1980-06-07,2208 Pine Rd,Fort Worth,TX,76101,US,Engineering,suspended,2024-10-26
380f3257-e2eb-c6ca-dc7a-1771b1d250bc,Joseph,Green,joseph.green@outlook.com,+1-395-860-2590,1992-02-10,5824 Lake Dr,Chicago,IL,60601,US,Sales,active,2024-09-06
a4973135-632b-0366-b5e1-d78bd4210350,Kevin,Thomas,kevin.thomas@hotmail.com,+1-367-116-2349,1963-10-06,7311 Maple Dr,Fort Worth,TX,76101,US,Operations,active,2024-11-05
dd0c3054-ea8d-f3c5-8fef-ccb6ae9621d1,Matthew,Adams,matthew.adams@hotmail.com,+1-628-700-7934,1999-07-19,1809 Oak Ave,Los Angeles,CA,90001,US,Engineering,suspended,2024-05-01
a7bb4627-a885-a123-2e37-2b5e91678c1a,Carol,Thomas,carol.thomas2@icloud.com,+1-887-588-7407,1993-04-18,7921 Cedar Ln,New York,NY,10001,US,Product,active,2024-09-14
0b46730b-58b0-0aeb-f85d-598aa5ee8b09,Joseph,Wilson,joseph.wilson@yahoo.com,+1-600-500-7625,1986-09-18,8082 Park Blvd,Denver,CO,80201,US,Engineering,active,2024-06-01
adc44f54-0c75-7b17-ebe4-ac40d4dbc325,Dorothy,Adams,dorothy.adams@gmail.com,+1-823-154-9984,1975-03-29,3574 Main St,Los Angeles,CA,90001,US,Product,suspended,2024-03-12
59fae6e1-0920-7e96-d456-eba681481abf,Patricia,Hall,patricia.hall@example.com,+1-579-541-5833,1994-03-01,5106 Oak Ave,Denver,CO,80201,US,HR,active,2024-03-09
2e185055-b2fc-8f24-034a-3c955f2e69b8,Susan,Clark,susan.clark@gmail.com,+1-810-750-1693,1962-02-28,7213 Park Blvd,Fort Worth,TX,76101,US,Marketing,suspended,2024-02-25
69be1e6e-35e2-f593-895e-9fbae09b1353,Kenneth,Allen,kenneth.allen@gmail.com,+1-705-634-5317,1987-06-03,9993 Main St,San Jose,CA,95101,US,Finance,active,2024-02-15
705ad90a-6f79-e139-7a6d-befbc44e9e72,Mark,Moore,mark.moore2@icloud.com,+1-540-480-1381,1965-05-02,666 Pine Rd,Chicago,IL,60601,US,Finance,inactive,2024-06-21
f08d338c-a506-1969-5aba-feb4721e533d,Richard,Mitchell,richard.mitchell2@gmail.com,+1-880-980-3167,1996-09-18,2906 Elm St,Austin,TX,73301,US,Engineering,suspended,2024-04-27
7ee6563c-6cac-10db-3681-2d5b0f1346b2,Kimberly,Sanchez,kimberly.sanchez@gmail.com,+1-498-668-8034,1986-02-28,7244 Elm St,San Antonio,TX,78201,US,Product,inactive,2024-06-28
a9510051-423a-e529-3f92-c00e50c32d0a,Susan,Roberts,susan.roberts@outlook.com,+1-915-605-5660,1999-11-10,3309 Maple Dr,Chicago,IL,60601,US,Legal,active,2024-09-04
0698dd6e-b717-cb51-d392-d5ecc336ab4a,David,Brown,david.brown@hotmail.com,+1-412-604-9843,1962-01-03,1459 Main St,Seattle,WA,98101,US,Marketing,active,2024-04-21
18ca4e7e-e818-93c7-41d0-2f193d44f271,Barbara,Smith,barbara.smith@icloud.com,+1-986-514-1157,1997-12-30,9786 Main St,Phoenix,AZ,85001,US,Legal,active,2024-08-23
900072e3-1599-1dbf-6609-b9a1668a631f,Dorothy,Wright,dorothy.wright@outlook.com,+1-218-610-7492,1999-10-09,4272 Pine Rd,Houston,TX,77001,US,HR,suspended,2024-01-09
a5985a38-f567-7d93-6f25-c802132c230d,Joseph,Nguyen,joseph.nguyen2@outlook.com,+1-344-228-3767,1992-03-08,7639 Lake Dr,Fort Worth,TX,76101,US,Sales,inactive,2024-02-01
bee3fa47-04f2-a3fa-61ae-3df3b96336e2,Lisa,Moore,lisa.moore2@example.com,+1-384-635-5952,1967-08-07,6755 Elm St,Los Angeles,CA,90001,US,Operations,suspended,2024-03-03
6694dda3-ceec-d82b-81d4-186f8a7a59d0,Amanda,King,amanda.king@icloud.com,+1-456-994-4558,1977-03-08,3146 Lake Dr,Austin,TX,73301,US,HR,active,2024-04-20
70de7907-8e74-0bbc-4b45-f2328a853d24,Robert,Wright,robert.wright@gmail.com,+1-620-186-5976,1970-06-19,4976 Pine Rd,Philadelphia,PA,19101,US,Finance,active,2024-11-22
9ed7ced4-0978-8a75-a55d-3226a4e415d2,Deborah,Lewis,deborah.lewis2@yahoo.com,+1-263-624-6395,1994-08-04,7183 Elm St,Fort Worth,TX,76101,US,Finance,inactive,2024-10-10
4142eb1c-a767-9aa0-37c2-dcd6b71fa379,Mark,Sanchez,mark.sanchez@yahoo.com,+1-384-827-1262,1983-09-18,214 Maple Dr,Houston,TX,77001,US,HR,suspended,2024-03-21
b9753f9b-6645-48a7-4b9f-84d933e1b105,Ashley,Wright,ashley.wright@outlook.com,+1-874-180-6199,1997-12-28,1137 Maple Dr,Philadelphia,PA,19101,US,Marketing,inactive,2024-08-13
60cacb6d-050d-22da-16b0-19260b524ec6,Melissa,Smith,melissa.smith@icloud.com,+1-637-994-6199,1978-05-05,8285 Lake Dr,Nashville,TN,37201,US,Sales,active,2024-03-24
8e89ea97-37f1-c35a-939e-51d2c165e304,Nancy,Clark,nancy.clark@outlook.com,+1-537-356-1680,1965-11-12,4925 Pine Rd,Seattle,WA,98101,US,Operations,active,2024-12-08
bf1ad4e5-32d0-1eb5-e7b8-c769e232524a,Andrew,Scott,andrew.scott2@hotmail.com,+1-459-486-7390,1983-08-22,9875 Main St,San Antonio,TX,78201,US,Marketing,active,2024-05-20
54ab75c9-cb2d-065c-6788-8389b60d229a,Dorothy,Sanchez,dorothy.sanchez@gmail.com,+1-430-287-4652,1987-02-20,1258 Elm St,Phoenix,AZ,85001,US,Finance,active,2024-08-01
86e02a7a-b499-58be-4a9e-e90ccbc1fc8f,Sandra,Hill,sandra.hill@gmail.com,+1-912-608-9460,1961-11-26,6961 Main St,Nashville,TN,37201,US,Marketing,active,2024-01-17
ff0a0c79-ee0e-2a3c-3d1e-9491f61e1fc5,Amanda,Carter,amanda.carter@example.com,+1-483-928-6222,2000-11-28,1155 Maple Dr,San Diego,CA,92101,US,Sales,suspended,2024-11-24
7f053e6f-c75b-7a65-3305-6f33356fad31,Thomas,Thompson,thomas.thompson@outlook.com,+1-773-633-2770,1982-10-14,4986 Lake Dr,Chicago,IL,60601,US,HR,active,2024-06-01
333328df-d21e-a6f0-0bbb-1af022044c8a,Sandra,Martin,sandra.martin@yahoo.com,+1-809-464-1975,1997-11-12,910 Lake Dr,San Francisco,CA,94102,US,Product,inactive,2024-08-28
bff9ad36-f8c7-e94f-30ab-10d952233ce1,Lisa,Perez,lisa.perez2@gmail.com,+1-526-595-7287,1994-11-13,978 Cedar Ln,Los Angeles,CA,90001,US,Product,inactive,2024-04-07
febe63a9-15a4-161a-47e5-2f3a78c57200,Matthew,Jones,matthew.jones@outlook.com,+1-564-882-2526,1971-05-11,7120 Cedar Ln,Philadelphia,PA,19101,US,Sales,suspended,2024-06-14
cba26e7e-cb6f-807d-c4f3-ae86e18732f8,Anthony,Rivera,anthony.rivera@gmail.com,+1-907-260-5332,1982-10-20,3967 Park Blvd,Dallas,TX,75201,US,HR,suspended,2024-06-03
795cd013-7ed6-2c37-be9c-cd335c9765e2,Mark,King,mark.king@yahoo.com,+1-407-161-7337,1990-07-22,1120 Pine Rd,Charlotte,NC,28201,US,Product,active,2024-02-16
b9c75a24-e5ed-6fcd-0691-0fc04e7ba20c,Kevin,Taylor,kevin.taylor2@gmail.com,+1-261-162-3540,1976-12-12,5365 Park Blvd,Nashville,TN,37201,US,Finance,active,2024-10-21
8e8e6644-f6d7-607d-cea2-9164a0391831,Margaret,Rodriguez,margaret.rodriguez@hotmail.com,+1-685-589-8840,1971-03-10,6266 Elm St,San Francisco,CA,94102,US,HR,active,2024-03-08
73a2de2d-3179-c421-e2cd-7f231d4e8871,Karen,Walker,karen.walker@gmail.com,+1-479-774-1106,1975-06-16,2093 Maple Dr,San Jose,CA,95101,US,Product,active,2024-11-25
7a8aa4b4-605d-7c68-aae9-a405e9c00af0,Margaret,Perez,margaret.perez@yahoo.com,+1-570-497-3928,1969-12-28,7443 Elm St,Denver,CO,80201,US,HR,active,2024-11-27
c1884ba6-829a-4fe0-f7f9-4653a246f2d5,Thomas,Smith,thomas.smith2@yahoo.com,+1-786-352-8355,1986-03-15,5919 Elm St,San Jose,CA,95101,US,Operations,active,2024-07-22
4312ac95-9410-d11e-db25-4e020c9176cb,Karen,Green,karen.green@yahoo.com,+1-648-134-6434,1990-10-06,4212 Pine Rd,Philadelphia,PA,19101,US,Legal,inactive,2024-06-17
daa977ff-b53a-33df-c466-5d9afa7ab9d0,Amanda,Hall,amanda.hall@yahoo.com,+1-211-169-8675,1989-09-04,6310 Maple Dr,Nashville,TN,37201,US,Legal,active,2024-05-28
dedf7eed-ddbb-f6e3-2591-1040b9027e9a,Jessica,Allen,jessica.allen@icloud.com,+1-731-561-2028,2000-07-31,5787 Cedar Ln,Austin,TX,73301,US,HR,active,2024-04-01
51633446-8c92-ccaf-3d74-b046b7809ea5,William,Nguyen,william.nguyen@icloud.com,+1-518-376-3895,2000-04-22,4593 Main St,Charlotte,NC,28201,US,Sales,suspended,2024-05-27
629ecdf0-8670-bf5d-83fb-da1d6c9faa95,Paul,Carter,paul.carter@gmail.com,+1-919-841-1766,1991-05-08,8836 Lake Dr,San Jose,CA,95101,US,Product,active,2024-05-22
1c86e375-1a85-80dc-7721-2b42ce22a106,Elizabeth,Young,elizabeth.young2@yahoo.com,+1-559-556-8472,1979-09-13,3171 Lake Dr,San Jose,CA,95101,US,Marketing,active,2024-07-04
d8412678-7945-5b37-eeb2-3ee860ca3bb3,Betty,Hernandez,betty.hernandez@gmail.com,+1-287-340-9643,1969-06-29,8115 Cedar Ln,Indianapolis,IN,46201,US,Marketing,active,2024-01-23
6cd76a9d-65d6-54e3-1e0b-ce61d7ee4a66,Kenneth,Wilson,kenneth.wilson@gmail.com,+1-625-987-2970,1990-12-27,6951 Maple Dr,Denver,CO,80201,US,HR,inactive,2024-10-24
e14092d0-7ac1-bbef-6e7c-12c8bb774969,Paul,King,paul.king2@example.com,+1-602-276-2245,1988-11-04,8229 Maple Dr,Denver,CO,80201,US,Sales,active,2024-08-19
f9a2ac02-a6fa-1542-67a2-36217e791775,Kenneth,Green,kenneth.green@yahoo.com,+1-765-533-8208,1971-07-23,695 Lake Dr,Phoenix,AZ,85001,US,Marketing,inactive,2024-08-03
557fe059-2414-d868-9c14-499675d334a8,Kenneth,Moore,kenneth.moore@icloud.com,+1-667-649-7071,1976-02-12,2827 Cedar Ln,Denver,CO,80201,US,Operations,active,2024-10-17
c6fe18c9-3903-2f89-11f7-714fc22ac6cb,Patricia,Johnson,patricia.johnson@icloud.com,+1-652-344-5114,1973-02-10,5589 Pine Rd,San Antonio,TX,78201,US,Sales,active,2024-08-27
2f8969ef-fdeb-5ca5-8494-b4b1508f7332,Timothy,Miller,timothy.miller@gmail.com,+1-385-167-2855,1999-04-15,9270 Elm St,Jacksonville,FL,32099,US,Marketing,inactive,2024-02-26
6d6c95ae-a735-6f6f-78df-0f9574ca3720,Joshua,Smith,joshua.smith@hotmail.com,+1-883-720-4234,1979-07-03,1917 Cedar Ln,New York,NY,10001,US,Marketing,inactive,2024-05-11
5949a9ee-294e-6209-4bc5-d0a9e3c3fb68,Jessica,Scott,jessica.scott@yahoo.com,+1-530-108-4652,1977-12-14,5911 Cedar Ln,San Antonio,TX,78201,US,Finance,active,2024-12-03
53d7690e-737e-ccd8-674b-a244b2b73164,John,Miller,john.miller@yahoo.com,+1-987-976-2130,1973-06-14,4788 Elm St,Austin,TX,73301,US,Legal,inactive,2024-01-08
b9bdb94a-a86f-3638-8869-73376db86cbd,Michael,Hall,michael.hall@hotmail.com,+1-328-478-4214,1976-03-01,3058 Main St,New York,NY,10001,US,Marketing,active,2024-04-11
9db747de-7888-3f50-dff2-48a7656397f7,Karen,White,karen.white@hotmail.com,+1-722-627-4775,1995-03-29,7159 Park Blvd,San Antonio,TX,78201,US,Finance,inactive,2024-11-28
1df85fd0-e058-fe39-81fc-7f5f945d4523,Karen,Nelson,karen.nelson@outlook.com,+1-231-777-7615,2000-04-08,3179 Maple Dr,San Jose,CA,95101,US,Product,inactive,2024-04-19
46564513-05e4-8d3e-c8c8-625cb5aeeb5b,William,Green,william.green@gmail.com,+1-343-988-5825,1996-10-24,2406 Maple Dr,Fort Worth,TX,76101,US,Marketing,active,2024-10-27
a1753ba1-caa7-c04f-c2de-d34aa46d87b8,Elizabeth,Moore,elizabeth.moore@hotmail.com,+1-549-151-8059,1969-07-13,9865 Lake Dr,Dallas,TX,75201,US,Sales,active,2024-10-19
236e798f-182a-8f3a-1e60-f1eadff6537a,Melissa,Wilson,melissa.wilson@icloud.com,+1-218-320-9382,1966-01-10,2475 Cedar Ln,Indianapolis,IN,46201,US,Engineering,active,2024-06-01
7d754e26-4c4e-193d-f0b3-1c9b5970bdad,Deborah,Nelson,deborah.nelson@example.com,+1-636-180-8120,1987-11-20,9156 Main St,Jacksonville,FL,32099,US,Product,suspended,2024-01-08
aea194c0-53a4-9b21-f8f0-8f27dd4b6bc5,John,Martin,john.martin2@example.com,+1-913-376-7881,1960-04-10,8533 Main St,New York,NY,10001,US,Marketing,active,2024-02-27
4311c6d0-7e5c-997c-5b93-f3f5ea6c73f0,Sarah,Wilson,sarah.wilson@yahoo.com,+1-400-290-2677,1960-01-16,1765 Oak Ave,Columbus,OH,43085,US,Operations,active,2024-10-11
aef30f89-c232-2358-14fe-120093f2ea4d,Donna,Green,donna.green@example.com,+1-685-709-2765,1965-10-31,9771 Park Blvd,Nashville,TN,37201,US,Engineering,suspended,2024-02-08
b3093e76-f44a-99b5-5126-8a9b6a92774d,Matthew,Jackson,matthew.jackson@gmail.com,+1-782-231-1296,1988-11-11,6040 Pine Rd,Indianapolis,IN,46201,US,Finance,inactive,2024-01-19
571fb6d8-1506-814a-c19e-57351b7f87d2,Mary,Jones,mary.jones@hotmail.com,+1-877-321-7821,1960-08-10,296 Park Blvd,San Francisco,CA,94102,US,HR,active,2024-10-10
2048018c-3523-915d-7e2e-c7af9b96312e,Nancy,Green,nancy.green@yahoo.com,+1-260-103-7783,2000-02-21,547 Oak Ave,Dallas,TX,75201,US,Operations,active,2024-06-07
f7196e78-5809-0bcf-c565-566acb5cf473,Kenneth,Johnson,kenneth.johnson@outlook.com,+1-642-862-3830,1968-01-12,5051 Main St,San Diego,CA,92101,US,HR,suspended,2024-08-02
5b34fbaa-529c-b29f-5499-22aeb373ca69,Thomas,Clark,thomas.clark@outlook.com,+1-299-799-7627,1999-08-18,9342 Cedar Ln,Seattle,WA,98101,US,Sales,active,2024-01-27
c81efa1f-f412-b349-ac16-6a10caf6ee11,Lisa,Carter,lisa.carter@example.com,+1-496-202-2319,1993-12-11,9270 Cedar Ln,Charlotte,NC,28201,US,Operations,active,2024-10-04
b1908f10-12d7-07d9-9443-dacbc6aec4a2,Kenneth,Smith,kenneth.smith@yahoo.com,+1-605-933-7559,1988-11-19,8153 Lake Dr,San Francisco,CA,94102,US,Engineering,suspended,2024-11-12
60f48eed-f9e6-dc0e-d9ba-04728119136d,Barbara,Jones,barbara.jones@icloud.com,+1-743-996-1701,1990-05-05,4279 Cedar Ln,Austin,TX,73301,US,HR,active,2024-10-01
c60ecdba-5399-95e2-2496-ee9efcb1f542,John,Allen,john.allen@example.com,+1-752-948-6315,1986-04-30,7931 Cedar Ln,San Francisco,CA,94102,US,Engineering,active,2024-08-01
5e43c7b5-0d3f-04c1-2745-821a1521dfb4,Susan,Lewis,susan.lewis@hotmail.com,+1-765-909-7709,1993-09-16,9288 Pine Rd,San Antonio,TX,78201,US,Operations,active,2024-12-02
419fd247-3059-92ee-cdc4-9be213e05833,Sandra,Taylor,sandra.taylor@icloud.com,+1-222-840-6719,1984-09-22,1927 Pine Rd,Charlotte,NC,28201,US,Engineering,active,2024-01-24
1330eafc-62e3-d6d1-b5a0-cbaed8311287,Robert,Scott,robert.scott@gmail.com,+1-706-999-1548,1991-11-13,39 Main St,San Diego,CA,92101,US,HR,suspended,2024-06-10
819f42bc-4036-dcb8-aa5a-5cfc313ace7e,George,Nelson,george.nelson@gmail.com,+1-306-108-5659,1990-08-05,5331 Maple Dr,Phoenix,AZ,85001,US,Operations,active,2024-04-23
45856270-140c-9b0d-6e6d-d4635c73e1ed,Andrew,Harris,andrew.harris@yahoo.com,+1-475-203-3545,1997-10-06,9241 Lake Dr,Austin,TX,73301,US,Engineering,active,2024-01-20
1b9d7db8-4178-bae7-96bc-746f25494054,Richard,Nelson,richard.nelson@yahoo.com,+1-708-925-8066,1974-12-14,1796 Oak Ave,Houston,TX,77001,US,Marketing,active,2024-09-08
ed968e81-57c0-e101-bfdc-68df67fe3c11,David,Taylor,david.taylor2@example.com,+1-975-238-7739,1986-11-12,1252 Maple Dr,Los Angeles,CA,90001,US,Marketing,inactive,2024-07-23
0078fc81-0f72-f4c4-a319-cb73d866be2d,Andrew,Martin,andrew.martin2@icloud.com,+1-278-165-3698,1991-07-09,3393 Cedar Ln,Chicago,IL,60601,US,Engineering,active,2024-07-15
76f6a4a3-a689-b0c4-63e3-ebc4fca89f60,Emily,Harris,emily.harris2@outlook.com,+1-451-291-4627,1988-01-24,8985 Cedar Ln,Jacksonville,FL,32099,US,Product,suspended,2024-05-04
cd4cd4ab-2cda-f2b9-2b7c-59bae413e5a0,Charles,Thomas,charles.thomas@outlook.com,+1-717-123-8973,1977-08-19,4323 Main St,San Jose,CA,95101,US,Operations,active,2024-09-22
01e58170-5e01-bd99-9d1d-9193bae921b9,George,Torres,george.torres2@example.com,+1-829-881-5429,1975-05-17,2652 Oak Ave,New York,NY,10001,US,Product,suspended,2024-04-13
807e247a-b33c-baa2-06ba-3b3515f5f76e,Barbara,Perez,barbara.perez2@hotmail.com,+1-702-289-8649,1968-01-13,4698 Oak Ave,Indianapolis,IN,46201,US,Engineering,active,2024-10-03
e010d094-bfe4-520d-d659-4627bf6a2d81,Daniel,Mitchell,daniel.mitchell2@hotmail.com,+1-286-482-6563,1982-10-30,5508 Oak Ave,Denver,CO,80201,US,HR,suspended,2024-06-23
23fbcd0d-5143-43fa-a07d-c6893f2f7d5a,Nancy,Hernandez,nancy.hernandez2@icloud.com,+1-341-198-8928,1971-06-26,3249 Maple Dr,Columbus,OH,43085,US,HR,active,2024-05-25
297fa0b9-a9c4-7f93-0f49-d71b88e4cbea,Dorothy,Walker,dorothy.walker@example.com,+1-223-258-2246,1985-05-30,7520 Maple Dr,Philadelphia,PA,19101,US,Product,active,2024-02-21
55ea3426-a007-dd3e-4ff7-5f78086263f9,Michelle,Thomas,michelle.thomas@example.com,+1-702-628-2822,1966-07-13,4002 Oak Ave,Dallas,TX,75201,US,HR,active,2024-07-05
47d73573-2374-585c-e23a-de2b0f7a795b,George,White,george.white@yahoo.com,+1-266-324-1256,1969-10-22,250 Oak Ave,Los Angeles,CA,90001,US,Marketing,active,2024-02-10
a466cf25-7708-6eea-3f92-d2584830eb0d,Margaret,Martin,margaret.martin@outlook.com,+1-689-614-1455,1963-10-02,6084 Elm St,Philadelphia,PA,19101,US,Sales,active,2024-08-16
7764a454-9038-9363-4e47-511dbd90abd2,Mary,Nelson,mary.nelson@yahoo.com,+1-609-737-8750,1962-05-19,9564 Lake Dr,Columbus,OH,43085,US,Sales,active,2024-07-22
03f2674b-5900-514e-3631-60cf104a9ad5,Emily,Ramirez,emily.ramirez3@example.com,+1-658-807-8118,1963-06-29,4751 Park Blvd,San Jose,CA,95101,US,Legal,active,2024-12-15
f210f13d-06ba-e13a-818b-2792692f45de,Amanda,Sanchez,amanda.sanchez@yahoo.com,+1-241-553-2854,1985-05-01,1737 Pine Rd,San Antonio,TX,78201,US,Legal,active,2024-01-22
24df613b-10e8-a2cb-185b-c5f50ba495b9,Deborah,Thompson,deborah.thompson@example.com,+1-695-934-1134,1965-09-30,4620 Maple Dr,Philadelphia,PA,19101,US,Sales,active,2024-10-24
cee5f84b-15f1-49a4-8d49-d178c392bf3b,Joseph,Thomas,joseph.thomas@example.com,+1-511-337-4476,1969-06-06,1831 Park Blvd,Phoenix,AZ,85001,US,Marketing,inactive,2024-07-24
69cf2f98-e0ad-a076-e945-758c4eb18194,Donna,Nelson,donna.nelson@hotmail.com,+1-796-598-1649,1990-06-03,7992 Oak Ave,San Jose,CA,95101,US,Marketing,suspended,2024-09-26
7e7c8be7-5ebd-142d-1e21-d9341c253408,Amanda,Nguyen,amanda.nguyen3@outlook.com,+1-758-564-3103,1995-07-08,3931 Main St,Chicago,IL,60601,US,Finance,inactive,2024-02-11
21569828-4d2a-2ac5-66ff-fbf42e88574c,Michelle,White,michelle.white@icloud.com,+1-415-512-3912,1960-06-20,4954 Elm St,Fort Worth,TX,76101,US,HR,inactive,2024-12-19
58ad6e95-7f32-8d47-8d2a-09fda59e98e9,Susan,Lewis,susan.lewis@gmail.com,+1-226-631-1377,1980-09-16,5849 Lake Dr,Dallas,TX,75201,US,Marketing,active,2024-08-17
7cc2cd69-bbb9-65e8-27f9-5a820f7970db,Thomas,Green,thomas.green@outlook.com,+1-466-892-9338,1962-03-15,9870 Pine Rd,Dallas,TX,75201,US,Sales,active,2024-05-08
495e1dda-0d5a-5f44-f4f6-5f9b6d82055c,Mark,Hill,mark.hill2@yahoo.com,+1-516-651-7508,1977-06-25,7513 Oak Ave,Fort Worth,TX,76101,US,Marketing,suspended,2024-09-03
a5059584-70c6-9cd0-b783-51347d623601,Anthony,Jones,anthony.jones@icloud.com,+1-425-402-8297,1993-03-09,7597 Pine Rd,Philadelphia,PA,19101,US,Product,inactive,2024-09-24
fcd81879-b10d-80c0-3c2c-afa2e55ed574,Charles,White,charles.white@example.com,+1-448-757-2676,1980-10-04,8463 Oak Ave,Phoenix,AZ,85001,US,Operations,inactive,2024-08-11
a207f1a9-dfde-0318-c479-9c47a0bc1271,Charles,Davis,charles.davis@yahoo.com,+1-560-451-8179,1972-06-09,9785 Lake Dr,Austin,TX,73301,US,Engineering,inactive,2024-10-26
a1837df5-4f09-e697-d519-bf800e26295d,George,Brown,george.brown@hotmail.com,+1-855-482-6527,1988-10-17,3449 Main St,Charlotte,NC,28201,US,Engineering,active,2024-08-07
59f816b1-f627-631e-2c0d-fcc578837acb,Michael,Roberts,michael.roberts@outlook.com,+1-801-279-2776,1966-10-15,3006 Elm St,Houston,TX,77001,US,Product,inactive,2024-12-05
a060e7d5-ea44-4391-a54e-edfac9c223dd,Thomas,Brown,thomas.brown@outlook.com,+1-366-434-2713,1975-05-04,8161 Lake Dr,Jacksonville,FL,32099,US,HR,suspended,2024-06-14
e1112ae6-c261-72af-27db-dc47e99be1d8,Christopher,Martinez,christopher.martinez@example.com,+1-966-376-4539,1973-10-25,7173 Pine Rd,Fort Worth,TX,76101,US,Sales,suspended,2024-12-05
6b1b860f-00e7-38fd-12a5-eb0446738fc3,Barbara,Johnson,barbara.johnson@yahoo.com,+1-499-684-7648,1962-04-20,688 Lake Dr,Phoenix,AZ,85001,US,Sales,inactive,2024-06-06
6b5c0b8f-7619-9d0b-8377-e0de4751ea5e,Amanda,Brown,amanda.brown@example.com,+1-248-737-7737,1992-06-25,7396 Cedar Ln,Houston,TX,77001,US,Legal,active,2024-06-02
63c4e836-57ac-34c2-92ac-c851bc195987,Patricia,Torres,patricia.torres@yahoo.com,+1-937-959-4196,1965-04-04,2939 Main St,Philadelphia,PA,19101,US,Operations,active,2024-07-24
ac4b79a2-1d0f-47b2-a0dc-9d36e91001f2,Daniel,Williams,daniel.williams@hotmail.com,+1-938-886-6501,1977-06-01,8864 Pine Rd,Denver,CO,80201,US,HR,active,2024-03-07
06fa0c44-be21-8d8c-e7cd-26321a7de4ca,Betty,Taylor,betty.taylor@icloud.com,+1-234-913-3795,1963-03-28,544 Park Blvd,Dallas,TX,75201,US,Legal,inactive,2024-12-02
d6255493-18ba-34b0-2fbe-89b5f211b6da,Karen,Brown,karen.brown@hotmail.com,+1-571-222-8639,1970-12-27,5162 Oak Ave,Phoenix,AZ,85001,US,Product,inactive,2024-10-26
3bfebc95-5a88-8409-6e2f-515485e40918,Elizabeth,Torres,elizabeth.torres@hotmail.com,+1-282-377-4470,1975-02-17,4432 Maple Dr,New York,NY,10001,US,Sales,active,2024-08-27
749714b8-ee88-7f49-0b95-84bbaf501e71,John,Jackson,john.jackson@yahoo.com,+1-668-272-3719,1995-06-09,2350 Lake Dr,Chicago,IL,60601,US,HR,suspended,2024-10-28
4b05cd2b-eeb1-b4ee-7c94-52f366746698,Lisa,Allen,lisa.allen@icloud.com,+1-368-653-7512,1992-12-01,541 Oak Ave,San Antonio,TX,78201,US,Legal,inactive,2024-12-21
e0139b26-c352-a5c1-80ae-7fa4e7d2b433,Donald,Nelson,donald.nelson2@icloud.com,+1-728-158-2934,1969-07-28,1702 Oak Ave,Charlotte,NC,28201,US,Finance,active,2024-11-12
ec800cbb-5d36-4d8e-38f7-27f18795e119,Elizabeth,Baker,elizabeth.baker@icloud.com,+1-368-251-4446,1969-04-28,7627 Lake Dr,Phoenix,AZ,85001,US,Operations,active,2024-05-10
8cddcdba-4756-115b-4391-fa562fe6cfb0,Dorothy,Johnson,dorothy.johnson@hotmail.com,+1-897-724-7539,1988-03-22,8993 Pine Rd,San Diego,CA,92101,US,Product,active,2024-05-28
5dce5a22-be5a-dcc4-b955-95d065615876,Linda,Rivera,linda.rivera@yahoo.com,+1-532-746-6095,1964-09-13,2127 Lake Dr,Columbus,OH,43085,US,Finance,active,2024-11-19
ab9b4d7b-4c3e-e496-e244-072ae3501f9b,Andrew,Walker,andrew.walker@gmail.com,+1-590-179-7316,1965-06-01,571 Pine Rd,Phoenix,AZ,85001,US,Legal,inactive,2024-02-02
bf8c0f0d-9645-adda-1521-903d4b337700,Barbara,Flores,barbara.flores@hotmail.com,+1-245-875-5344,1971-10-27,3251 Lake Dr,Jacksonville,FL,32099,US,Legal,active,2024-03-20
69dea439-5246-66a6-34a1-347b02b75d04,Kevin,Clark,kevin.clark@hotmail.com,+1-997-946-3758,1974-10-23,3894 Lake Dr,Los Angeles,CA,90001,US,Sales,active,2024-07-22
e5af66b6-c291-6d42-898c-00f04b4a8a3a,Sarah,Roberts,sarah.roberts@outlook.com,+1-565-993-2415,1960-06-06,1394 Main St,Fort Worth,TX,76101,US,Product,active,2024-07-24
1d88227e-c2b0-ebec-123f-946c9aee8616,Jessica,Lopez,jessica.lopez@yahoo.com,+1-278-933-9050,1981-10-06,8335 Elm St,Fort Worth,TX,76101,US,Marketing,active,2024-06-20
13c1f3b7-94eb-98ec-f7b0-94accbe87925,Amanda,Hernandez,amanda.hernandez@example.com,+1-615-711-5770,1968-01-04,2288 Maple Dr,Charlotte,NC,28201,US,Sales,suspended,2024-03-12
dc6f234d-ca67-9742-5491-c0f7716db197,Jessica,Wright,jessica.wright2@outlook.com,+1-689-499-2419,1984-10-04,8028 Park Blvd,Chicago,IL,60601,US,Operations,inactive,2024-03-06
dcd44551-fa13-8636-853c-ffe7d179580c,Kevin,Taylor,kevin.taylor@outlook.com,+1-441-546-8092,2000-04-15,231 Lake Dr,San Francisco,CA,94102,US,Finance,active,2024-11-10
d9ac1180-6472-0dcc-37d8-17e182e0edf6,Patricia,Allen,patricia.allen@yahoo.com,+1-850-215-6761,1981-03-02,9443 Maple Dr,San Antonio,TX,78201,US,Product,inactive,2024-09-13
96be4e38-7b38-69d2-05aa-525df1ceb382,Matthew,Adams,matthew.adams@icloud.com,+1-578-527-6503,1984-04-25,3909 Main St,New York,NY,10001,US,Engineering,active,2024-03-26
a8b51d7e-68bf-1290-b121-e75933a37ae6,Barbara,Young,barbara.young@outlook.com,+1-216-387-8706,1987-08-18,94 Maple Dr,New York,NY,10001,US,Engineering,active,2024-04-15
7317508a-49e7-31e9-78e6-c905cdf22607,Jennifer,Taylor,jennifer.taylor@yahoo.com,+1-380-610-4730,1969-09-07,9483 Maple Dr,Houston,TX,77001,US,Sales,inactive,2024-12-23
d2bf0099-7fad-d0bc-2865-c56542914a52,Steven,Flores,steven.flores@outlook.com,+1-626-859-3063,1974-09-13,4037 Cedar Ln,Denver,CO,80201,US,Product,suspended,2024-09-07
eaa36268-cc57-3227-2c82-2cdb78a90407,Barbara,Carter,barbara.carter@outlook.com,+1-727-187-6662,1990-06-17,8231 Oak Ave,New York,NY,10001,US,Product,active,2024-11-17
0ff95a14-b94c-fcf4-8fb1-d3a588c5402b,Mary,Nguyen,mary.nguyen2@icloud.com,+1-469-119-4405,1986-11-27,3787 Park Blvd,New York,NY,10001,US,Sales,inactive,2024-03-09
424d47da-9a2f-ebff-5c01-2cae7be121bb,Deborah,Martin,deborah.martin@outlook.com,+1-339-499-9004,1968-04-30,3811 Maple Dr,Phoenix,AZ,85001,US,Legal,active,2024-03-05
18a96290-c6f2-e52c-0cd8-e5f951f12775,Michael,Lee,michael.lee@outlook.com,+1-601-733-4073,1966-07-20,3046 Lake Dr,San Diego,CA,92101,US,HR,active,2024-02-03
c807607d-c7db-a592-fd1a-b6b5b3caa376,Amanda,Nelson,amanda.nelson@hotmail.com,+1-270-532-1069,1996-07-19,8957 Park Blvd,Austin,TX,73301,US,Sales,active,2024-10-26
b8b78255-d037-7baf-6d14-96256cdc0693,Christopher,Miller,christopher.miller@yahoo.com,+1-204-853-6587,1986-01-24,7607 Elm St,San Antonio,TX,78201,US,Sales,suspended,2024-07-13
36528719-15f1-8e3f-8314-cf7117efbc92,Melissa,Martin,melissa.martin@hotmail.com,+1-337-774-1062,1990-07-06,7430 Maple Dr,Chicago,IL,60601,US,Finance,suspended,2024-02-19
dc411edf-5d6d-11f4-ed2a-42ff5461bb1c,Amanda,Garcia,amanda.garcia@icloud.com,+1-255-893-7730,1977-12-04,3561 Park Blvd,Dallas,TX,75201,US,Operations,active,2024-07-15
c0927d0d-f064-1f67-9e60-aa159ebbbb67,Melissa,Clark,melissa.clark@example.com,+1-794-177-7211,1975-12-07,6758 Lake Dr,Jacksonville,FL,32099,US,Product,active,2024-12-06
cb002a21-92c7-27b6-b590-ceea9275328c,William,Gonzalez,william.gonzalez@hotmail.com,+1-555-802-2706,1973-09-28,4741 Cedar Ln,Dallas,TX,75201,US,Legal,active,2024-12-09
6b080716-da00-0d27-1a84-af599b6ac302,Richard,Baker,richard.baker@outlook.com,+1-359-540-4236,1973-04-24,1961 Lake Dr,Phoenix,AZ,85001,US,Legal,inactive,2024-05-23
4d30534f-ae02-98d9-2f99-1987db9bca04,Sarah,Martinez,sarah.martinez3@yahoo.com,+1-334-761-2764,1964-06-06,9673 Lake Dr,Phoenix,AZ,85001,US,Finance,suspended,2024-02-22
1a9cecfd-3439-81ba-719a-0d2a41e33d02,George,Baker,george.baker@icloud.com,+1-664-434-2653,1970-06-07,513 Maple Dr,New York,NY,10001,US,Operations,suspended,2024-04-24
795520b1-2b15-288e-3c32-cb1234ae9b6c,Kimberly,Lee,kimberly.lee3@gmail.com,+1-303-124-5889,1992-12-29,5146 Cedar Ln,San Francisco,CA,94102,US,Operations,active,2024-04-11
39a4eec7-ff08-b2ab-4b75-301db57ed53d,Michelle,Ramirez,michelle.ramirez@example.com,+1-267-813-8200,1990-02-23,1276 Oak Ave,San Antonio,TX,78201,US,Product,active,2024-04-25
dd87a6eb-42ae-1166-df23-4ac55bc7ff7e,Daniel,Taylor,daniel.taylor@hotmail.com,+1-416-348-9288,1991-06-21,2726 Elm St,Chicago,IL,60601,US,HR,active,2024-08-26
65e73f5b-0858-d8f4-25a9-65a3ac8e0f04,Anthony,Wright,anthony.wright@icloud.com,+1-752-236-5173,1990-12-03,5587 Main St,Phoenix,AZ,85001,US,Sales,suspended,2024-05-12
fae80b1a-afca-ff9c-f443-5eb692a9d0c7,Sandra,Davis,sandra.davis@example.com,+1-302-874-9425,1978-09-25,1398 Park Blvd,Seattle,WA,98101,US,Sales,active,2024-05-20
56b5d490-6b11-1b61-baca-678d3fb1cbdc,Joshua,Gonzalez,joshua.gonzalez@gmail.com,+1-302-305-4555,1974-06-15,8476 Park Blvd,San Jose,CA,95101,US,Marketing,active,2024-07-15
02c6ec5f-d376-f79f-6de9-a6a519b8350b,Brian,Jackson,brian.jackson@hotmail.com,+1-526-379-4948,1979-05-03,3712 Lake Dr,Chicago,IL,60601,US,Engineering,inactive,2024-11-26
42792e8d-b367-4e98-7f87-224c20869742,Brian,Thomas,brian.thomas2@hotmail.com,+1-695-104-7842,1963-07-05,9921 Elm St,Indianapolis,IN,46201,US,Finance,active,2024-03-04
634b7186-affd-ebf8-a9bd-5c37001ac906,Sandra,King,sandra.king@icloud.com,+1-836-888-8390,1998-05-30,2301 Park Blvd,San Jose,CA,95101,US,Legal,active,2024-01-09
c1837629-9da9-0ea1-10af-e0c432043de9,Jennifer,Scott,jennifer.scott@hotmail.com,+1-308-760-7177,1987-06-29,7272 Lake Dr,Philadelphia,PA,19101,US,Operations,suspended,2024-07-23
9b874569-1df5-1404-e22d-c39fc7755f0b,Thomas,Young,thomas.young@outlook.com,+1-347-753-6957,1999-11-11,5645 Cedar Ln,New York,NY,10001,US,Marketing,inactive,2024-06-11
3be59199-b4bc-9065-4b82-81811cb8c790,James,Taylor,james.taylor@hotmail.com,+1-754-965-5454,1979-06-28,801 Cedar Ln,Houston,TX,77001,US,Legal,active,2024-07-16
0eb2d593-a1db-8192-96c5-d1e1d18ad2a7,Lisa,Jackson,lisa.jackson2@outlook.com,+1-795-401-2458,1978-10-04,4228 Maple Dr,Charlotte,NC,28201,US,Operations,active,2024-10-12
5276fda5-a575-9afb-5480-b898826b7eca,Betty,Gonzalez,betty.gonzalez@hotmail.com,+1-364-619-9566,1969-10-12,3049 Cedar Ln,Los Angeles,CA,90001,US,Marketing,active,2024-03-20
4f0581f6-dc10-6a34-d2ae-65a0e4dfd2e9,Donna,Ramirez,donna.ramirez@hotmail.com,+1-407-467-9778,1969-09-11,5977 Oak Ave,San Francisco,CA,94102,US,Legal,inactive,2024-07-08
25e546f1-9358-f75d-a853-44aecd04244b,Steven,White,steven.white@icloud.com,+1-345-442-5419,1991-07-24,3713 Lake Dr,Fort Worth,TX,76101,US,Product,active,2024-07-13
f70edb76-1da9-f5f5-cff8-d23f76222b30,Elizabeth,Allen,elizabeth.allen2@hotmail.com,+1-647-479-4476,1963-06-12,5612 Elm St,Houston,TX,77001,US,Operations,active,2024-10-09
c747de00-80a7-4cb0-563e-20de9d86a0de,Nancy,Brown,nancy.brown@hotmail.com,+1-873-231-5319,1983-05-22,8817 Park Blvd,Denver,CO,80201,US,Finance,active,2024-10-19
a0bc3c69-b1c9-7a74-5344-f5005561ea96,George,Robinson,george.robinson@example.com,+1-483-224-8318,1983-05-08,9510 Cedar Ln,Phoenix,AZ,85001,US,HR,active,2024-02-10
409f77b1-5b31-6f5c-123b-fc2ce921f23d,Andrew,Rivera,andrew.rivera@gmail.com,+1-517-839-1543,1967-02-16,9500 Park Blvd,Dallas,TX,75201,US,Legal,inactive,2024-03-10
f2cf6112-05c8-7765-4f2a-32f908724db8,Barbara,Scott,barbara.scott@outlook.com,+1-996-478-3603,1971-09-27,7945 Lake Dr,Indianapolis,IN,46201,US,Engineering,active,2024-06-09
f6ef23a4-ca13-161b-73e9-33d3f6f846ce,Sandra,Ramirez,sandra.ramirez2@hotmail.com,+1-874-552-9003,1962-03-30,5251 Oak Ave,San Diego,CA,92101,US,Engineering,suspended,2024-01-13
7cd7a80a-05ea-cd77-486f-1d91d9d0033a,Amanda,Adams,amanda.adams@outlook.com,+1-373-946-4743,1987-11-16,4596 Park Blvd,Houston,TX,77001,US,Marketing,active,2024-12-02
90476877-2727-1498-836c-7a410cc46732,Sarah,Davis,sarah.davis@example.com,+1-355-242-1862,1982-05-21,9627 Maple Dr,Chicago,IL,60601,US,Operations,active,2024-12-07
1063f2a6-0b75-8c9e-5b1c-0589b03189b5,Donna,Johnson,donna.johnson@gmail.com,+1-953-195-5978,1986-03-31,7229 Pine Rd,Philadelphia,PA,19101,US,Legal,active,2024-10-19
810755e0-7b49-0ffb-3d9a-712920657718,Patricia,Rivera,patricia.rivera2@outlook.com,+1-392-810-1457,1974-06-11,4137 Lake Dr,Jacksonville,FL,32099,US,Operations,inactive,2024-12-25
61d643cf-d31f-1ed9-22eb-49864896ee54,Charles,Lee,charles.lee@hotmail.com,+1-437-300-4452,1972-09-13,4025 Pine Rd,Seattle,WA,98101,US,Product,active,2024-02-19
8f24b037-0d95-d9a7-cabf-65e43328139c,John,Wilson,john.wilson@example.com,+1-341-401-2461,1985-03-08,3416 Main St,San Jose,CA,95101,US,Marketing,inactive,2024-01-13
5dbb5f6f-338b-7068-0a80-4e5894e75d36,Kevin,Roberts,kevin.roberts2@outlook.com,+1-854-862-4982,1996-02-02,4763 Oak Ave,Dallas,TX,75201,US,Legal,inactive,2024-12-21
f505a2dc-0adf-7237-a167-47c5b56b9a0b,Richard,Wilson,richard.wilson2@outlook.com,+1-976-820-8436,1993-09-07,1820 Maple Dr,San Diego,CA,92101,US,Marketing,suspended,2024-03-03
f62a4b30-2a3a-f54d-91a8-7c1f3037b2a5,Matthew,Nelson,matthew.nelson@gmail.com,+1-425-168-9652,1989-11-01,6164 Lake Dr,Columbus,OH,43085,US,Marketing,active,2024-11-26
8e9eb173-8aaa-b1d0-eb1c-91b63c4c32ce,Mary,Wright,mary.wright@gmail.com,+1-446-508-8858,1999-01-11,103 Maple Dr,Phoenix,AZ,85001,US,Operations,inactive,2024-10-11
11cb4b89-e74c-ef3f-1057-8f94a8cb8e75,Jessica,Thompson,jessica.thompson@hotmail.com,+1-820-771-4100,1972-02-17,5713 Pine Rd,San Jose,CA,95101,US,Legal,active,2024-09-13
a9df367e-0443-df34-cea8-13414e60d27b,Jessica,Nguyen,jessica.nguyen@icloud.com,+1-360-337-9228,1967-04-17,4300 Maple Dr,Fort Worth,TX,76101,US,Engineering,active,2024-02-16
0b5d41a6-9b71-c44e-0290-a786521e6d7d,Kenneth,Thompson,kenneth.thompson@icloud.com,+1-815-758-1386,1971-09-21,3134 Elm St,Chicago,IL,60601,US,Legal,active,2024-09-13
c83e75a2-a3a0-3b37-f365-90ca93898eaf,Donna,Thomas,donna.thomas@icloud.com,+1-291-125-7274,1970-07-26,7878 Cedar Ln,Austin,TX,73301,US,Finance,active,2024-09-06
0d6e7885-ab7a-f4cf-8a4d-341e4ba50f41,Mark,Harris,mark.harris@outlook.com,+1-382-808-5914,1994-02-19,9446 Park Blvd,San Antonio,TX,78201,US,Product,suspended,2024-10-19
54c98697-b97c-5ba7-5857-c96e8c3f5e3f,Amanda,Hernandez,amanda.hernandez@yahoo.com,+1-956-286-1445,1976-03-31,1204 Main St,Seattle,WA,98101,US,Marketing,active,2024-11-10
2425f74c-9839-eaea-7dc5-018c4f5efe58,Karen,Roberts,karen.roberts@outlook.com,+1-204-557-5440,1998-02-03,933 Elm St,Seattle,WA,98101,US,Marketing,suspended,2024-08-01
74cdae7e-73ba-7afd-a6d7-1157b8faa516,Richard,Baker,richard.baker2@yahoo.com,+1-536-730-1895,1964-08-09,2195 Elm St,Philadelphia,PA,19101,US,HR,suspended,2024-09-08
1b177d1f-4638-ec10-b0ee-544b0198bdc1,Andrew,Jones,andrew.jones@gmail.com,+1-940-153-4760,1967-11-22,7976 Maple Dr,San Antonio,TX,78201,US,Marketing,active,2024-03-25
53a4b5b6-72b3-6c45-d525-e946d14ac60a,Joshua,Robinson,joshua.robinson@yahoo.com,+1-565-217-3551,1975-04-28,7067 Cedar Ln,Nashville,TN,37201,US,Legal,active,2024-11-02
bea2ceca-a7bd-5535-ee90-4535ed4d303c,Ashley,Carter,ashley.carter@icloud.com,+1-416-312-1378,1994-07-18,2961 Maple Dr,Columbus,OH,43085,US,Operations,active,2024-08-13
2a0b22ab-e7f6-405c-1e3a-75532c9dd59a,Margaret,Ramirez,margaret.ramirez2@icloud.com,+1-700-392-7846,1987-06-01,2628 Oak Ave,Nashville,TN,37201,US,Finance,active,2024-05-12
5e163455-f26c-2d27-9f60-4cdba3949ae4,Andrew,Rivera,andrew.rivera@outlook.com,+1-607-458-7516,1967-12-11,2616 Oak Ave,Seattle,WA,98101,US,Sales,suspended,2024-12-11
c02e42da-1338-c96e-4c07-81a9dff382cf,Joshua,Williams,joshua.williams@icloud.com,+1-505-610-6971,1973-08-19,3409 Lake Dr,Denver,CO,80201,US,Product,active,2024-08-25
820face4-c507-a54c-4ac7-d726ef689d2b,Kimberly,Rivera,kimberly.rivera@yahoo.com,+1-562-656-8019,1978-09-22,5108 Lake Dr,Jacksonville,FL,32099,US,Product,inactive,2024-10-12
1e1bc99c-5251-8df0-0125-4fcfb910d9cc,Kevin,Lee,kevin.lee@example.com,+1-774-516-6985,1981-10-21,857 Park Blvd,Indianapolis,IN,46201,US,Legal,suspended,2024-12-25
a4233a70-95fd-62db-5fc2-252e197499ae,Emily,Clark,emily.clark@outlook.com,+1-205-420-3250,1962-12-27,5430 Park Blvd,Austin,TX,73301,US,Legal,active,2024-05-28
0bdff995-5b6b-8f80-9e09-53217fe07d03,David,Ramirez,david.ramirez@outlook.com,+1-946-658-1771,1987-05-19,4906 Park Blvd,Fort Worth,TX,76101,US,Product,active,2024-12-21
4bb64f5a-b74d-79e0-081b-0b205f0c3ee5,Matthew,Anderson,matthew.anderson2@icloud.com,+1-304-527-3330,1982-08-19,7614 Elm St,Philadelphia,PA,19101,US,Engineering,active,2024-01-21
c6815466-c415-8426-2f37-a2361c22abff,Donna,Hernandez,donna.hernandez2@yahoo.com,+1-429-674-1204,1967-11-03,2860 Pine Rd,Austin,TX,73301,US,HR,inactive,2024-03-16
76cb0846-82f1-54da-4b2c-46dbdf0be051,Matthew,Thomas,matthew.thomas@outlook.com,+1-469-704-8721,1999-10-13,1501 Elm St,Houston,TX,77001,US,Marketing,active,2024-11-20
8bd2e759-fc1e-3492-bae9-9c003d8ad150,Lisa,Moore,lisa.moore@outlook.com,+1-520-328-4719,1986-11-02,5432 Pine Rd,Seattle,WA,98101,US,Marketing,inactive,2024-10-12
8cd4f50e-222b-1dd1-24a5-a90b56f9b2b3,Joseph,Thompson,joseph.thompson@example.com,+1-932-584-6270,1991-12-14,1298 Maple Dr,Nashville,TN,37201,US,Engineering,suspended,2024-12-02
751f8769-933e-0e04-c10a-59d24d4b2d64,Robert,Scott,robert.scott2@gmail.com,+1-455-884-2036,1989-12-08,2008 Oak Ave,Indianapolis,IN,46201,US,HR,suspended,2024-07-08
ede7de2f-18a7-099a-b7ce-31799c337461,Susan,Ramirez,susan.ramirez@gmail.com,+1-255-422-1047,1984-05-06,4618 Elm St,Denver,CO,80201,US,Product,active,2024-10-21
9df4354f-5cb5-bdb8-b471-0b31d8ce3005,Mark,Adams,mark.adams2@outlook.com,+1-702-475-9516,1961-04-03,3407 Pine Rd,Los Angeles,CA,90001,US,HR,active,2024-10-24
ad083cd3-0446-28f6-29b4-71d34cb854e9,Sarah,Hernandez,sarah.hernandez@gmail.com,+1-721-401-2471,1992-02-14,8417 Maple Dr,New York,NY,10001,US,Product,active,2024-05-19
b4c2713c-08ea-92dc-5436-120a530df200,John,Robinson,john.robinson@icloud.com,+1-582-418-2956,1967-10-22,5482 Oak Ave,Charlotte,NC,28201,US,Engineering,suspended,2024-04-15
c8b3b36b-d411-f54e-715c-1d14dad81181,Nancy,Lewis,nancy.lewis@hotmail.com,+1-793-488-1485,1997-07-03,6586 Oak Ave,New York,NY,10001,US,Product,suspended,2024-05-04
c9c620ea-4336-c1a9-8abe-e26bd13076b8,Susan,Carter,susan.carter@outlook.com,+1-769-309-7223,1967-09-16,9846 Elm St,Houston,TX,77001,US,Operations,suspended,2024-06-18
d8b6ce78-9e8f-cbcf-9541-34c768c32600,David,Young,david.young@hotmail.com,+1-334-239-7813,1991-02-03,9815 Oak Ave,Los Angeles,CA,90001,US,Operations,inactive,2024-10-22
86126456-d9d5-e87a-0556-0a8ce2ec459b,Kevin,Taylor,kevin.taylor@icloud.com,+1-860-282-9148,1979-07-06,6959 Oak Ave,New York,NY,10001,US,Engineering,active,2024-03-23
de34c4d3-c347-069c-9fb8-927bec42cbcc,Joseph,Thompson,joseph.thompson2@gmail.com,+1-465-474-7287,1961-03-20,9561 Oak Ave,Phoenix,AZ,85001,US,Operations,inactive,2024-04-23
a913060c-a280-42ba-ed62-fc2058994780,Thomas,Hill,thomas.hill@outlook.com,+1-633-305-4350,1985-03-25,7810 Elm St,San Antonio,TX,78201,US,HR,suspended,2024-12-03
dee6ac4c-7f7d-bc0a-875b-c58db4ec8a21,Jessica,Campbell,jessica.campbell@icloud.com,+1-202-215-9451,1999-12-13,1452 Oak Ave,Indianapolis,IN,46201,US,Marketing,active,2024-04-26
3c316398-4415-428a-1800-cb2a33b8ae5d,Donald,Flores,donald.flores@outlook.com,+1-370-382-2335,1969-05-08,7245 Main St,Philadelphia,PA,19101,US,Legal,active,2024-03-16
7c3d7b49-8288-2fc2-bee4-d5a03ee53bfc,Steven,Young,steven.young@icloud.com,+1-977-932-1670,1970-10-06,8400 Oak Ave,Columbus,OH,43085,US,Finance,active,2024-03-24
84e110e3-482c-4407-4e24-02c50dde9cd9,Patricia,Allen,patricia.allen2@yahoo.com,+1-500-774-4919,1999-06-09,5212 Oak Ave,Philadelphia,PA,19101,US,Legal,suspended,2024-09-04
08cdaaea-c246-4175-cd99-86281c85510c,Anthony,Taylor,anthony.taylor@icloud.com,+1-497-244-6582,1981-05-05,9687 Main St,Jacksonville,FL,32099,US,Engineering,active,2024-09-10
8a0761bc-1fd8-dcd1-b4dd-53070b30bc62,David,Rodriguez,david.rodriguez@outlook.com,+1-999-769-4656,1982-05-13,1568 Cedar Ln,Houston,TX,77001,US,Legal,inactive,2024-11-09
57658e13-d6f1-d320-0f2c-e5b9e850ad62,Susan,Taylor,susan.taylor@gmail.com,+1-956-783-8749,1999-11-29,9404 Maple Dr,San Diego,CA,92101,US,Operations,active,2024-08-08
29cd84db-8036-9f61-6893-d5df3b8e7124,Joseph,Thomas,joseph.thomas2@outlook.com,+1-978-266-1768,1965-03-02,1339 Elm St,San Francisco,CA,94102,US,Sales,suspended,2024-12-16
17a86a12-14d2-405b-2cf9-b230676f7928,Donna,Clark,donna.clark@icloud.com,+1-594-562-1142,1972-11-27,878 Park Blvd,Jacksonville,FL,32099,US,Sales,active,2024-09-05
60a34c4b-a80b-53ec-c669-1549d6fb1c44,Michael,Rodriguez,michael.rodriguez3@outlook.com,+1-643-391-6535,1980-07-02,3492 Park Blvd,New York,NY,10001,US,Sales,suspended,2024-03-04
1ad8f1a5-19b4-87d7-da8a-d382a20b6170,Timothy,Hall,timothy.hall@yahoo.com,+1-445-377-5199,1961-12-19,9925 Park Blvd,Austin,TX,73301,US,Operations,active,2024-10-05
97ee078b-ee2e-8bed-95e0-686bf0c480c1,Andrew,Garcia,andrew.garcia4@icloud.com,+1-462-464-5449,1982-10-27,9568 Pine Rd,San Jose,CA,95101,US,Legal,active,2024-06-10
d59967b3-c971-3747-402e-49ce7d4f98a6,Sandra,Martinez,sandra.martinez2@example.com,+1-513-228-2765,1972-12-15,7337 Elm St,Los Angeles,CA,90001,US,Product,active,2024-10-09
4d120d03-4893-91d9-df7c-9eaa19d401fd,Emily,Smith,emily.smith@outlook.com,+1-464-412-7891,1974-08-09,5950 Lake Dr,Fort Worth,TX,76101,US,HR,suspended,2024-02-26
82f96a0f-e32b-62bc-b40c-391722772549,Charles,Mitchell,charles.mitchell@outlook.com,+1-974-623-9751,1974-03-22,6454 Pine Rd,Philadelphia,PA,19101,US,Product,active,2024-01-18
edaddac5-79c4-ced5-150b-ff58fb300623,Donna,Anderson,donna.anderson@gmail.com,+1-771-400-3543,1970-09-08,1253 Cedar Ln,Dallas,TX,75201,US,Marketing,active,2024-07-23
36f3a9f2-9d80-cd2f-3802-8ccf86e52896,Joshua,Flores,joshua.flores@hotmail.com,+1-699-596-8925,1971-09-10,2171 Lake Dr,Austin,TX,73301,US,Marketing,active,2024-05-27
c336b2a4-f87f-1f37-513d-0069fedb531f,Barbara,Hernandez,barbara.hernandez2@outlook.com,+1-201-833-4335,1967-05-13,8636 Cedar Ln,Houston,TX,77001,US,HR,active,2024-03-10
256fdc39-e9eb-d6a7-748f-4304db008757,Donald,Rodriguez,donald.rodriguez@yahoo.com,+1-244-555-5874,1998-10-19,1128 Lake Dr,San Diego,CA,92101,US,Operations,active,2024-08-02
ecb76586-eac2-bf6c-9883-c6113c17fa07,Carol,Brown,carol.brown@hotmail.com,+1-818-670-9020,1967-03-26,7472 Cedar Ln,San Diego,CA,92101,US,Finance,active,2024-03-04
5d9eece8-75c5-2940-a3e1-7b99f7b8beb7,James,King,james.king2@outlook.com,+1-564-798-9946,1968-06-26,2937 Park Blvd,San Francisco,CA,94102,US,Finance,active,2024-02-17
58bf1058-85f8-39b6-8e88-ae2a0f999e2c,Joshua,Moore,joshua.moore2@outlook.com,+1-983-619-9452,1992-08-15,1530 Oak Ave,Houston,TX,77001,US,Marketing,suspended,2024-10-09
3c32acd9-8f6e-e6c5-b5f5-aeeae388d11f,Elizabeth,Scott,elizabeth.scott@gmail.com,+1-492-238-1033,1996-09-08,6746 Pine Rd,Indianapolis,IN,46201,US,Finance,active,2024-11-19
3005b234-320a-17c7-4f06-eb02cf8dbe46,Melissa,Adams,melissa.adams@outlook.com,+1-490-677-8434,1968-06-08,1619 Lake Dr,Austin,TX,73301,US,Sales,active,2024-05-02
322b65f7-c671-ea03-46eb-76e225f81678,Andrew,Baker,andrew.baker@yahoo.com,+1-841-890-1523,1973-01-20,401 Oak Ave,Philadelphia,PA,19101,US,Legal,active,2024-02-13
84098fac-a85c-5e8f-00f9-01be3a37d645,Richard,Anderson,richard.anderson@yahoo.com,+1-871-915-9158,1989-01-23,2797 Pine Rd,San Jose,CA,95101,US,HR,inactive,2024-09-08
e9248d52-1564-3cf3-22a7-40ece545e706,Andrew,Mitchell,andrew.mitchell@gmail.com,+1-371-474-9122,1965-04-30,8843 Park Blvd,Indianapolis,IN,46201,US,Marketing,active,2024-03-10
47ee7ff2-ff13-8e39-29af-83c4c3e685d8,Linda,Torres,linda.torres@icloud.com,+1-497-767-6897,1981-02-11,2892 Main St,Philadelphia,PA,19101,US,Legal,inactive,2024-10-19
15d39b12-35e3-9226-8a59-db83e7f07639,Kenneth,Jones,kenneth.jones@outlook.com,+1-292-892-8594,1996-08-10,8078 Elm St,Phoenix,AZ,85001,US,Marketing,inactive,2024-07-12
f9361c6a-4bf8-5b36-46aa-e4c25f57de9c,Patricia,Miller,patricia.miller@icloud.com,+1-221-869-3358,1962-05-12,7648 Lake Dr,Los Angeles,CA,90001,US,Product,active,2024-02-22
5e2e2eff-78aa-6915-d7f6-d8c856e9cbae,William,Anderson,william.anderson@gmail.com,+1-294-125-1550,1966-03-04,317 Cedar Ln,Fort Worth,TX,76101,US,Product,inactive,2024-09-12
fe64ea6c-798b-9db4-fc5f-8e13ee680aeb,Donald,Martin,donald.martin2@yahoo.com,+1-858-342-9989,1994-12-06,4426 Lake Dr,Denver,CO,80201,US,Marketing,suspended,2024-05-26
2d25c3f3-ed06-adf6-0c26-35c6dc69bc4e,Nancy,Allen,nancy.allen2@gmail.com,+1-309-278-2274,1970-03-06,8782 Maple Dr,Fort Worth,TX,76101,US,Finance,inactive,2024-04-28
857392b0-a9ec-973d-9883-4fe223ac33af,Donald,Rodriguez,donald.rodriguez@outlook.com,+1-232-861-4368,1964-03-09,1417 Main St,Houston,TX,77001,US,Sales,inactive,2024-03-08
4b796616-ac63-bd84-7450-f00cc846b5c1,Mark,Johnson,mark.johnson2@outlook.com,+1-770-840-3857,1977-03-16,5742 Maple Dr,Los Angeles,CA,90001,US,Sales,suspended,2024-03-11
13ade014-cfce-855b-38f8-560d60456d36,Charles,Sanchez,charles.sanchez@outlook.com,+1-642-716-2511,1982-03-04,4865 Elm St,Dallas,TX,75201,US,Operations,suspended,2024-01-07
483a2443-e3ad-f2fb-da6c-709dece85fdf,Matthew,Perez,matthew.perez@yahoo.com,+1-362-953-4342,1993-07-19,7225 Maple Dr,Jacksonville,FL,32099,US,HR,inactive,2024-07-15
63cc975a-7b59-a1f4-b2ad-653ae958d278,Matthew,Mitchell,matthew.mitchell@yahoo.com,+1-275-604-5982,1978-05-12,7213 Main St,Philadelphia,PA,19101,US,HR,active,2024-06-06
c81f811c-98ed-5aee-5c2a-61900b11770d,Timothy,Martinez,timothy.martinez@outlook.com,+1-637-366-3413,1991-01-17,6001 Pine Rd,Philadelphia,PA,19101,US,Legal,suspended,2024-01-13
a7ae00b1-f5b7-be84-f153-55ded78add06,Sarah,Anderson,sarah.anderson@hotmail.com,+1-607-140-4097,1987-09-11,4753 Lake Dr,Chicago,IL,60601,US,Finance,active,2024-02-14
e2565ff0-e352-f76d-3c0b-950757dd7366,John,Davis,john.davis@outlook.com,+1-779-717-7070,1997-12-10,3034 Oak Ave,Fort Worth,TX,76101,US,Marketing,active,2024-05-26
42d855ee-bdc7-c359-ad35-1fd005ddb4e3,Elizabeth,Taylor,elizabeth.taylor@gmail.com,+1-418-960-8623,1975-07-31,997 Park Blvd,Chicago,IL,60601,US,Engineering,suspended,2024-09-08
a517adae-80ae-0477-fc6c-e3555a2fd4a3,Lisa,King,lisa.king2@example.com,+1-429-537-5273,2000-01-12,5255 Pine Rd,Jacksonville,FL,32099,US,Legal,active,2024-10-15
4adde649-bbd0-891e-5974-f8ec220b5b96,Andrew,Torres,andrew.torres@example.com,+1-365-747-1947,1971-08-29,4969 Cedar Ln,Indianapolis,IN,46201,US,Product,suspended,2024-03-26
e2de3b2a-7ea7-ae96-fac3-dc8f95cf23f1,Donald,Lee,donald.lee@hotmail.com,+1-888-640-6370,1971-06-23,1012 Lake Dr,San Francisco,CA,94102,US,Product,inactive,2024-03-25
8b17e9ed-0175-d981-87aa-216255639141,Christopher,Anderson,christopher.anderson@gmail.com,+1-613-549-9559,1964-10-18,9755 Pine Rd,San Francisco,CA,94102,US,Operations,active,2024-02-28
122edfed-7b7a-626e-69a8-8da2488d21cb,Joshua,Anderson,joshua.anderson2@example.com,+1-861-831-3528,1996-01-15,7605 Elm St,Philadelphia,PA,19101,US,Sales,active,2024-08-04
cabfae4a-f61a-8c46-9f68-9d10cbfac93a,Mary,Smith,mary.smith@example.com,+1-576-989-7318,1992-08-30,3122 Elm St,Phoenix,AZ,85001,US,Marketing,suspended,2024-08-12
b7e4590d-900e-0786-0aa3-ac8a2e5eae54,Mark,Brown,mark.brown@outlook.com,+1-451-485-2250,1996-07-17,3626 Main St,San Antonio,TX,78201,US,Marketing,active,2024-05-26
d4cdf91b-907b-d286-b5c5-71aa285ff996,Anthony,Moore,anthony.moore2@gmail.com,+1-872-395-2162,1981-08-21,940 Cedar Ln,Nashville,TN,37201,US,Product,inactive,2024-06-17
c5ee3f8c-c5a3-1caf-bae1-a218b58b82e7,James,Harris,james.harris@icloud.com,+1-940-636-5360,1966-11-23,653 Oak Ave,San Diego,CA,92101,US,Marketing,inactive,2024-02-27
876e4f34-19f1-833c-75bc-54439e7dea15,Richard,Williams,richard.williams2@yahoo.com,+1-470-521-8518,1961-04-03,9684 Main St,Indianapolis,IN,46201,US,Legal,inactive,2024-12-08
24a80550-cb6e-7c59-9234-c7c4cd4d475e,Donald,Wilson,donald.wilson@example.com,+1-658-453-3775,1978-09-01,8034 Pine Rd,Houston,TX,77001,US,Product,active,2024-02-02
787c6e48-7149-0ef8-d09c-df45a6dd7845,Mary,Sanchez,mary.sanchez@example.com,+1-499-152-1026,2000-11-29,9739 Lake Dr,Nashville,TN,37201,US,Engineering,active,2024-09-07
8b4f4ab6-1243-cd60-ddd6-29e4be6119bc,William,White,william.white2@example.com,+1-208-486-2536,1977-02-06,53 Elm St,Fort Worth,TX,76101,US,Finance,inactive,2024-01-01
23f5b1b9-c013-5411-2650-899deb51d5b4,Ashley,Brown,ashley.brown@gmail.com,+1-335-842-2912,1960-04-11,2774 Park Blvd,Houston,TX,77001,US,Finance,suspended,2024-01-11
e4a8354e-ea1a-2306-c2e9-1d65139fa9fc,Michael,Mitchell,michael.mitchell@gmail.com,+1-759-169-7206,1997-05-01,9279 Cedar Ln,Houston,TX,77001,US,HR,suspended,2024-02-01
109539e0-d7d4-980d-7a13-2566e6a7b865,Matthew,Robinson,matthew.robinson@hotmail.com,+1-240-958-2800,1983-03-30,4614 Pine Rd,Nashville,TN,37201,US,Marketing,active,2024-07-08
41ddd517-6192-023b-9142-6c7d1cb0dd20,Elizabeth,Scott,elizabeth.scott@yahoo.com,+1-991-238-6396,1976-04-10,8305 Park Blvd,Phoenix,AZ,85001,US,Marketing,inactive,2024-08-05
53a693f9-d00f-eb4e-27eb-4483c8635a68,Michael,Jones,michael.jones@hotmail.com,+1-459-974-5938,1998-12-02,9750 Park Blvd,New York,NY,10001,US,Operations,active,2024-01-06
84ac6238-d830-675b-1568-acdcb74bf73d,Amanda,Moore,amanda.moore@example.com,+1-879-911-3325,2000-06-01,5335 Pine Rd,Philadelphia,PA,19101,US,Engineering,active,2024-12-15
f7e876b4-2443-3b5e-4b5d-c0772bae5d04,Daniel,Flores,daniel.flores2@outlook.com,+1-457-766-3266,1999-06-25,6864 Cedar Ln,New York,NY,10001,US,Finance,active,2024-03-08
f16a033f-7f6b-b6f5-7150-55a780d0d17a,Linda,Nelson,linda.nelson@hotmail.com,+1-327-964-4183,1972-11-23,2518 Main St,Austin,TX,73301,US,Sales,active,2024-07-03
8625935f-c734-a5b4-1b1a-14b63c2fe50f,Brian,Wilson,brian.wilson@icloud.com,+1-625-560-7968,1960-08-23,7574 Pine Rd,Phoenix,AZ,85001,US,HR,suspended,2024-03-06
9d6cca22-31ff-5329-e97a-1e637fbe54ac,Steven,Mitchell,steven.mitchell@hotmail.com,+1-263-144-5903,1960-06-27,7085 Cedar Ln,Seattle,WA,98101,US,Engineering,suspended,2024-07-14
281aca54-a1fd-0742-0819-fa9960db057b,Betty,Lewis,betty.lewis@hotmail.com,+1-926-723-8113,1985-06-18,5110 Oak Ave,Philadelphia,PA,19101,US,Engineering,active,2024-12-16
d4989921-fcc8-10a4-41cc-d3a2dd6b05ac,Linda,Clark,linda.clark@outlook.com,+1-528-753-9226,1974-09-12,4337 Pine Rd,Nashville,TN,37201,US,Product,active,2024-08-15
2ad4f90c-4131-d33e-3290-b6635835e546,Amanda,Davis,amanda.davis@yahoo.com,+1-676-614-4471,1964-12-27,2860 Lake Dr,Charlotte,NC,28201,US,Finance,active,2024-03-26
88c78c39-bbcf-7d2c-c195-4dc141ce9829,Sandra,Roberts,sandra.roberts@hotmail.com,+1-846-396-3098,1974-05-16,8186 Pine Rd,Columbus,OH,43085,US,HR,inactive,2024-12-10
b8572bbe-07b2-8ec5-bac3-16a5e469506a,Lisa,Green,lisa.green2@outlook.com,+1-228-259-2640,1968-06-25,4920 Cedar Ln,Los Angeles,CA,90001,US,Product,inactive,2024-06-25
fbb5ac74-2c15-5ef5-8d9a-0bcbfd74f325,Andrew,Jackson,andrew.jackson2@outlook.com,+1-420-239-5076,1984-11-08,5008 Elm St,San Antonio,TX,78201,US,Finance,active,2024-06-13
f698a2fd-9942-76e8-861b-66d2c2e93729,Anthony,Allen,anthony.allen2@yahoo.com,+1-951-883-7805,1994-09-23,5978 Lake Dr,Phoenix,AZ,85001,US,Operations,active,2024-10-21
002f7406-8c13-ea4e-9d60-1449b328b3a5,Barbara,Nelson,barbara.nelson@gmail.com,+1-315-306-4813,1997-09-26,7647 Park Blvd,San Diego,CA,92101,US,Marketing,suspended,2024-02-12
16d24463-e06c-0572-4f8a-70aaea0aa62f,Carol,Robinson,carol.robinson@hotmail.com,+1-317-180-6834,1964-06-14,8657 Oak Ave,New York,NY,10001,US,Product,active,2024-04-03
5bb24e92-1cf7-b510-12c4-77188c7f0ff5,Daniel,Thomas,daniel.thomas2@icloud.com,+1-758-573-7635,1967-03-13,5536 Main St,Dallas,TX,75201,US,Marketing,inactive,2024-04-20
be0b39b1-d1fd-6505-706d-8b05e3115499,Mark,Green,mark.green@outlook.com,+1-820-871-3246,1976-07-22,1979 Elm St,New York,NY,10001,US,Marketing,active,2024-11-20
4b7e9644-43ca-12ea-dade-96f094080eb5,Kimberly,Garcia,kimberly.garcia@gmail.com,+1-426-115-1581,1988-11-27,2280 Lake Dr,New York,NY,10001,US,Legal,active,2024-03-25
724bc895-2562-9cd6-4a02-7e6490dc33eb,James,Baker,james.baker2@hotmail.com,+1-858-522-4091,1977-10-22,9071 Main St,Austin,TX,73301,US,Sales,inactive,2024-04-06
4f349179-1674-b00d-19b7-9b54a42f149a,Betty,Lewis,betty.lewis2@hotmail.com,+1-452-181-2006,1991-03-05,7517 Elm St,San Diego,CA,92101,US,Finance,suspended,2024-09-28
2f9a60a5-f6fc-2756-fa0d-5f07d9bc58e5,Donald,Garcia,donald.garcia2@outlook.com,+1-642-838-5781,1971-12-09,2196 Cedar Ln,Houston,TX,77001,US,Engineering,inactive,2024-11-26
bbd3f066-8197-1c92-32e1-6f36f0c49668,Thomas,Campbell,thomas.campbell@hotmail.com,+1-406-953-9294,1972-08-13,1037 Park Blvd,Houston,TX,77001,US,Legal,active,2024-12-24
df40268c-4f85-f747-e885-0279501f3f11,William,Hall,william.hall@icloud.com,+1-252-464-9721,1997-05-15,4660 Lake Dr,Nashville,TN,37201,US,HR,active,2024-09-26
96e54d70-f2da-5c53-821f-ed01cbe4f914,Emily,Jackson,emily.jackson@hotmail.com,+1-695-920-3653,1965-12-28,5001 Elm St,Austin,TX,73301,US,Legal,suspended,2024-09-19
06c0dee8-4b8b-80d9-b122-9d0c584658f2,Paul,Lopez,paul.lopez@yahoo.com,+1-945-766-5580,1975-03-31,2481 Oak Ave,San Jose,CA,95101,US,Engineering,active,2024-02-10
d63a5549-d463-faf1-c2d5-55461c0939c6,Kenneth,Nguyen,kenneth.nguyen@icloud.com,+1-684-556-9630,1965-04-24,5272 Pine Rd,Fort Worth,TX,76101,US,Operations,active,2024-10-24
6159cf7f-8be0-685e-9eb4-c2b9b41636bc,Michelle,Williams,michelle.williams@example.com,+1-593-231-8063,1979-09-29,9742 Maple Dr,Jacksonville,FL,32099,US,Finance,active,2024-10-11
20bad286-e510-36fe-a0fb-58a8abf2d031,Jessica,Campbell,jessica.campbell@gmail.com,+1-870-454-6754,1993-06-19,3201 Elm St,Los Angeles,CA,90001,US,Sales,active,2024-07-23
287a6e0b-5bda-1ece-d130-0e622cfb641e,Susan,Robinson,susan.robinson@hotmail.com,+1-518-470-9697,1964-09-24,8020 Main St,San Antonio,TX,78201,US,Marketing,active,2024-02-24
34cc1334-aac2-d3f2-3cd4-67197d9393a7,Linda,Jones,linda.jones@hotmail.com,+1-573-670-4213,1965-06-20,6739 Maple Dr,Jacksonville,FL,32099,US,HR,suspended,2024-11-06
386428de-4fbc-3631-4f1c-4b7f9442bbb6,Linda,Perez,linda.perez@gmail.com,+1-766-607-9972,1979-03-26,7793 Oak Ave,Austin,TX,73301,US,Legal,active,2024-04-11
ae4c9638-8374-b209-ab46-ad96b2417eec,Carol,Hill,carol.hill@yahoo.com,+1-798-185-1924,2000-03-11,5732 Pine Rd,Jacksonville,FL,32099,US,Sales,active,2024-07-06
ac5e6af4-32f8-afaf-47d6-cb16c93aa425,George,Walker,george.walker2@yahoo.com,+1-997-306-3042,1979-01-16,7053 Oak Ave,Nashville,TN,37201,US,Sales,active,2024-11-20
b423e204-b8eb-cf0c-a945-455788959d6e,Donna,Martinez,donna.martinez@icloud.com,+1-687-671-5804,1989-08-24,2510 Lake Dr,Columbus,OH,43085,US,Legal,active,2024-02-11
97052ee6-b168-7434-0c11-570023037449,Joseph,Sanchez,joseph.sanchez2@example.com,+1-650-981-6795,1995-06-12,592 Park Blvd,Charlotte,NC,28201,US,Product,suspended,2024-10-04
655214af-bcfc-c24f-daf2-8060f73f39b6,Carol,Adams,carol.adams@yahoo.com,+1-730-437-5510,1974-01-27,4773 Oak Ave,Seattle,WA,98101,US,Product,active,2024-10-08
b51f81c1-a320-a090-c1bc-940061ab57d8,Susan,Miller,susan.miller2@gmail.com,+1-754-425-6114,1974-05-07,467 Maple Dr,Chicago,IL,60601,US,Product,active,2024-02-17
68a8983c-fa18-c14a-c00c-c5bd3edaf6e2,John,Sanchez,john.sanchez2@example.com,+1-455-273-4782,1992-02-09,6052 Oak Ave,New York,NY,10001,US,Operations,active,2024-03-20
e5202b36-b1fc-0880-3303-5d5b17e0c203,Kevin,Garcia,kevin.garcia2@hotmail.com,+1-263-956-8212,1977-11-23,3940 Lake Dr,Jacksonville,FL,32099,US,Marketing,active,2024-09-10
76d62f91-0104-9882-0797-78f032e631a9,Carol,Lee,carol.lee@outlook.com,+1-861-399-6520,1999-01-06,7385 Lake Dr,San Jose,CA,95101,US,Legal,active,2024-02-21
18dafcff-35c0-6b22-805d-792b19abc234,Charles,Clark,charles.clark2@example.com,+1-611-350-4287,1998-12-05,2868 Elm St,Jacksonville,FL,32099,US,Finance,active,2024-12-14
81721148-b000-13c5-769c-fef75a6a7a8a,Richard,Williams,richard.williams@outlook.com,+1-588-513-1913,1992-12-13,7426 Main St,Charlotte,NC,28201,US,Sales,active,2024-01-15
a4074ec2-9359-25e4-62f5-300eefb4303d,George,Harris,george.harris@hotmail.com,+1-889-465-1315,1961-12-31,8448 Elm St,Columbus,OH,43085,US,Sales,inactive,2024-02-02
bc3941df-d8ee-31ef-dc09-1cf0589cba77,Anthony,Allen,anthony.allen@icloud.com,+1-414-239-7315,1976-09-15,4173 Lake Dr,Columbus,OH,43085,US,HR,active,2024-11-23
428f0eb4-d67c-4527-c0a7-ac50aca399e1,Thomas,Jones,thomas.jones2@yahoo.com,+1-400-682-8142,1960-08-17,8527 Pine Rd,Dallas,TX,75201,US,Finance,active,2024-10-26
a8fb7db6-8d5b-3f8b-1137-9e40e1c1fba2,Deborah,Harris,deborah.harris@gmail.com,+1-902-259-1126,1960-03-28,8416 Lake Dr,New York,NY,10001,US,Marketing,inactive,2024-11-07
a1a3bbdd-94eb-f745-ad50-09cdb5ff2456,Dorothy,Scott,dorothy.scott@gmail.com,+1-856-248-8811,1969-09-01,1331 Oak Ave,Denver,CO,80201,US,Finance,suspended,2024-02-20
18ea6773-00b2-c0cd-551c-e17b69cf0918,Paul,Walker,paul.walker@icloud.com,+1-737-175-8624,1964-04-27,5932 Lake Dr,Phoenix,AZ,85001,US,Product,active,2024-02-17
20082013-bfd8-ae38-51c4-a48bd79a1414,John,King,john.king@hotmail.com,+1-329-521-3149,1990-09-01,5017 Oak Ave,Charlotte,NC,28201,US,Operations,active,2024-11-17
d574cbe1-fcae-3ee8-cbc6-61a1e82fc52f,Donna,Anderson,donna.anderson@yahoo.com,+1-613-993-8151,1964-10-24,5522 Oak Ave,San Francisco,CA,94102,US,Legal,inactive,2024-04-03
1d9fe29b-3ef8-5af4-91c1-649f4a2615c0,Susan,Garcia,susan.garcia@icloud.com,+1-445-433-3254,2000-05-29,8011 Park Blvd,Charlotte,NC,28201,US,Sales,active,2024-06-20
e0ce3d56-84c7-e96e-dc82-882417c38f6f,Jessica,Young,jessica.young2@hotmail.com,+1-330-428-8164,1962-10-22,6945 Elm St,Jacksonville,FL,32099,US,Marketing,inactive,2024-04-20
88e8c3b6-4078-1aed-5468-4553c46ba4fd,Linda,Robinson,linda.robinson@yahoo.com,+1-909-298-7773,1964-04-15,2821 Oak Ave,Indianapolis,IN,46201,US,Finance,active,2024-02-08
7930171e-b6ae-f822-032b-063566f9f465,Lisa,Johnson,lisa.johnson@yahoo.com,+1-518-706-7812,1972-09-14,8275 Lake Dr,San Antonio,TX,78201,US,Operations,inactive,2024-05-21
2474faaf-89f1-cc00-40c1-2f43b577dd1b,Melissa,Jackson,melissa.jackson2@hotmail.com,+1-317-627-9002,1973-08-30,3567 Maple Dr,Austin,TX,73301,US,Marketing,active,2024-06-11
c76c14d3-e65d-9c63-0a3c-845bd2483540,Steven,Wright,steven.wright@hotmail.com,+1-559-159-4570,1972-07-15,1067 Elm St,Indianapolis,IN,46201,US,Marketing,active,2024-05-25
52be526a-6a71-1aa0-a9aa-3f8eb4623a78,Kevin,Harris,kevin.harris@outlook.com,+1-909-528-8025,1984-06-19,3591 Lake Dr,Los Angeles,CA,90001,US,HR,active,2024-08-16
a42637dc-3d04-cca1-be88-364e56e718d1,Jennifer,Anderson,jennifer.anderson@outlook.com,+1-731-955-5078,1967-06-01,4320 Oak Ave,Chicago,IL,60601,US,Engineering,inactive,2024-06-25
5ddf0828-61e7-cd12-d6c0-716f6becbfce,Sandra,Rodriguez,sandra.rodriguez@icloud.com,+1-631-882-3572,1979-12-26,699 Park Blvd,Nashville,TN,37201,US,Legal,active,2024-04-20
41842818-7442-f12f-7cab-9298ae1b0ed0,Joseph,Wilson,joseph.wilson@hotmail.com,+1-518-967-2555,1998-05-08,549 Pine Rd,Charlotte,NC,28201,US,Finance,suspended,2024-08-04
e6f07cb5-0e12-796b-b461-97f9fc7af126,Melissa,Roberts,melissa.roberts@gmail.com,+1-212-323-5511,1968-05-05,577 Cedar Ln,San Francisco,CA,94102,US,Operations,suspended,2024-03-16
229d193d-ebc2-1067-bada-301aaffed450,Melissa,Baker,melissa.baker@gmail.com,+1-254-316-2306,1968-11-19,177 Park Blvd,Indianapolis,IN,46201,US,Product,inactive,2024-05-14
821a221f-ca6a-160f-823f-0f2a799260d1,Brian,White,brian.white3@gmail.com,+1-710-833-8651,1971-12-19,8618 Pine Rd,San Francisco,CA,94102,US,Operations,suspended,2024-11-23
15d65d17-7a22-8b5e-94ba-c44fb35896b4,George,Young,george.young@icloud.com,+1-301-399-2418,1980-11-13,7506 Pine Rd,Jacksonville,FL,32099,US,Product,active,2024-11-28
ccc77300-2d4a-97b4-f0a7-8c1ce86bd846,Donna,Brown,donna.brown@hotmail.com,+1-430-753-6805,1991-10-12,1580 Main St,Denver,CO,80201,US,Finance,active,2024-08-22
a90829a6-f89e-54ea-8ac0-6a9e6cf7f504,Dorothy,Sanchez,dorothy.sanchez2@hotmail.com,+1-820-685-9604,1998-06-05,4943 Maple Dr,San Francisco,CA,94102,US,Engineering,active,2024-04-06
23ca9cae-ea75-fc83-511d-4c32e0d3bb50,Matthew,Perez,matthew.perez2@gmail.com,+1-467-196-2583,1962-03-25,4466 Maple Dr,San Diego,CA,92101,US,Engineering,inactive,2024-07-12
99a5fc7a-4840-6777-9017-0e43d6d2df90,Michael,Anderson,michael.anderson@yahoo.com,+1-582-587-8163,1967-12-22,870 Cedar Ln,Austin,TX,73301,US,Product,active,2024-01-18
7a549a64-9730-c31d-b7ef-995cc152a350,Sarah,Green,sarah.green@example.com,+1-255-408-6199,1967-05-20,3376 Park Blvd,Denver,CO,80201,US,Legal,inactive,2024-02-05
1d10949e-26ff-b05c-6072-af727dac893d,Brian,Carter,brian.carter2@icloud.com,+1-851-977-4213,1978-06-11,5494 Pine Rd,Charlotte,NC,28201,US,Operations,inactive,2024-02-09
ea87a55b-aa46-b6f4-ef3b-9cc832876269,George,Anderson,george.anderson@gmail.com,+1-724-741-4132,1993-03-29,4984 Elm St,Jacksonville,FL,32099,US,Finance,active,2024-03-28
0c38392d-4fd2-f1b0-0ae4-3bbaec310978,Patricia,Williams,patricia.williams@icloud.com,+1-997-130-3873,1985-11-18,4583 Oak Ave,Austin,TX,73301,US,Legal,active,2024-04-13
37bd193f-3f8d-50a6-b90b-ba397dad0327,Amanda,Taylor,amanda.taylor@yahoo.com,+1-279-309-5897,1995-10-22,2443 Pine Rd,San Diego,CA,92101,US,Marketing,active,2024-11-15
d854987c-2996-443d-64be-478bd38d50e6,Linda,Allen,linda.allen@icloud.com,+1-276-877-8869,1999-01-28,7685 Pine Rd,Indianapolis,IN,46201,US,Sales,suspended,2024-03-04
c4570192-8abf-5472-447f-3b22e47077e5,John,Miller,john.miller@hotmail.com,+1-336-182-6581,1982-03-28,1424 Lake Dr,Phoenix,AZ,85001,US,Operations,active,2024-12-16
affb41a8-461b-a28e-24ce-318d3993da55,Carol,Torres,carol.torres@hotmail.com,+1-261-778-5496,1963-08-06,9614 Park Blvd,San Diego,CA,92101,US,Marketing,suspended,2024-07-23
7b3e9125-2bf4-870c-6465-2f73657a2142,Michelle,Green,michelle.green@outlook.com,+1-294-382-6749,1987-05-18,7934 Main St,Chicago,IL,60601,US,Product,active,2024-12-18
d8ffa063-ec4e-f44a-c528-ecf1d5fd0aee,Brian,Ramirez,brian.ramirez@icloud.com,+1-419-552-9380,1967-04-23,6096 Lake Dr,Columbus,OH,43085,US,Legal,active,2024-11-15
dab16d89-31e9-89f6-f7a8-5263921bbb82,Linda,Lopez,linda.lopez@gmail.com,+1-910-771-2415,1986-07-01,8072 Park Blvd,Denver,CO,80201,US,Legal,active,2024-11-28
70451472-a58d-0ba2-2bd7-e16620804de5,Timothy,Young,timothy.young@example.com,+1-791-982-7945,1960-01-24,2635 Pine Rd,New York,NY,10001,US,HR,active,2024-03-15
9b3f4791-382b-81e7-02b8-8a90f8278a72,Steven,Jackson,steven.jackson@yahoo.com,+1-758-608-9203,1991-05-16,656 Park Blvd,New York,NY,10001,US,HR,inactive,2024-06-27
8a5f363f-daf8-16d7-c346-a39ba89fc1da,Andrew,Martin,andrew.martin@example.com,+1-624-655-5981,1963-12-07,9848 Lake Dr,Nashville,TN,37201,US,HR,suspended,2024-12-07
60ca5e56-2ab7-ab01-2426-fc0a94d09368,Brian,Lopez,brian.lopez@gmail.com,+1-766-979-7597,1992-05-16,8212 Lake Dr,San Antonio,TX,78201,US,Engineering,active,2024-08-12
53e2cb6e-4975-59cd-dbce-08e3c93fd521,Nancy,Mitchell,nancy.mitchell@hotmail.com,+1-695-822-7332,1976-07-04,5314 Cedar Ln,Seattle,WA,98101,US,Engineering,suspended,2024-03-09
38f5bd6c-1c93-6e71-8159-5dc3e93874b6,Melissa,Clark,melissa.clark@outlook.com,+1-332-253-3839,1960-10-22,5670 Lake Dr,San Antonio,TX,78201,US,Operations,active,2024-05-03
cc396b30-b134-f619-3d10-571ac0a18525,William,Hernandez,william.hernandez@hotmail.com,+1-582-848-1049,1973-09-21,9372 Pine Rd,Fort Worth,TX,76101,US,Operations,active,2024-12-21
a8d4c53d-2693-bf4a-91f2-b906c524f43c,Michelle,Lewis,michelle.lewis@yahoo.com,+1-634-532-3905,1972-11-06,2384 Pine Rd,Houston,TX,77001,US,Legal,inactive,2024-07-01
0f94a587-11fd-0a86-f638-6ff27b35863f,Richard,Scott,richard.scott2@yahoo.com,+1-250-247-5179,1962-08-31,5180 Park Blvd,San Francisco,CA,94102,US,HR,active,2024-11-15
7a744baf-9cd3-f073-639e-c2cbd683442d,Michelle,Nguyen,michelle.nguyen@yahoo.com,+1-817-350-4667,1987-01-18,3328 Cedar Ln,Nashville,TN,37201,US,Finance,active,2024-09-15
85a20bf7-6607-dd73-cbe5-4724b83fa5ce,Margaret,Scott,margaret.scott@icloud.com,+1-794-909-9672,1984-09-30,2452 Elm St,San Antonio,TX,78201,US,Marketing,inactive,2024-04-18
2e37b884-593d-5d84-60ff-2410ff741e8d,George,Ramirez,george.ramirez@icloud.com,+1-960-245-5087,2000-11-12,5450 Main St,Houston,TX,77001,US,Legal,suspended,2024-12-21
5c230140-a1bd-d6ae-bb95-d10f3b9baee7,Donna,Thomas,donna.thomas@hotmail.com,+1-336-216-9565,1982-01-01,411 Park Blvd,Seattle,WA,98101,US,HR,suspended,2024-07-01
c7ad2a28-d675-1089-e8a0-a77198211c98,Kevin,Gonzalez,kevin.gonzalez@yahoo.com,+1-831-842-6748,1967-12-01,943 Park Blvd,San Jose,CA,95101,US,Legal,active,2024-12-05
0e7be49b-e5f4-73fa-1692-be3d88dbf060,Anthony,Nelson,anthony.nelson@example.com,+1-660-513-8214,1968-04-20,7486 Lake Dr,Columbus,OH,43085,US,Product,inactive,2024-11-23
fbb94c78-114e-ea51-fef1-74448863e74c,Joseph,Hall,joseph.hall@icloud.com,+1-823-146-6879,1963-05-17,9441 Lake Dr,Indianapolis,IN,46201,US,HR,inactive,2024-09-26
7c6471a6-b130-c8d2-372d-25a75c8e98fb,Andrew,Torres,andrew.torres@yahoo.com,+1-487-143-7954,1961-06-24,2586 Pine Rd,San Antonio,TX,78201,US,Sales,inactive,2024-02-02
78e45b98-b163-570f-8e5c-dbc2fbe24105,Amanda,Thomas,amanda.thomas@yahoo.com,+1-710-292-7382,1972-07-17,5738 Oak Ave,Phoenix,AZ,85001,US,HR,suspended,2024-02-20
057cfb05-4d17-e35f-948f-e5212427b821,Paul,Clark,paul.clark@hotmail.com,+1-609-343-6969,1969-06-26,7743 Maple Dr,Chicago,IL,60601,US,HR,inactive,2024-07-28
6590af8d-ced9-23d6-25bd-8a41c3f66c68,Susan,Hill,susan.hill@icloud.com,+1-876-816-9575,1981-05-05,5289 Main St,Jacksonville,FL,32099,US,Engineering,inactive,2024-03-18
5adb52b8-b1ce-b035-b648-e2fba5f959c4,Carol,Rivera,carol.rivera@outlook.com,+1-737-893-1135,1982-10-17,443 Park Blvd,San Diego,CA,92101,US,Product,suspended,2024-03-26
109678c7-53a4-cd21-ee05-d3670433da84,Brian,Moore,brian.moore@example.com,+1-473-731-1470,1990-12-15,5087 Lake Dr,Austin,TX,73301,US,Finance,active,2024-12-20
5253f04a-cb7b-4883-f389-16be497f24ec,Ashley,White,ashley.white@outlook.com,+1-440-490-5811,1997-07-07,9263 Park Blvd,San Diego,CA,92101,US,Marketing,active,2024-08-16
2431d996-2923-d53c-2645-8e7024759e9e,George,Torres,george.torres@icloud.com,+1-914-539-6037,1980-06-23,6208 Oak Ave,Charlotte,NC,28201,US,Operations,active,2024-04-02
bdfd9767-5d02-7966-c671-3eeb75d09c8c,James,Martinez,james.martinez@hotmail.com,+1-261-976-8802,1966-02-03,6873 Lake Dr,New York,NY,10001,US,Product,suspended,2024-04-28
deef5508-3d85-9f6f-5bbc-8128408c80ae,Paul,Hall,paul.hall3@gmail.com,+1-767-486-1160,1964-11-08,1918 Park Blvd,Austin,TX,73301,US,Marketing,active,2024-01-16
e7a4e064-c531-e074-dbd1-e92c9ca32e67,Lisa,Smith,lisa.smith@gmail.com,+1-832-800-2325,1978-01-21,5702 Elm St,New York,NY,10001,US,Operations,suspended,2024-04-28
5b1db3a4-519e-19c3-4192-3afe422406eb,Emily,Nelson,emily.nelson@yahoo.com,+1-646-446-3993,1998-11-15,3476 Maple Dr,Phoenix,AZ,85001,US,Sales,active,2024-05-24
cd3bfc98-9f34-eac7-3085-69f9157bdc2a,Paul,Flores,paul.flores@outlook.com,+1-992-685-7121,1994-05-25,1400 Lake Dr,Dallas,TX,75201,US,Product,suspended,2024-10-07
53bff303-9573-d9c3-6f17-7690511bdd78,Susan,Brown,susan.brown@yahoo.com,+1-801-142-8890,1963-07-20,218 Elm St,Seattle,WA,98101,US,Product,suspended,2024-06-23
c907a578-a69a-2d2c-1caa-40e1e74880f2,Robert,Smith,robert.smith@hotmail.com,+1-265-927-3296,1978-06-12,8502 Lake Dr,San Antonio,TX,78201,US,HR,active,2024-12-26
065dd804-fb43-b935-30d4-dc67d3d343c2,Steven,Adams,steven.adams2@gmail.com,+1-903-484-4755,1980-05-03,8690 Maple Dr,Chicago,IL,60601,US,Marketing,active,2024-06-05
90aa3df3-e388-35cb-9494-5cc8c1f9555f,Paul,Lewis,paul.lewis@icloud.com,+1-606-238-9279,1987-01-10,9442 Cedar Ln,Denver,CO,80201,US,Engineering,active,2024-09-10
622193e4-5206-f3a8-0c1e-22745bf2cf57,Patricia,White,patricia.white@yahoo.com,+1-253-673-4109,1982-07-16,1751 Oak Ave,Chicago,IL,60601,US,Sales,inactive,2024-01-09
6bc92f15-9137-c5c6-873e-271dffb294bd,Brian,Campbell,brian.campbell@icloud.com,+1-533-369-2113,1993-05-21,8978 Pine Rd,Jacksonville,FL,32099,US,HR,active,2024-10-28
c5512448-9f48-dfab-11c3-241c7584ac16,Jessica,Wright,jessica.wright@hotmail.com,+1-391-611-1842,1973-10-22,6108 Pine Rd,Jacksonville,FL,32099,US,Legal,active,2024-09-16
c92eb317-db9f-6278-0706-e265399c22e9,John,Perez,john.perez@hotmail.com,+1-944-148-7087,1966-11-14,6431 Main St,Fort Worth,TX,76101,US,HR,active,2024-11-13
c7b1784d-e868-f33b-e3ba-7bccd70dbe88,Michael,White,michael.white3@gmail.com,+1-888-897-4623,1966-03-19,5481 Main St,Houston,TX,77001,US,Product,inactive,2024-11-12
05547631-9e19-5a38-5951-fab9fc08ed1b,Matthew,Ramirez,matthew.ramirez@gmail.com,+1-723-973-6910,1961-04-21,6105 Lake Dr,Jacksonville,FL,32099,US,Product,active,2024-08-18
18a1d95a-9569-4427-3fa7-8532f7a55627,Andrew,Wilson,andrew.wilson@hotmail.com,+1-816-415-8987,1991-05-19,4368 Cedar Ln,Denver,CO,80201,US,Legal,active,2024-10-27
b1a3d474-1528-7d47-2704-1767de9d2d68,Emily,Williams,emily.williams@example.com,+1-985-894-7350,1974-08-09,300 Oak Ave,San Antonio,TX,78201,US,Engineering,active,2024-08-14
3a56352d-a6fe-223a-acf2-91b7404c4ee8,Sarah,Young,sarah.young@gmail.com,+1-372-182-2650,1968-05-26,1217 Main St,San Jose,CA,95101,US,Sales,inactive,2024-11-14
a1e51a8b-fdf5-bdd9-3130-82037334602a,Timothy,Baker,timothy.baker@yahoo.com,+1-765-211-4591,1981-10-02,4085 Main St,San Diego,CA,92101,US,Finance,active,2024-05-12
4f0638e6-3510-a3bc-0358-1581cb99e4ec,David,Thomas,david.thomas@hotmail.com,+1-595-322-4212,1994-06-18,2961 Lake Dr,Seattle,WA,98101,US,HR,active,2024-06-14
bf7794e1-08b8-f83f-880e-ce5ac2aa60cf,Christopher,Sanchez,christopher.sanchez@icloud.com,+1-874-441-1667,1978-07-26,515 Main St,Fort Worth,TX,76101,US,Operations,suspended,2024-10-22
5f5a04d9-d509-4d65-7818-382a53df510f,Daniel,Hall,daniel.hall@yahoo.com,+1-254-194-6144,1965-03-12,4417 Cedar Ln,Seattle,WA,98101,US,Operations,inactive,2024-09-04
b66169a5-e92b-d986-f775-14eb9ef9856b,Kimberly,Green,kimberly.green@gmail.com,+1-480-734-2746,1980-05-14,4622 Oak Ave,Indianapolis,IN,46201,US,Operations,active,2024-05-09
1c4b269e-40a6-41cd-5753-f91e980ad348,Margaret,Clark,margaret.clark@gmail.com,+1-665-195-1582,1989-07-04,62 Park Blvd,Nashville,TN,37201,US,Operations,inactive,2024-03-13
504ecd34-c8a5-34f5-db4e-dee94a5dd8e8,Betty,Ramirez,betty.ramirez2@icloud.com,+1-883-440-4849,1976-03-28,6538 Cedar Ln,Seattle,WA,98101,US,Legal,inactive,2024-07-14
a9a72234-2b2e-e058-0ba9-29d7997a9502,Nancy,Hill,nancy.hill@icloud.com,+1-434-382-5613,1987-09-25,2176 Cedar Ln,Jacksonville,FL,32099,US,Marketing,inactive,2024-03-06
1b935d05-a56f-0f9a-9d28-c3c24f4a247b,Matthew,Ramirez,matthew.ramirez@outlook.com,+1-739-763-7423,1997-12-17,1585 Pine Rd,San Francisco,CA,94102,US,Product,active,2024-09-17
5fc1b533-a8c1-c694-0f4f-5ce6f0c30673,Joseph,Sanchez,joseph.sanchez@yahoo.com,+1-969-311-4289,1984-02-10,1421 Elm St,Austin,TX,73301,US,Marketing,active,2024-02-22
e58ddcf5-71bc-0ead-f23c-d2ac1bf9742d,Richard,Thompson,richard.thompson@hotmail.com,+1-204-267-8948,1996-07-26,8303 Pine Rd,Houston,TX,77001,US,Legal,active,2024-05-10
c512cb2e-3a06-8e71-2cfb-6830bf868778,Sandra,Torres,sandra.torres@yahoo.com,+1-835-925-2806,1967-08-30,7907 Park Blvd,Charlotte,NC,28201,US,Marketing,suspended,2024-12-28
aa91593c-5753-f9e7-8bd9-5b6585b19f1b,Anthony,Scott,anthony.scott@yahoo.com,+1-735-933-5478,1975-07-13,3229 Oak Ave,Philadelphia,PA,19101,US,Finance,active,2024-12-22
461c4cbb-726d-9e10-4eb4-b555728a9df7,Carol,Young,carol.young@outlook.com,+1-228-986-8399,1983-09-03,3200 Lake Dr,New York,NY,10001,US,Sales,suspended,2024-11-14
96fb32ee-7c2f-d567-7075-30a6576fbfdb,Michael,Mitchell,michael.mitchell2@hotmail.com,+1-785-929-1910,1978-04-09,6306 Oak Ave,Jacksonville,FL,32099,US,Finance,active,2024-05-05
55702a6c-42bd-4c9a-50f6-3ba798e9fb48,Lisa,Davis,lisa.davis@gmail.com,+1-520-179-3065,1961-09-07,4742 Oak Ave,San Francisco,CA,94102,US,Operations,active,2024-09-14
d84b2f9d-6d09-5461-f67a-1b391111770b,Jessica,Martin,jessica.martin@icloud.com,+1-991-189-8396,1960-04-09,786 Park Blvd,Dallas,TX,75201,US,HR,suspended,2024-02-10
d7d893a8-597b-dde5-f5da-3c0fb068893c,Karen,Lee,karen.lee@yahoo.com,+1-383-120-2578,1982-01-30,5889 Park Blvd,San Diego,CA,92101,US,Marketing,active,2024-07-22
3a57ac09-795a-5695-e18f-281159c7ae82,Michael,Harris,michael.harris@example.com,+1-392-586-7970,1963-06-08,8483 Pine Rd,San Jose,CA,95101,US,Engineering,suspended,2024-02-07
0179ea68-9e5f-a747-03fe-728a119cce69,Sarah,Jones,sarah.jones@example.com,+1-698-213-7133,1982-09-25,7896 Oak Ave,Indianapolis,IN,46201,US,HR,active,2024-02-10
5bf0be14-a6c9-2960-b0c9-5e1edb6e45bc,Emily,Thompson,emily.thompson@gmail.com,+1-534-644-4103,1986-02-15,8891 Lake Dr,Dallas,TX,75201,US,Finance,inactive,2024-09-02
de730f9c-d84b-9ee2-13f0-443ab9fa3649,Sandra,Lopez,sandra.lopez@icloud.com,+1-729-150-9767,1979-02-15,4215 Cedar Ln,Fort Worth,TX,76101,US,Marketing,inactive,2024-09-10
d2bbf032-05f0-3d74-e2a7-eeada6f2a3a9,Dorothy,Rodriguez,dorothy.rodriguez@hotmail.com,+1-808-718-1515,1968-10-06,7466 Main St,Philadelphia,PA,19101,US,HR,inactive,2024-05-09
00a91ca3-abeb-cd9c-60ae-58d501c13e54,Lisa,Smith,lisa.smith@yahoo.com,+1-467-466-3037,1989-09-27,9998 Main St,New York,NY,10001,US,Marketing,suspended,2024-08-08
3d398631-60ab-633b-d2fa-a668a35dbdc4,Susan,Brown,susan.brown@gmail.com,+1-931-242-8487,1982-02-10,3004 Maple Dr,Philadelphia,PA,19101,US,Finance,inactive,2024-04-27
eab364a7-2569-8868-3521-67b2d4c62765,Margaret,Flores,margaret.flores@outlook.com,+1-864-495-1734,1971-09-28,5439 Main St,Los Angeles,CA,90001,US,HR,inactive,2024-04-12
e92f31bd-a82a-ae4d-d30b-c7f8c1f36c68,Susan,Lee,susan.lee2@yahoo.com,+1-574-366-4375,1978-10-06,859 Elm St,Philadelphia,PA,19101,US,Finance,suspended,2024-08-07
cf31c353-58c2-a68b-a899-66aaad52ee85,Deborah,Martin,deborah.martin2@outlook.com,+1-829-701-8116,1968-09-25,4850 Maple Dr,Houston,TX,77001,US,Product,active,2024-11-13
28059513-7559-2722-b4e2-fb5a9f456668,Patricia,Rivera,patricia.rivera@gmail.com,+1-678-361-1181,1985-03-12,5149 Oak Ave,Nashville,TN,37201,US,HR,active,2024-02-28
b38213c0-16c9-e74c-dac8-7de79d6bfb75,Matthew,Jackson,matthew.jackson2@gmail.com,+1-404-544-7015,1987-04-10,6880 Pine Rd,Chicago,IL,60601,US,Engineering,active,2024-12-12
c0a2303c-8a3e-a4a8-208d-f06169a94926,Charles,Lopez,charles.lopez@hotmail.com,+1-861-688-4000,1961-11-21,2741 Cedar Ln,Los Angeles,CA,90001,US,HR,active,2024-06-28
ec7dcbe8-51b6-9a00-98ce-caf0a5726ac5,Sandra,Hill,sandra.hill@icloud.com,+1-786-407-7017,1984-02-14,9213 Maple Dr,San Antonio,TX,78201,US,Sales,active,2024-02-21
71f8a1ce-9f67-680c-4552-05c898b35d6e,Donald,Moore,donald.moore@hotmail.com,+1-669-463-7523,1967-11-22,6001 Elm St,Austin,TX,73301,US,Marketing,active,2024-09-28
33ac4dec-6f86-1df9-fec8-16165547fa9d,Deborah,Allen,deborah.allen@example.com,+1-748-292-8014,1990-02-10,8036 Park Blvd,Nashville,TN,37201,US,Product,active,2024-08-02
1246619c-a09d-cdfa-20ab-b8942aeb3d80,Susan,Garcia,susan.garcia@example.com,+1-451-329-9451,1963-07-06,8078 Elm St,New York,NY,10001,US,Finance,active,2024-03-03
49dc9c23-55f6-b5b8-caf2-4275d3142663,Karen,Jackson,karen.jackson@example.com,+1-892-894-6432,1969-08-15,7440 Pine Rd,San Francisco,CA,94102,US,Finance,suspended,2024-07-17
494e5eec-de1a-a2e3-5f24-56152693afe4,Richard,Scott,richard.scott@example.com,+1-420-136-4150,1976-03-28,5597 Cedar Ln,Phoenix,AZ,85001,US,Operations,active,2024-02-12
d98eec5c-f210-2486-6b83-998f61390456,Robert,Young,robert.young@yahoo.com,+1-221-905-8086,1995-06-05,8726 Maple Dr,San Jose,CA,95101,US,HR,inactive,2024-02-12
0be277e0-8ba8-b1e5-0466-3ecd1afb69be,Donald,Roberts,donald.roberts@outlook.com,+1-880-178-1637,1999-12-27,3496 Main St,Columbus,OH,43085,US,Sales,active,2024-02-23
dc33c99b-18b6-7fb4-2dca-32841b4ac270,William,Wilson,william.wilson@icloud.com,+1-627-710-9389,1976-04-19,3678 Maple Dr,Austin,TX,73301,US,Finance,active,2024-09-12
a0bea6cb-3b0d-b56c-d19f-6e6f68c6d89f,Thomas,Miller,thomas.miller@outlook.com,+1-336-522-3090,1967-05-15,1865 Pine Rd,Phoenix,AZ,85001,US,HR,active,2024-04-16
9e2ca5d5-d5b1-6f34-1fe8-29705264979d,Michael,Perez,michael.perez3@example.com,+1-602-600-9905,1971-12-18,7219 Lake Dr,Los Angeles,CA,90001,US,Engineering,active,2024-11-04
4c6b5cb5-8967-5131-6c37-2f642db97923,Kenneth,Thompson,kenneth.thompson2@icloud.com,+1-390-300-3865,1969-05-01,6443 Cedar Ln,Houston,TX,77001,US,Operations,active,2024-05-14
bc70e602-d28b-ffff-630b-92e9b79eb4c3,Donna,Baker,donna.baker@gmail.com,+1-776-822-4084,1968-08-15,1419 Main St,San Antonio,TX,78201,US,Operations,inactive,2024-02-19
4b1493ac-5aa0-3ab7-19a6-7e4b8c566764,Sandra,Thomas,sandra.thomas@yahoo.com,+1-548-446-3255,1991-07-18,7440 Lake Dr,San Antonio,TX,78201,US,Product,active,2024-11-13
ad082d74-fcc9-3eed-059b-51a248c02edf,James,Lopez,james.lopez2@yahoo.com,+1-797-338-1238,1979-04-07,8751 Park Blvd,Austin,TX,73301,US,Marketing,suspended,2024-12-12
fdbf4ed0-91a8-cc35-f020-362b7ed56097,James,Walker,james.walker@example.com,+1-601-683-4560,1979-08-02,8596 Oak Ave,Seattle,WA,98101,US,Marketing,suspended,2024-05-18
a8d0ffd7-f695-778b-3c07-0d472c5f0e4f,Carol,Robinson,carol.robinson@outlook.com,+1-285-712-1143,1965-04-12,592 Maple Dr,Fort Worth,TX,76101,US,HR,active,2024-06-11
e60dca71-37be-1793-e7f1-b740657df528,Linda,Young,linda.young@outlook.com,+1-663-315-6459,1994-02-11,3349 Cedar Ln,San Francisco,CA,94102,US,Sales,inactive,2024-01-05
806a5634-6f3a-4b56-f679-99de688cf4df,Steven,Roberts,steven.roberts@icloud.com,+1-643-928-9733,1978-01-09,6046 Pine Rd,Nashville,TN,37201,US,Finance,active,2024-02-13
15901156-c128-98bf-d92a-b965dcfcc7d0,David,Jones,david.jones@gmail.com,+1-512-817-5146,1975-11-26,7564 Cedar Ln,Fort Worth,TX,76101,US,Product,active,2024-11-26
7eca018c-705e-db45-5a89-e4b757048d39,Charles,Mitchell,charles.mitchell2@yahoo.com,+1-267-778-1740,1960-10-25,3358 Main St,Chicago,IL,60601,US,Sales,inactive,2024-06-19
620f2e28-8c4a-1733-54a6-e6a6c3694889,Anthony,Williams,anthony.williams@icloud.com,+1-824-562-4097,1985-12-08,5436 Pine Rd,Seattle,WA,98101,US,Finance,active,2024-03-07
19f6b74e-bde5-bed2-2ac4-faa7555b2fd2,Michael,Taylor,michael.taylor@icloud.com,+1-372-453-9981,1994-07-02,7099 Main St,Dallas,TX,75201,US,Product,active,2024-11-25
45c4ef09-ae9f-f67a-0b64-fecc8d32cbcd,James,Carter,james.carter@icloud.com,+1-248-768-2891,1964-10-27,5194 Oak Ave,San Francisco,CA,94102,US,HR,active,2024-05-01
3dfca351-b43b-a8d4-1446-026faa4cbd12,Daniel,Brown,daniel.brown@icloud.com,+1-890-372-8851,1960-08-21,4469 Maple Dr,Jacksonville,FL,32099,US,Product,active,2024-07-09
b12cc95a-51fd-2027-22ba-6c4973c5a96c,Robert,Lopez,robert.lopez2@yahoo.com,+1-473-805-4591,1973-08-07,9420 Maple Dr,Columbus,OH,43085,US,HR,active,2024-04-20
f450d6b7-8970-363f-06b2-e97a40e5b1cb,George,Sanchez,george.sanchez@gmail.com,+1-285-564-5639,1965-09-03,4530 Maple Dr,San Jose,CA,95101,US,Operations,active,2024-10-23
2f8cf089-a030-a5ba-c060-3ee756613125,Brian,Campbell,brian.campbell@hotmail.com,+1-663-912-8086,1989-03-20,8244 Maple Dr,San Francisco,CA,94102,US,Engineering,suspended,2024-02-18
c4ebd244-fabd-4c2b-c889-43564e814a8e,Michelle,Scott,michelle.scott2@gmail.com,+1-593-499-3014,1966-11-02,4255 Maple Dr,Philadelphia,PA,19101,US,Engineering,suspended,2024-08-01
6f713fbf-9b7e-3ea5-03eb-2771b4b80eec,David,Smith,david.smith@icloud.com,+1-890-352-6864,1986-04-30,1664 Elm St,Charlotte,NC,28201,US,Marketing,active,2024-08-11
d87825b1-abb3-c7fa-22a1-65080e0c5447,Michelle,Wilson,michelle.wilson@yahoo.com,+1-558-308-4919,1979-09-24,8174 Lake Dr,Houston,TX,77001,US,Engineering,suspended,2024-07-02
8ce3204d-5878-4fbd-ebc8-a0d77a8561c0,Karen,Adams,karen.adams@yahoo.com,+1-671-284-7025,1994-03-29,3250 Lake Dr,Charlotte,NC,28201,US,Marketing,inactive,2024-03-02
331f75b3-01e4-96b4-065a-17623a2760b9,Carol,Davis,carol.davis@outlook.com,+1-390-444-7271,1970-10-09,9428 Park Blvd,San Diego,CA,92101,US,HR,inactive,2024-05-03
80ce9b87-6a20-d7f8-9847-e32817688837,Richard,Thomas,richard.thomas@gmail.com,+1-432-724-5762,1976-01-02,8838 Pine Rd,Houston,TX,77001,US,Sales,active,2024-07-21
97cf4a07-0482-98ff-3657-1ba5e221409e,Margaret,Gonzalez,margaret.gonzalez@gmail.com,+1-829-130-4380,1973-07-29,5099 Oak Ave,Jacksonville,FL,32099,US,Finance,active,2024-06-27
6e9e4d45-6110-d606-b5a0-ffccd1dfe76b,Matthew,Green,matthew.green@outlook.com,+1-708-190-4394,1998-07-11,6569 Pine Rd,San Antonio,TX,78201,US,Product,active,2024-06-03
22bb6fc1-a38f-bf2a-c13e-f28e83d9855e,Melissa,Martin,melissa.martin3@outlook.com,+1-417-242-6326,1968-03-29,3545 Pine Rd,Philadelphia,PA,19101,US,Operations,active,2024-12-20
d94e46da-9899-4b32-4172-df47b647cfd7,Mark,Carter,mark.carter@icloud.com,+1-616-463-8178,1969-06-30,7473 Elm St,Denver,CO,80201,US,Finance,active,2024-06-06
4b50b1ab-6337-468f-aef1-100dfab26507,Linda,Nelson,linda.nelson3@icloud.com,+1-206-543-5725,1960-01-03,1448 Maple Dr,Indianapolis,IN,46201,US,Finance,active,2024-06-09
e22e1298-0222-bda6-3451-bb5980c7008f,John,Martinez,john.martinez@outlook.com,+1-663-442-1238,1980-08-23,1754 Park Blvd,Dallas,TX,75201,US,Finance,active,2024-08-21
dd9bbfe5-1a2a-0ec9-40b0-6e9b1d7267c4,Mary,Gonzalez,mary.gonzalez2@example.com,+1-216-791-6672,1985-08-14,2055 Park Blvd,Dallas,TX,75201,US,Product,active,2024-07-10
f27c15df-67fe-57a1-dfac-c862e945494c,David,Robinson,david.robinson@yahoo.com,+1-467-800-6132,1968-05-29,4668 Cedar Ln,Chicago,IL,60601,US,Product,inactive,2024-07-17
63ce7e7f-4e47-72d5-a8bb-bef57a905c14,Michelle,Roberts,michelle.roberts@hotmail.com,+1-690-744-4046,1979-06-12,6331 Park Blvd,Nashville,TN,37201,US,Finance,active,2024-02-23
bc950473-8f99-ed32-c65e-92fe9d73db43,Joseph,Wilson,joseph.wilson2@yahoo.com,+1-936-663-3209,1981-11-24,1551 Lake Dr,Phoenix,AZ,85001,US,Engineering,active,2024-11-14
db526436-4bee-a7e6-120d-03036282bd35,Kevin,Walker,kevin.walker2@gmail.com,+1-817-389-2540,1985-06-02,8849 Elm St,Nashville,TN,37201,US,Marketing,active,2024-12-15
8b72f906-3577-f67c-cbd4-ed520aa75ed3,Daniel,Ramirez,daniel.ramirez2@gmail.com,+1-489-697-6345,1993-02-24,2462 Park Blvd,Columbus,OH,43085,US,Engineering,inactive,2024-09-06
4e8da940-1256-6eb2-676a-b7e5b5efffa1,David,Allen,david.allen@hotmail.com,+1-997-186-1176,1974-01-21,9267 Park Blvd,Denver,CO,80201,US,Product,active,2024-11-12
f3057367-f403-dc5c-565c-6613bb51df15,Donna,Hernandez,donna.hernandez2@icloud.com,+1-662-640-1753,1967-02-02,8965 Elm St,San Antonio,TX,78201,US,Engineering,inactive,2024-10-01
7b8e3389-f4a9-488a-bf99-c5f2bc657ec2,Richard,Brown,richard.brown2@example.com,+1-954-957-2166,1972-10-23,1284 Maple Dr,San Diego,CA,92101,US,Engineering,active,2024-08-07
f5aa7cb3-d0af-b449-a015-50f38735b729,Mary,Adams,mary.adams@yahoo.com,+1-571-753-6415,1999-03-04,1596 Maple Dr,San Diego,CA,92101,US,Sales,active,2024-08-05
266cc0b3-8dae-d737-bc68-dff55f2765cd,Barbara,Gonzalez,barbara.gonzalez@gmail.com,+1-427-329-9862,1970-11-17,5888 Oak Ave,San Antonio,TX,78201,US,Marketing,active,2024-04-21
cb9ade50-eb5a-6eed-7837-6406bdcc5c12,Timothy,Flores,timothy.flores@icloud.com,+1-449-654-8499,1994-03-25,9857 Maple Dr,Indianapolis,IN,46201,US,Legal,suspended,2024-08-13
b6daca57-8d25-e9b3-a283-4f6501f7e9c3,Mark,Wright,mark.wright3@yahoo.com,+1-500-286-3133,1977-07-24,9719 Park Blvd,San Diego,CA,92101,US,Product,active,2024-02-10
32ad18f8-4550-111a-75a2-657e56bc1b8c,Thomas,Baker,thomas.baker@outlook.com,+1-224-512-3543,1976-11-25,381 Park Blvd,San Francisco,CA,94102,US,Marketing,active,2024-11-22
81781648-966d-6eb4-1f94-9a11a051547e,Kimberly,Green,kimberly.green@outlook.com,+1-919-549-3313,1987-07-24,826 Maple Dr,Denver,CO,80201,US,Marketing,active,2024-04-01
95c35803-37ec-676a-a599-e647ec0e290d,Timothy,Smith,timothy.smith@icloud.com,+1-322-396-2379,1970-08-29,9490 Oak Ave,Dallas,TX,75201,US,Marketing,inactive,2024-10-14
f3afc24d-c0c7-57e5-745e-d058ffa99231,Jessica,Gonzalez,jessica.gonzalez@gmail.com,+1-486-685-6566,1960-01-22,866 Pine Rd,Austin,TX,73301,US,HR,active,2024-03-15
01877510-f6f9-09a8-a66c-5839e307b437,Michael,Nguyen,michael.nguyen@yahoo.com,+1-345-823-9521,1985-01-18,4604 Pine Rd,Denver,CO,80201,US,Marketing,inactive,2024-02-22
0ee75054-d4b3-b023-45e3-d4db2dca8cfd,Matthew,Nguyen,matthew.nguyen@yahoo.com,+1-732-858-9621,1996-04-14,5415 Oak Ave,Columbus,OH,43085,US,Product,active,2024-03-08
51f46040-bc74-0672-e674-54c8fa9b3619,Steven,Miller,steven.miller2@yahoo.com,+1-694-829-5821,1960-08-16,1253 Main St,Indianapolis,IN,46201,US,Finance,inactive,2024-07-06
53888f0f-b7fe-377b-1f46-d097448b607a,Elizabeth,Clark,elizabeth.clark@example.com,+1-331-468-9750,1986-12-16,3447 Elm St,Austin,TX,73301,US,Marketing,inactive,2024-04-11
472d91ee-c6be-8c7d-c991-427a486a44de,Ashley,King,ashley.king@gmail.com,+1-931-544-7726,1978-06-14,8200 Pine Rd,Houston,TX,77001,US,Legal,active,2024-04-06
d50129eb-2d81-791b-e32a-60ac0f109a9f,Carol,Flores,carol.flores@gmail.com,+1-818-764-2654,1994-10-23,5545 Elm St,Houston,TX,77001,US,Marketing,active,2024-09-12
21b363fa-0baf-319f-624c-9ed9490547c3,Dorothy,Garcia,dorothy.garcia@gmail.com,+1-395-884-7073,1964-03-16,4096 Elm St,Los Angeles,CA,90001,US,Product,suspended,2024-03-17
23fd26e2-d95f-6425-1d1a-a21589b0968d,Emily,Smith,emily.smith@gmail.com,+1-909-348-6514,1962-02-27,7026 Cedar Ln,Dallas,TX,75201,US,Marketing,inactive,2024-08-27
95400277-8f9c-692d-65a4-9dd2185730cd,Matthew,Sanchez,matthew.sanchez2@gmail.com,+1-384-574-9661,1980-04-26,9090 Pine Rd,Phoenix,AZ,85001,US,Legal,suspended,2024-11-26
f450be54-d800-0d71-32e1-cb3a9d9d8085,Sandra,Garcia,sandra.garcia@icloud.com,+1-744-335-6032,1998-04-19,8170 Lake Dr,Chicago,IL,60601,US,Engineering,active,2024-02-01
fd675cd3-006d-be2d-fdca-b81e3b8b4bb4,Michelle,Carter,michelle.carter@example.com,+1-842-668-1501,1981-04-11,3028 Maple Dr,Dallas,TX,75201,US,Marketing,active,2024-02-23
db12cc0e-e2ce-40bb-a10a-b1394fa0afac,Jennifer,Hall,jennifer.hall@outlook.com,+1-294-950-5929,1967-09-30,3835 Main St,San Francisco,CA,94102,US,HR,active,2024-05-13
9007fec2-53e0-a1dd-cbe1-5639258d14fb,Andrew,Robinson,andrew.robinson@icloud.com,+1-622-326-5920,1973-04-22,9497 Main St,Denver,CO,80201,US,Engineering,active,2024-10-15
01d9f68f-5c15-6bd3-46d9-a3cc3f2a91dd,Anthony,King,anthony.king@example.com,+1-262-364-2703,1970-02-21,5965 Oak Ave,Nashville,TN,37201,US,Marketing,active,2024-11-02
01104b90-7a09-8ef1-120e-96ae63e399f7,Susan,Johnson,susan.johnson@hotmail.com,+1-596-819-2741,1998-07-12,6353 Park Blvd,Fort Worth,TX,76101,US,HR,inactive,2024-05-26
ee5e86f9-07ec-c877-f950-0564a416b291,Brian,Wright,brian.wright@example.com,+1-813-634-9007,1995-09-14,2073 Pine Rd,Phoenix,AZ,85001,US,Marketing,suspended,2024-02-18
41211a0d-47e1-8d23-c7de-a6e439f06399,Matthew,Torres,matthew.torres@hotmail.com,+1-462-157-6350,1966-04-07,6061 Lake Dr,Nashville,TN,37201,US,Sales,active,2024-08-25
322f04e6-da7c-2256-68f0-d1e79219d23b,Sandra,Hernandez,sandra.hernandez@gmail.com,+1-865-513-3502,1995-01-05,420 Oak Ave,San Diego,CA,92101,US,Product,active,2024-11-09
dd3f72aa-2856-8916-b369-acb8bc50bffa,Emily,Baker,emily.baker@outlook.com,+1-398-169-1468,1981-05-26,1025 Lake Dr,Houston,TX,77001,US,Engineering,inactive,2024-07-27
cb346e5b-8ba8-d656-b293-01d1199117fe,Dorothy,Harris,dorothy.harris@yahoo.com,+1-571-905-4530,1966-01-07,5666 Pine Rd,Charlotte,NC,28201,US,Engineering,active,2024-08-02
28afe899-cdd4-d7b4-e56c-c5cbd3b3b628,Deborah,White,deborah.white@example.com,+1-626-425-7361,1963-12-18,5677 Park Blvd,Charlotte,NC,28201,US,HR,active,2024-11-14
c5e73563-7558-c438-55cd-c5c6185a45a4,Christopher,Sanchez,christopher.sanchez@hotmail.com,+1-314-185-2947,1980-07-10,2300 Main St,Columbus,OH,43085,US,Legal,active,2024-02-17
3117683b-9114-670a-c49d-82d486c6855b,Brian,Nelson,brian.nelson2@gmail.com,+1-983-476-7926,1988-01-30,8037 Maple Dr,Austin,TX,73301,US,Product,active,2024-06-24
b61fab20-073d-2ca7-5974-da981403af08,Lisa,Rodriguez,lisa.rodriguez@outlook.com,+1-929-967-4893,1978-11-20,3073 Elm St,Charlotte,NC,28201,US,HR,suspended,2024-01-27
b0f25f49-ab4f-790c-c28f-4e75ac1b8e2c,Dorothy,Clark,dorothy.clark@gmail.com,+1-850-628-4132,1979-05-04,165 Pine Rd,San Francisco,CA,94102,US,Finance,active,2024-03-06
d380e6cb-217a-cad7-3786-6f345fa7460b,Emily,Hill,emily.hill@example.com,+1-326-807-1054,1984-03-25,1058 Cedar Ln,Indianapolis,IN,46201,US,Finance,suspended,2024-09-19
7d6fdb6a-3f4d-9bdb-0c24-fdbe01e2300f,Susan,Smith,susan.smith2@icloud.com,+1-630-452-6067,1972-08-01,9294 Main St,New York,NY,10001,US,Marketing,active,2024-01-11
8c5b4514-733a-0736-5a19-1a42d58707b7,Margaret,Perez,margaret.perez@example.com,+1-700-138-1760,1966-08-22,5324 Main St,New York,NY,10001,US,Sales,inactive,2024-12-20
1168753a-dbd6-9849-9ac9-58a6651a2c63,Andrew,Smith,andrew.smith@outlook.com,+1-996-709-2825,1968-08-26,8460 Cedar Ln,Fort Worth,TX,76101,US,Product,active,2024-09-25
6a273456-f2e4-f5a1-e8cd-a3a6963542ad,Paul,Gonzalez,paul.gonzalez@hotmail.com,+1-281-522-4176,1978-04-29,6371 Lake Dr,Phoenix,AZ,85001,US,Legal,active,2024-08-23
920f2353-ae5b-af1d-ec45-9b9eb7425aa1,Sandra,Lee,sandra.lee@yahoo.com,+1-923-406-3947,1978-06-09,6304 Oak Ave,Nashville,TN,37201,US,Operations,active,2024-12-18
a2f3b6b3-abee-f75a-1682-8ce9ba98f819,Kenneth,Flores,kenneth.flores@hotmail.com,+1-471-198-3265,1984-05-30,4225 Elm St,Seattle,WA,98101,US,Sales,inactive,2024-08-02
52759259-0a7b-1cad-5685-0f81ee98d4ff,Nancy,Williams,nancy.williams@icloud.com,+1-640-266-5350,1975-02-26,4839 Oak Ave,Indianapolis,IN,46201,US,Product,inactive,2024-09-19
eb8e8311-1ce6-ddbb-92f0-633fe31c06da,Amanda,White,amanda.white@gmail.com,+1-790-305-9610,1970-02-15,7558 Main St,Houston,TX,77001,US,Legal,active,2024-12-03
d0c8496c-9f98-673a-d618-395d46c796de,Karen,Hernandez,karen.hernandez@gmail.com,+1-872-908-9813,1970-10-19,5074 Cedar Ln,Houston,TX,77001,US,Sales,suspended,2024-11-25
886f4fa2-7989-9715-4fdc-9bb92d493dfa,Robert,Martin,robert.martin2@gmail.com,+1-647-803-4211,1977-07-06,5861 Lake Dr,San Jose,CA,95101,US,Sales,active,2024-07-22
02f24afa-920a-30a5-a92d-19bc8065a12d,David,Walker,david.walker@yahoo.com,+1-447-413-6218,1962-02-15,4862 Pine Rd,San Diego,CA,92101,US,Product,suspended,2024-05-26
dd82d4bd-0ac0-3112-fc2a-bdd4f10fdf16,Jessica,Carter,jessica.carter@yahoo.com,+1-808-429-5848,1993-07-10,9852 Park Blvd,Chicago,IL,60601,US,Product,active,2024-08-15
ee94dc62-90f7-68c1-78e5-9b57e711dace,Amanda,Nelson,amanda.nelson@yahoo.com,+1-203-686-2244,1995-01-26,9358 Pine Rd,Los Angeles,CA,90001,US,Product,inactive,2024-07-03
0a256d2b-c09a-472a-17b9-6a761e3bf364,Sandra,Johnson,sandra.johnson@icloud.com,+1-420-831-6752,1976-09-11,6619 Maple Dr,Denver,CO,80201,US,Operations,inactive,2024-12-13
58b0e6c9-069d-893d-86d4-0c98247a4253,William,Jones,william.jones@gmail.com,+1-664-876-6626,1961-07-05,6122 Main St,Nashville,TN,37201,US,Engineering,active,2024-05-10
61da3eb4-c4b8-6302-d556-bde0d7c3afbb,Sarah,Jones,sarah.jones2@outlook.com,+1-896-343-1676,1998-03-12,6134 Lake Dr,Columbus,OH,43085,US,Sales,inactive,2024-06-14
91785f23-8a69-c05b-51be-bb837374d88e,Barbara,Lopez,barbara.lopez@gmail.com,+1-383-942-4475,1965-02-04,9248 Main St,Philadelphia,PA,19101,US,Operations,active,2024-08-01
07642462-bdae-805f-b3d1-131b64758894,Linda,Mitchell,linda.mitchell2@yahoo.com,+1-881-567-4026,1991-10-19,79 Cedar Ln,Indianapolis,IN,46201,US,Sales,active,2024-09-20
7b4bf1ad-ec68-42b4-e423-8fa3772b90d5,Richard,Roberts,richard.roberts@yahoo.com,+1-574-530-9053,1989-01-25,7797 Pine Rd,San Diego,CA,92101,US,Product,inactive,2024-09-11
27fd5565-486d-580b-815e-a35a4b254c58,Susan,Lopez,susan.lopez@outlook.com,+1-628-765-9327,1994-03-14,9017 Main St,Houston,TX,77001,US,Legal,inactive,2024-06-16
70618f7b-bff4-06da-ad3f-408556b918eb,Kenneth,Jackson,kenneth.jackson@hotmail.com,+1-762-480-7463,1983-10-04,4904 Elm St,Jacksonville,FL,32099,US,Marketing,suspended,2024-03-09
209fe400-ae71-c862-89c4-e13f62cb979d,William,Lewis,william.lewis@icloud.com,+1-868-731-6950,1971-11-26,1495 Park Blvd,San Diego,CA,92101,US,Operations,active,2024-03-22
7b04dd4d-7788-1fc8-8cff-1e201623c2f0,Dorothy,Young,dorothy.young2@yahoo.com,+1-743-502-4940,1964-11-02,4254 Oak Ave,Austin,TX,73301,US,HR,active,2024-09-16
3263f779-c70d-e488-6857-b3c5f0d5cc6b,Kevin,Young,kevin.young2@hotmail.com,+1-798-556-2267,1979-12-16,299 Cedar Ln,San Jose,CA,95101,US,Marketing,suspended,2024-09-15
f7f85240-6b0d-9fe4-f2ee-c8be918acba6,Deborah,Lopez,deborah.lopez@hotmail.com,+1-256-995-7714,1999-03-11,8837 Park Blvd,Indianapolis,IN,46201,US,Legal,active,2024-12-06
787d8573-530c-4dd1-d762-b852d20d6512,James,Perez,james.perez2@example.com,+1-747-403-7609,1989-10-25,2875 Maple Dr,New York,NY,10001,US,Marketing,inactive,2024-04-09
5167d5c6-db88-d6ff-6799-e6f8b8a28fa0,Deborah,Clark,deborah.clark@outlook.com,+1-990-216-6671,1983-10-31,3813 Oak Ave,Chicago,IL,60601,US,Sales,active,2024-05-03
a4424db0-8076-06ac-9da2-24b2a0eda542,Carol,Anderson,carol.anderson2@example.com,+1-695-738-1768,1965-08-15,8711 Park Blvd,San Francisco,CA,94102,US,Product,active,2024-02-21
039a84ed-7e80-4bb3-1a3c-6d90c9e6cbd2,Thomas,Ramirez,thomas.ramirez2@hotmail.com,+1-984-855-6733,1995-02-20,9285 Cedar Ln,Los Angeles,CA,90001,US,Product,inactive,2024-01-04
bceb4b56-13ed-c4f4-4ee8-f8f0633d8f14,Brian,Perez,brian.perez@outlook.com,+1-336-369-7321,1968-04-02,6129 Elm St,Philadelphia,PA,19101,US,Sales,suspended,2024-06-23
3d0d49af-8b01-e3bd-611f-abf21d5fe6e2,Ashley,Scott,ashley.scott@hotmail.com,+1-342-105-3947,1974-03-24,2607 Lake Dr,San Antonio,TX,78201,US,Marketing,active,2024-04-21
99cb64bc-472c-7100-bf28-ff45150f3be4,Jennifer,Allen,jennifer.allen@gmail.com,+1-731-152-1522,1966-06-02,8743 Pine Rd,Los Angeles,CA,90001,US,Legal,active,2024-06-12
26515ff7-3772-d644-a52b-6489afc8346a,Mark,Baker,mark.baker@hotmail.com,+1-773-284-4750,1973-01-05,9936 Oak Ave,San Diego,CA,92101,US,Finance,active,2024-11-23
b9f5643c-cfd0-2abe-9484-8ad363e5eabd,Robert,Scott,robert.scott@example.com,+1-468-738-9479,1978-08-27,4080 Elm St,San Diego,CA,92101,US,Engineering,suspended,2024-05-13
74020283-c817-8db1-fb01-ccbc93df7cc8,Joshua,King,joshua.king@hotmail.com,+1-523-622-5470,1966-03-14,5488 Park Blvd,San Antonio,TX,78201,US,Sales,inactive,2024-02-21
d96d0974-6472-9097-4c81-ea26ea2e0f43,Richard,Robinson,richard.robinson@gmail.com,+1-824-637-5532,1971-08-21,5697 Main St,Phoenix,AZ,85001,US,Engineering,inactive,2024-07-27
d0fe134b-0dfd-ff57-f940-f46a32ccbddb,Mary,Torres,mary.torres@outlook.com,+1-626-250-7974,1983-07-11,4768 Park Blvd,Charlotte,NC,28201,US,Operations,suspended,2024-09-19
638b0430-4cef-84f4-c257-56294495f472,Emily,Scott,emily.scott2@hotmail.com,+1-448-184-3331,1972-01-02,8683 Pine Rd,Philadelphia,PA,19101,US,Sales,active,2024-10-06
96c19458-0b56-65c2-d3c4-1461912ecca2,Sandra,Martin,sandra.martin@icloud.com,+1-728-194-2310,1990-09-30,2347 Maple Dr,San Diego,CA,92101,US,Engineering,active,2024-02-11
8276fc9e-621e-c44e-35d0-7b3914093ec2,Michelle,Miller,michelle.miller@yahoo.com,+1-485-132-6319,1975-11-17,4763 Oak Ave,San Francisco,CA,94102,US,Product,active,2024-03-08
79e20ab5-7f87-5546-73b7-c1bbe7f26c47,Ashley,Smith,ashley.smith@gmail.com,+1-580-179-1883,1998-07-23,758 Cedar Ln,Seattle,WA,98101,US,Sales,active,2024-12-14
bf38d4b7-826d-1a1b-76db-fbd0df5384c3,Mary,Walker,mary.walker@yahoo.com,+1-493-345-3633,1994-02-05,6983 Lake Dr,San Jose,CA,95101,US,HR,suspended,2024-05-14
fd3d30bc-ce34-df76-d129-8de60fd6615e,Sarah,Green,sarah.green@yahoo.com,+1-413-243-4576,1994-10-30,3801 Elm St,Chicago,IL,60601,US,HR,active,2024-08-23
89be6c4f-57c5-4c37-8c48-82f75b03add4,Margaret,Walker,margaret.walker2@yahoo.com,+1-378-179-7927,1993-07-04,4549 Elm St,Los Angeles,CA,90001,US,Product,suspended,2024-03-05
2635a5ad-1476-4010-e117-4c66aa515063,Sarah,Wilson,sarah.wilson@gmail.com,+1-564-474-9215,1990-07-08,8222 Cedar Ln,Phoenix,AZ,85001,US,Sales,active,2024-01-16
5470ea74-c4b3-486f-c68a-acecec528ec3,Paul,Davis,paul.davis2@outlook.com,+1-678-121-7759,1965-09-21,7382 Main St,Houston,TX,77001,US,Legal,inactive,2024-10-23
e5cc07b7-40ef-b7c2-4cd5-4a9dd7826cb8,Carol,Campbell,carol.campbell@example.com,+1-929-937-6628,1997-10-02,4923 Lake Dr,Philadelphia,PA,19101,US,Operations,suspended,2024-08-03
6a4b95dd-feb6-a7b4-b180-64ecc136114b,Michael,Anderson,michael.anderson@gmail.com,+1-739-953-8970,1996-04-03,3456 Oak Ave,Jacksonville,FL,32099,US,Engineering,active,2024-05-06
3b17dde3-e2d3-5726-6de3-9002cd68c7a0,Matthew,Jackson,matthew.jackson3@outlook.com,+1-785-386-8002,1992-07-12,8657 Pine Rd,Nashville,TN,37201,US,Operations,suspended,2024-04-23
ade66d02-8e06-aa33-58a0-49b2db5d3744,Michael,Smith,michael.smith2@icloud.com,+1-553-615-8802,1968-08-17,2216 Park Blvd,New York,NY,10001,US,Finance,active,2024-12-26
2794c9a4-9b1e-eafc-1229-77f9a243a73b,Donald,Thompson,donald.thompson@gmail.com,+1-598-413-4018,1982-01-07,1810 Main St,Philadelphia,PA,19101,US,Sales,active,2024-09-25
f9d1e2ad-6f48-6fa3-3fd9-d7e77d15da16,Mark,Hernandez,mark.hernandez@icloud.com,+1-624-855-6039,1961-05-23,9325 Lake Dr,Seattle,WA,98101,US,Engineering,inactive,2024-11-20
a175fdb6-aeea-e4ec-bbe3-775dba67ed5a,Christopher,Nguyen,christopher.nguyen@example.com,+1-319-676-7630,1960-02-13,4377 Cedar Ln,Nashville,TN,37201,US,Finance,active,2024-07-05
dcaed202-13ca-6714-e3c3-cdc612b98a79,Richard,Nguyen,richard.nguyen2@outlook.com,+1-323-620-8726,1967-09-21,88 Main St,New York,NY,10001,US,Engineering,active,2024-09-28
2ab41975-bff2-e281-219a-0e643c5cb061,William,Lopez,william.lopez@yahoo.com,+1-243-654-4850,1976-02-06,9435 Elm St,Los Angeles,CA,90001,US,Product,active,2024-09-19
1dd54f29-726d-94e0-d96b-1a7b12257538,Dorothy,Johnson,dorothy.johnson@outlook.com,+1-215-985-2509,1977-03-06,4686 Lake Dr,Columbus,OH,43085,US,Sales,active,2024-08-27
31031fa0-7cb1-e08a-e791-527e1f2cac5b,Daniel,Torres,daniel.torres@icloud.com,+1-781-145-7425,1994-06-29,6861 Elm St,Houston,TX,77001,US,Engineering,inactive,2024-09-17
09ea3afd-c762-2ad3-6dfa-d4bab78b649a,Kenneth,Campbell,kenneth.campbell@icloud.com,+1-387-576-4225,1980-09-22,1985 Park Blvd,Jacksonville,FL,32099,US,Engineering,active,2024-06-02
f3b8b4ed-f79e-7158-d283-4da464d7faa1,Barbara,Hall,barbara.hall@outlook.com,+1-404-229-8586,1960-09-12,997 Elm St,Austin,TX,73301,US,Sales,active,2024-02-22
896fa553-61af-fe2a-4cbe-68ffe5b75fb4,Margaret,Hill,margaret.hill@outlook.com,+1-625-487-8648,1979-05-06,6498 Pine Rd,Austin,TX,73301,US,Product,suspended,2024-02-09
e76c6faf-ef3e-9628-014a-c4100470d067,David,Rivera,david.rivera@icloud.com,+1-213-956-2797,1960-05-16,3469 Lake Dr,San Jose,CA,95101,US,HR,active,2024-08-17
81f4b985-3d81-19ab-7986-1b75c207713a,Sarah,Young,sarah.young2@example.com,+1-382-295-3956,1960-10-09,2413 Elm St,Houston,TX,77001,US,Finance,active,2024-08-14
3c3d65c2-b87e-5b4a-3586-10a2ff19719d,Deborah,Roberts,deborah.roberts@yahoo.com,+1-475-437-1727,1999-01-25,1895 Elm St,Phoenix,AZ,85001,US,HR,active,2024-08-16
14190b4f-6fe5-2124-d08d-20a1ffaa247d,Betty,White,betty.white2@hotmail.com,+1-243-815-1826,1978-11-28,586 Main St,Seattle,WA,98101,US,Operations,suspended,2024-02-28
9bbf77f8-7fe4-5303-44a4-2a5bbb52bb93,Linda,King,linda.king@hotmail.com,+1-970-344-4526,1988-11-22,3377 Pine Rd,Philadelphia,PA,19101,US,Marketing,active,2024-01-05
51ed97fa-f587-dc68-1610-e3d839acc991,Betty,Nguyen,betty.nguyen2@example.com,+1-916-455-6750,2000-02-29,8614 Main St,Fort Worth,TX,76101,US,Engineering,suspended,2024-08-12
3644faf7-b089-abfb-f26a-2ccf1938180b,Ashley,Roberts,ashley.roberts2@outlook.com,+1-312-621-4659,1974-09-26,9037 Maple Dr,Charlotte,NC,28201,US,Finance,inactive,2024-01-22
a36154c0-eecd-9827-8936-e1bb635e9ea5,Melissa,Wright,melissa.wright2@outlook.com,+1-527-116-2726,1971-06-28,3245 Oak Ave,Dallas,TX,75201,US,Finance,suspended,2024-06-23
292cc816-39cc-15ff-9dbb-3ef02d4da6e0,Carol,Martin,carol.martin@gmail.com,+1-612-857-5584,1973-11-05,5295 Lake Dr,Seattle,WA,98101,US,Engineering,active,2024-08-28
6c179e9c-0c16-d3e7-1118-42c409bb560a,Mark,Thomas,mark.thomas2@yahoo.com,+1-570-297-7580,1989-08-27,725 Elm St,Indianapolis,IN,46201,US,HR,suspended,2024-08-03
27e21f8a-88b4-6856-09be-a7e9a0848a44,Elizabeth,Walker,elizabeth.walker3@icloud.com,+1-597-268-8872,1963-07-18,7666 Elm St,San Diego,CA,92101,US,Product,suspended,2024-10-23
81642c55-1da6-f3db-4cf9-2fe905a41b90,Donna,Mitchell,donna.mitchell@gmail.com,+1-644-731-7360,1991-03-08,176 Elm St,Columbus,OH,43085,US,Product,inactive,2024-02-03
b4c5d469-1642-9688-dd11-1b3c2131984f,Melissa,Scott,melissa.scott2@yahoo.com,+1-217-592-6131,1985-11-21,8236 Park Blvd,Seattle,WA,98101,US,HR,active,2024-06-18
b0e9e147-32bd-28e1-fd17-41d939247256,Jessica,Johnson,jessica.johnson2@icloud.com,+1-586-302-2849,1974-06-07,4291 Maple Dr,Indianapolis,IN,46201,US,Product,suspended,2024-02-17
6e9602ff-8ba3-fc82-650a-9e8ca593da6a,Carol,Sanchez,carol.sanchez@gmail.com,+1-423-356-6196,1974-05-06,4504 Park Blvd,Indianapolis,IN,46201,US,HR,active,2024-03-01
57d724df-c614-fdcc-569c-e1ee27363d94,Anthony,Roberts,anthony.roberts@icloud.com,+1-741-892-4942,1989-10-19,893 Main St,Denver,CO,80201,US,Finance,active,2024-09-02
a05b3768-67dc-fac0-5e44-eb5f75c387d7,Kevin,Hall,kevin.hall@example.com,+1-451-360-5748,1994-11-09,1588 Main St,Seattle,WA,98101,US,Operations,active,2024-05-18
70ce97ab-2fb9-771e-e731-1279c1077860,Paul,Thomas,paul.thomas@gmail.com,+1-942-267-8418,1997-05-26,7250 Cedar Ln,Nashville,TN,37201,US,HR,active,2024-08-19
16c466a5-8e91-eafb-f059-876e1439200e,Carol,Green,carol.green@yahoo.com,+1-595-778-8763,1982-07-07,1410 Lake Dr,Phoenix,AZ,85001,US,Legal,active,2024-02-01
df293bbf-7dce-f02b-ea99-87d2f6da52d3,Joseph,Jackson,joseph.jackson@gmail.com,+1-424-547-2082,1962-05-22,8161 Pine Rd,Philadelphia,PA,19101,US,Operations,inactive,2024-05-04
0179d958-8749-761c-a38a-c68345a172f7,Donald,Green,donald.green@icloud.com,+1-218-911-2018,1982-07-08,464 Main St,Chicago,IL,60601,US,Marketing,active,2024-04-02
04b7fc18-96b9-8465-8c2c-7d5cd315dad4,Carol,Green,carol.green2@yahoo.com,+1-461-108-2305,1972-05-23,1535 Cedar Ln,Houston,TX,77001,US,Sales,active,2024-06-22
7df51320-c492-82df-7750-6cb826661c54,Kenneth,Scott,kenneth.scott2@example.com,+1-350-372-5728,1986-01-10,4093 Lake Dr,Chicago,IL,60601,US,Product,active,2024-06-13
1941a1f5-e3b5-7d14-92ca-fa288f958866,Robert,King,robert.king@example.com,+1-582-804-9934,1979-02-14,3213 Cedar Ln,San Jose,CA,95101,US,Product,active,2024-10-25
4a9fd116-1ab1-441d-972e-5d09f67356f9,Mark,Martin,mark.martin@hotmail.com,+1-727-572-2944,1988-03-28,9884 Maple Dr,Los Angeles,CA,90001,US,Engineering,suspended,2024-04-08
7858db8a-910a-525a-1f0c-c9456c0c3512,Dorothy,Rodriguez,dorothy.rodriguez@example.com,+1-747-750-7202,1975-08-04,8904 Oak Ave,Fort Worth,TX,76101,US,Sales,inactive,2024-07-14
d80ac2c1-92f5-f5b7-d887-8260bacab7f7,Carol,Flores,carol.flores2@icloud.com,+1-780-993-3585,1977-04-09,7497 Lake Dr,Houston,TX,77001,US,Engineering,suspended,2024-11-14
89fdb00c-ed23-8378-4be3-e66aca8f9ccb,Brian,Harris,brian.harris2@outlook.com,+1-950-534-7081,2000-08-07,9784 Lake Dr,Charlotte,NC,28201,US,Legal,active,2024-10-15
a06cb649-ce43-c271-cad3-b10aaa561c9b,Ashley,Ramirez,ashley.ramirez@hotmail.com,+1-719-116-1642,1991-01-13,7576 Elm St,San Antonio,TX,78201,US,Engineering,inactive,2024-09-05
e6a0251d-d67e-291a-3c29-1bd07996f992,Richard,Adams,richard.adams@example.com,+1-429-679-4912,1995-01-02,4572 Lake Dr,San Diego,CA,92101,US,HR,active,2024-11-24
72e46339-567c-1b23-d0e0-48c96782b8a7,Elizabeth,Ramirez,elizabeth.ramirez@hotmail.com,+1-253-557-5028,1982-06-07,8924 Elm St,Seattle,WA,98101,US,HR,inactive,2024-01-24
e0ba46f3-feb7-bb5e-75bc-a0caf919db88,Melissa,Carter,melissa.carter@outlook.com,+1-415-238-2092,1963-08-25,4073 Cedar Ln,Phoenix,AZ,85001,US,Engineering,active,2024-09-26
86793a67-8206-e356-a0ec-ba20cc85d56c,Mark,Baker,mark.baker2@icloud.com,+1-215-268-3562,1967-07-06,9641 Elm St,Denver,CO,80201,US,Operations,inactive,2024-07-20
d06fc1bf-7f87-dd85-371d-1ce489984426,Timothy,Wilson,timothy.wilson2@gmail.com,+1-900-132-8186,1983-06-11,9806 Oak Ave,San Francisco,CA,94102,US,Engineering,inactive,2024-03-07
c5deb4be-398f-a4f3-4833-85ecbdaa9bdd,Carol,Nelson,carol.nelson@example.com,+1-513-400-2290,1975-07-06,9224 Lake Dr,Chicago,IL,60601,US,HR,inactive,2024-01-21
7099b85a-b408-ec62-1c9f-15fd1fc174fe,Paul,Jackson,paul.jackson@icloud.com,+1-972-889-3594,1981-11-21,4803 Elm St,Fort Worth,TX,76101,US,Product,active,2024-05-07
eef8c0de-6ae4-9160-1ab7-f3ba40281391,Margaret,White,margaret.white2@example.com,+1-344-746-7419,1987-09-04,7458 Maple Dr,Los Angeles,CA,90001,US,HR,active,2024-09-20
3f20a850-b69d-cf81-e3f1-c6a11557c23a,Matthew,Hernandez,matthew.hernandez2@icloud.com,+1-346-967-2655,1962-07-19,6098 Park Blvd,Indianapolis,IN,46201,US,Product,inactive,2024-01-03
01dba2de-1c77-9c95-76fa-fb9c1e67a20b,Carol,Flores,carol.flores2@gmail.com,+1-474-904-6465,1980-11-11,9997 Maple Dr,San Francisco,CA,94102,US,Engineering,inactive,2024-02-17
1ac9571f-3e06-ff5d-142a-42bb2c2740dc,Joshua,Scott,joshua.scott@example.com,+1-768-696-7514,1966-09-21,531 Elm St,New York,NY,10001,US,Engineering,active,2024-05-13
f9fe3c0b-f032-cc9d-1703-846f4b9cf926,Michael,Green,michael.green@gmail.com,+1-694-823-5206,1970-09-03,1442 Pine Rd,Indianapolis,IN,46201,US,Product,active,2024-06-10
571b9ef0-fc06-2b22-ef00-bbde34d951ad,Christopher,Garcia,christopher.garcia@yahoo.com,+1-572-701-2228,1998-07-20,6800 Pine Rd,San Diego,CA,92101,US,Marketing,active,2024-11-14
697d5a43-8335-3c3d-3b91-e4f43326af58,Betty,Gonzalez,betty.gonzalez@gmail.com,+1-932-415-9338,1977-02-16,6548 Elm St,San Antonio,TX,78201,US,Engineering,active,2024-08-10
a6c6f1e5-d8e2-a11a-512b-b625cdb295b4,Thomas,Wilson,thomas.wilson@outlook.com,+1-201-165-2435,2000-05-04,6771 Elm St,Philadelphia,PA,19101,US,Finance,inactive,2024-05-15
a014eca3-cedf-b9fa-d81b-d31a6d50111d,Mary,Sanchez,mary.sanchez2@example.com,+1-998-794-8862,1987-07-06,7954 Oak Ave,Columbus,OH,43085,US,Finance,active,2024-02-10
c55852ee-4653-22c7-6ee6-3b65efbeb0f5,Lisa,Martinez,lisa.martinez@outlook.com,+1-797-166-6183,1984-07-24,3541 Elm St,Dallas,TX,75201,US,Engineering,suspended,2024-01-22
f290a307-0a0e-09ed-46fc-4d13854efe70,Thomas,Gonzalez,thomas.gonzalez@outlook.com,+1-587-313-3513,1997-05-21,9848 Pine Rd,Chicago,IL,60601,US,Product,active,2024-02-25
a7ce113f-9e44-7824-4c9a-333208d783cf,Susan,Martinez,susan.martinez@hotmail.com,+1-796-206-3833,1962-03-16,7034 Pine Rd,Chicago,IL,60601,US,Finance,suspended,2024-05-25
2881dbee-cd03-cc95-936b-86fe1917244e,Donald,Rivera,donald.rivera@gmail.com,+1-862-117-6937,1985-02-28,798 Oak Ave,Nashville,TN,37201,US,Product,active,2024-04-19
20880b1f-641a-c793-ccfb-c440f347aceb,Carol,Mitchell,carol.mitchell2@yahoo.com,+1-525-696-4604,1996-09-13,2198 Park Blvd,San Diego,CA,92101,US,Operations,inactive,2024-12-26
92ea8e36-fa86-0159-4b07-2bd1b5522d7c,Linda,Davis,linda.davis@example.com,+1-961-210-3293,1967-07-29,8370 Cedar Ln,Nashville,TN,37201,US,Engineering,active,2024-07-06
fe28ba06-ec73-9e22-e952-fcca363bab4a,Jessica,Carter,jessica.carter@icloud.com,+1-871-737-3784,1982-12-25,4396 Elm St,Houston,TX,77001,US,Marketing,inactive,2024-08-19
6fcc67e2-92b5-e051-b71d-e04eae969426,Jennifer,Young,jennifer.young3@hotmail.com,+1-208-603-2398,1965-06-27,1555 Lake Dr,Fort Worth,TX,76101,US,Sales,suspended,2024-03-08
5c8327fc-35a6-09b3-bb4d-b8bb3fb842da,Joseph,Rivera,joseph.rivera@outlook.com,+1-411-184-7116,1965-07-06,4051 Elm St,Denver,CO,80201,US,Product,active,2024-12-25
b2b3d214-5aa2-f532-fb4a-d32a4fa40881,Paul,Robinson,paul.robinson@example.com,+1-848-122-5467,1992-03-22,460 Pine Rd,Phoenix,AZ,85001,US,Marketing,active,2024-08-22
89cb64b8-9c21-dffa-aa8b-8a958827e307,Ashley,Garcia,ashley.garcia2@hotmail.com,+1-377-179-9784,1967-06-09,2107 Pine Rd,Seattle,WA,98101,US,HR,inactive,2024-09-06
36414b0a-0100-2614-7cfb-2ec4990f7994,Michael,Sanchez,michael.sanchez2@yahoo.com,+1-735-541-5666,1965-11-02,7196 Cedar Ln,Fort Worth,TX,76101,US,Sales,active,2024-04-05
8e63fd56-dee7-0f9a-fc25-39d673f78379,William,Taylor,william.taylor@yahoo.com,+1-942-319-7434,1968-12-20,8396 Oak Ave,Columbus,OH,43085,US,Sales,active,2024-05-04
8a9faf2f-d038-0a25-f0ff-772b7c3223f7,Charles,Perez,charles.perez@yahoo.com,+1-486-588-6688,1994-11-22,122 Pine Rd,San Francisco,CA,94102,US,HR,inactive,2024-05-23
00e52641-13f5-30a0-44d3-8c4945e92575,Jennifer,Lewis,jennifer.lewis@hotmail.com,+1-552-569-5907,1969-08-20,551 Park Blvd,San Jose,CA,95101,US,Operations,active,2024-06-07
a9aa7d16-44c4-4611-d5f8-e3904c851e7a,Elizabeth,Nguyen,elizabeth.nguyen@yahoo.com,+1-750-872-4800,1972-01-10,4551 Elm St,Phoenix,AZ,85001,US,Marketing,suspended,2024-10-12
cf21789c-ec0e-3657-5171-41f87b9a3f72,Christopher,Smith,christopher.smith2@icloud.com,+1-470-605-3232,1980-03-01,8909 Oak Ave,Nashville,TN,37201,US,Operations,inactive,2024-01-14
2c5ca8b8-f059-3ff0-6dc5-d919b4b70188,Margaret,Lopez,margaret.lopez@outlook.com,+1-391-126-5927,1964-08-23,3198 Lake Dr,New York,NY,10001,US,Legal,active,2024-05-20
f773396e-959f-89df-4015-1947849b3ae5,Charles,Scott,charles.scott@hotmail.com,+1-332-539-2919,1972-08-21,5710 Maple Dr,Philadelphia,PA,19101,US,Finance,active,2024-06-25
0c0ca4d0-daf7-2151-8f46-cd7ffb3ce126,Margaret,Scott,margaret.scott@yahoo.com,+1-720-279-1349,1998-07-31,7765 Main St,Los Angeles,CA,90001,US,Sales,active,2024-01-19
97e7dae7-cd31-4e44-b412-17b1a590e503,William,Thompson,william.thompson@yahoo.com,+1-480-885-3362,1960-03-05,3204 Elm St,Houston,TX,77001,US,HR,inactive,2024-10-03
2175c57a-94bf-5c97-c74e-dc21dd859e97,Susan,Brown,susan.brown@example.com,+1-801-966-1184,1981-12-22,2745 Elm St,Philadelphia,PA,19101,US,Marketing,active,2024-01-26
22dd7bf3-cc47-6eaa-ecab-85b98fb9f8b3,Carol,Hernandez,carol.hernandez@yahoo.com,+1-569-957-8595,1986-10-23,9375 Cedar Ln,Indianapolis,IN,46201,US,Operations,suspended,2024-12-26
3b6675af-08b0-ce23-ca35-36d16e63c513,Melissa,Nelson,melissa.nelson@outlook.com,+1-382-960-3797,1967-07-29,4910 Main St,San Antonio,TX,78201,US,Engineering,inactive,2024-08-21
1b15c8a3-7d9f-c1a3-1aa7-4d4188be48ec,John,Smith,john.smith@yahoo.com,+1-555-150-7222,1994-08-21,8882 Elm St,Indianapolis,IN,46201,US,Sales,active,2024-07-01
f495bfb5-2961-f309-936e-73c7d2640c78,Steven,Allen,steven.allen@icloud.com,+1-890-151-9869,1976-07-23,5351 Oak Ave,Denver,CO,80201,US,Operations,active,2024-03-05
95586a28-9291-da0a-f6b6-849c058360d3,Michelle,Allen,michelle.allen@hotmail.com,+1-838-835-8482,1962-01-14,4748 Pine Rd,Fort Worth,TX,76101,US,Marketing,active,2024-08-04
8035c0b2-ebcb-e691-d533-f5ff4bb2c536,Nancy,Nguyen,nancy.nguyen@gmail.com,+1-937-600-5064,1978-03-14,7721 Maple Dr,San Diego,CA,92101,US,Operations,suspended,2024-11-26
6d1323db-9368-29b7-9a29-c66750eb264c,Kevin,Roberts,kevin.roberts@gmail.com,+1-718-385-9538,1966-07-19,3339 Pine Rd,Houston,TX,77001,US,Finance,active,2024-10-22
4feefead-55d0-591e-130c-67227d8043de,Brian,Lewis,brian.lewis@icloud.com,+1-872-981-4016,1988-03-14,9290 Elm St,Columbus,OH,43085,US,Operations,inactive,2024-02-26
169aff73-fc21-7343-77bd-26ea0b62324b,Emily,Martin,emily.martin@hotmail.com,+1-814-931-2367,1962-04-25,772 Cedar Ln,Indianapolis,IN,46201,US,Operations,active,2024-04-13
2df65903-785f-7ff0-eef6-15b4a021ccc7,Joseph,Thompson,joseph.thompson@icloud.com,+1-406-372-1180,1965-02-17,5545 Oak Ave,Phoenix,AZ,85001,US,Operations,active,2024-09-24
fbc1c96e-1c37-6ed3-ede7-9d32d16a391e,Paul,Adams,paul.adams@hotmail.com,+1-874-764-5457,1971-02-08,3625 Lake Dr,Columbus,OH,43085,US,Engineering,inactive,2024-02-03
859d67ba-b263-9de7-e662-4065d815a289,Lisa,Martin,lisa.martin@yahoo.com,+1-978-612-6537,1965-01-15,4208 Oak Ave,Houston,TX,77001,US,Sales,inactive,2024-06-22
63d64cb1-a778-ff5c-64d7-a96a3b973cd8,Emily,Perez,emily.perez@gmail.com,+1-633-412-9990,1969-03-17,1966 Pine Rd,Indianapolis,IN,46201,US,Finance,active,2024-04-26
0edf31bc-8bfc-3d12-911b-3a3717c4cede,Mark,Taylor,mark.taylor@gmail.com,+1-319-945-2761,1991-05-25,79 Park Blvd,New York,NY,10001,US,Finance,suspended,2024-03-06
f71fa95a-43f8-5d47-c5e7-5efd58eac344,Sarah,Moore,sarah.moore2@yahoo.com,+1-782-942-6148,1977-03-30,1316 Oak Ave,Philadelphia,PA,19101,US,Legal,suspended,2024-11-22
df5d162c-48f5-ac72-58aa-b6961cdfc6af,Lisa,Lee,lisa.lee@gmail.com,+1-444-510-1668,1986-10-30,3499 Pine Rd,Charlotte,NC,28201,US,Operations,suspended,2024-12-09
864670c5-0ca5-ed5b-45d5-e4b29df4e97c,Paul,Hill,paul.hill3@yahoo.com,+1-247-722-2138,1972-09-20,549 Main St,New York,NY,10001,US,Product,suspended,2024-06-13
ef36a0ca-302e-52f3-3748-3613b396c65f,Donna,Wright,donna.wright@gmail.com,+1-395-187-7513,1984-01-13,7711 Maple Dr,Nashville,TN,37201,US,Product,inactive,2024-05-01
905d757b-5636-b33d-00be-fb5e58d40147,Timothy,Hall,timothy.hall2@yahoo.com,+1-788-680-1443,1980-01-18,7056 Pine Rd,Los Angeles,CA,90001,US,Engineering,suspended,2024-02-02
60377d78-9fb4-716c-710d-82701ac44534,Matthew,Lewis,matthew.lewis2@gmail.com,+1-578-200-1289,1985-10-20,5342 Maple Dr,Los Angeles,CA,90001,US,Engineering,suspended,2024-07-11
5b7ca2f6-b0c9-be1f-5a97-011745834518,Susan,Campbell,susan.campbell@hotmail.com,+1-929-645-4206,1985-12-24,9732 Cedar Ln,San Jose,CA,95101,US,Marketing,suspended,2024-06-28
3eea7c13-f6ee-0d07-9090-2ca6e2672ba6,George,Ramirez,george.ramirez@hotmail.com,+1-461-573-9356,1971-06-27,1737 Maple Dr,Austin,TX,73301,US,Product,suspended,2024-09-17
bdd1018b-a155-7633-cc1d-ee4dec285658,George,Davis,george.davis@gmail.com,+1-771-994-7158,1988-02-27,3905 Maple Dr,Indianapolis,IN,46201,US,Engineering,active,2024-10-15
1ee41b8f-8676-39dc-c6c9-7a26a0a3293b,John,Green,john.green2@yahoo.com,+1-675-856-7943,1982-01-01,2107 Cedar Ln,New York,NY,10001,US,Sales,active,2024-06-17
709bad47-bcdb-908b-2a58-9d4c1dc7cdff,Paul,Davis,paul.davis@gmail.com,+1-674-528-2613,1989-03-03,5941 Oak Ave,Nashville,TN,37201,US,Engineering,inactive,2024-09-28
b32ccda4-c87f-20d4-6f4a-da0377e2486b,Sarah,Martin,sarah.martin@yahoo.com,+1-219-162-5160,1977-06-13,2277 Elm St,Dallas,TX,75201,US,Legal,inactive,2024-06-16
4d23de4a-8b89-4293-599d-b33bdfe00df9,Jennifer,Lopez,jennifer.lopez@outlook.com,+1-651-681-6781,1973-05-18,1438 Park Blvd,Dallas,TX,75201,US,Marketing,active,2024-10-28
f4f38ba2-9664-785b-e0e1-38d6b1559a80,Donna,Johnson,donna.johnson2@gmail.com,+1-221-442-5972,1961-04-04,4927 Pine Rd,Dallas,TX,75201,US,Product,active,2024-11-24
d338825d-e73c-4467-8d39-58983f0493c1,Nancy,Martinez,nancy.martinez@gmail.com,+1-829-567-4556,1975-09-02,9537 Main St,Columbus,OH,43085,US,Legal,inactive,2024-07-24
2e863fda-4c29-6360-a4ee-802441bb09eb,Betty,Young,betty.young@outlook.com,+1-214-963-4942,1997-12-26,1701 Elm St,Phoenix,AZ,85001,US,Legal,suspended,2024-10-16
47073dc4-2186-bfbd-ff7a-c5b01a3b5146,James,Sanchez,james.sanchez2@outlook.com,+1-577-875-1956,1962-12-12,7747 Lake Dr,Seattle,WA,98101,US,Finance,inactive,2024-04-11
1a59b3fa-dfd8-6e7f-0c7e-d2be82f6a1a0,John,Baker,john.baker2@icloud.com,+1-782-242-3396,1992-12-19,7529 Oak Ave,Columbus,OH,43085,US,Product,inactive,2024-03-07
15b9cf2f-0050-2527-6b65-a073e7565e1d,Joshua,Adams,joshua.adams@yahoo.com,+1-672-744-8330,1968-01-31,2841 Park Blvd,Jacksonville,FL,32099,US,Operations,active,2024-09-03
428ca24b-cb4f-ad89-a7da-fc0755e12049,Susan,Rodriguez,susan.rodriguez@hotmail.com,+1-339-944-8412,1968-07-08,90 Oak Ave,Houston,TX,77001,US,Sales,active,2024-04-21
eae354f9-dcbb-c5d1-5305-06a22a83a7ae,Deborah,Rodriguez,deborah.rodriguez@example.com,+1-900-328-1705,1962-04-24,4513 Park Blvd,Los Angeles,CA,90001,US,Legal,active,2024-01-25
13d83851-c29a-c829-1cfa-359e3b81cab0,Sandra,Miller,sandra.miller@icloud.com,+1-548-513-5833,1969-11-14,8309 Cedar Ln,Jacksonville,FL,32099,US,Operations,inactive,2024-03-27
825176bd-c6d2-762a-1b43-70d2afba7957,Melissa,Scott,melissa.scott@hotmail.com,+1-464-655-4879,1968-09-02,3896 Park Blvd,Austin,TX,73301,US,HR,suspended,2024-03-04
855abea1-f384-6cb9-5d24-ded640dfa59a,Daniel,Martinez,daniel.martinez@example.com,+1-678-869-2034,1978-08-12,6197 Park Blvd,Denver,CO,80201,US,Finance,suspended,2024-04-23
8d552caf-fb6e-00ae-c216-a8b46f1d79bd,Patricia,Wilson,patricia.wilson@yahoo.com,+1-930-900-9413,1964-04-23,760 Lake Dr,Philadelphia,PA,19101,US,Engineering,active,2024-09-05
d2c876f2-cffd-ec76-f809-65c3434a9fb5,Jennifer,Hall,jennifer.hall2@outlook.com,+1-889-189-3192,1981-12-13,6025 Oak Ave,Austin,TX,73301,US,Sales,active,2024-09-18
781afa8c-13f4-b596-a6c3-4468dad95783,Richard,Hall,richard.hall@yahoo.com,+1-788-830-2185,1960-09-06,9714 Pine Rd,San Jose,CA,95101,US,HR,active,2024-11-12
2689f752-6077-227e-b61a-c947c1554fc5,Donald,Ramirez,donald.ramirez@example.com,+1-552-306-7733,1986-02-07,7395 Oak Ave,Fort Worth,TX,76101,US,Marketing,inactive,2024-02-24
b1242d6c-7ac4-6f46-f8b6-a7c5b0a18744,William,Williams,william.williams@yahoo.com,+1-474-225-8280,1976-06-14,5584 Park Blvd,San Jose,CA,95101,US,Operations,suspended,2024-12-06
210a659d-2da2-af41-fa60-4c2c4ae49e7f,Susan,Smith,susan.smith@gmail.com,+1-436-560-2500,1968-04-17,6594 Park Blvd,Phoenix,AZ,85001,US,HR,active,2024-04-22
9ec5d0cc-9f60-8712-996e-767ecfa3b2c3,George,Gonzalez,george.gonzalez@example.com,+1-662-741-3618,1963-10-16,1073 Oak Ave,Jacksonville,FL,32099,US,Marketing,active,2024-03-20
0e3862b3-b9b6-1edd-365a-6fd79412ba97,David,Lewis,david.lewis@gmail.com,+1-631-931-8719,1990-07-29,7029 Pine Rd,Nashville,TN,37201,US,Sales,active,2024-11-23
b1821c05-d5bf-4902-c26b-a5f2eb90911c,Brian,Davis,brian.davis@example.com,+1-451-176-1657,1982-05-15,1275 Main St,Chicago,IL,60601,US,Marketing,active,2024-11-25
ec6b8b97-a5f6-f850-2f99-bc9454e01b03,Thomas,Sanchez,thomas.sanchez@gmail.com,+1-247-418-6577,1996-10-24,6342 Park Blvd,Los Angeles,CA,90001,US,Product,active,2024-02-01
2e7c21c0-a205-e9c1-af86-6d9778e0921f,Richard,Scott,richard.scott2@icloud.com,+1-338-570-9672,1969-06-11,3770 Maple Dr,Jacksonville,FL,32099,US,Engineering,active,2024-06-26
edc0efbe-ddeb-79c1-8b5d-5aaf8b363edd,Susan,Lopez,susan.lopez2@outlook.com,+1-222-603-7704,1983-09-20,9807 Park Blvd,Dallas,TX,75201,US,Operations,inactive,2024-08-26
f478f54d-989b-78fc-f66c-dc3b5a3df40e,Betty,Lee,betty.lee2@outlook.com,+1-368-667-2638,1985-08-25,4200 Park Blvd,San Antonio,TX,78201,US,Finance,active,2024-03-28
42fa901b-741d-a3cd-4258-f08a3c888015,Michelle,Roberts,michelle.roberts2@outlook.com,+1-795-820-2078,1990-09-02,1249 Park Blvd,Austin,TX,73301,US,Engineering,suspended,2024-05-22
36a6cf65-29d1-945b-251e-a970287b7ee3,Sandra,Wright,sandra.wright@example.com,+1-858-830-5367,1985-01-11,4441 Pine Rd,Houston,TX,77001,US,HR,inactive,2024-11-26
c73ed342-6523-fd4b-aa33-beb1c9007315,Karen,Wright,karen.wright@outlook.com,+1-834-910-6085,1975-12-05,4936 Elm St,San Francisco,CA,94102,US,Marketing,active,2024-03-04
41b8acc3-17d2-2c6a-961f-f37bbe31307b,Kenneth,White,kenneth.white@hotmail.com,+1-335-488-1908,1987-11-03,7859 Oak Ave,Phoenix,AZ,85001,US,Finance,active,2024-10-03
a9c29b8c-4818-865b-c927-fc9e6739715d,Sarah,Anderson,sarah.anderson@icloud.com,+1-606-218-3167,1979-10-08,3467 Elm St,Phoenix,AZ,85001,US,Operations,active,2024-06-24
71058664-353f-6b74-d601-c6581c9e05b4,Kenneth,Martinez,kenneth.martinez2@outlook.com,+1-376-958-1171,1994-11-29,6771 Lake Dr,Denver,CO,80201,US,Legal,active,2024-01-20
b98e7c2e-9ca3-7b40-9c8d-9656da5a0e53,Carol,Robinson,carol.robinson@icloud.com,+1-418-361-7559,1970-10-26,9164 Park Blvd,New York,NY,10001,US,Sales,active,2024-12-16
a8c7f7b0-c2c1-602a-1653-865599709872,Lisa,Wilson,lisa.wilson@icloud.com,+1-855-696-4117,1996-08-20,8995 Maple Dr,Houston,TX,77001,US,Marketing,suspended,2024-12-07
883f9e16-4daa-f438-8017-c2db9f56118e,George,Lee,george.lee3@gmail.com,+1-853-429-6566,1970-08-06,179 Elm St,Charlotte,NC,28201,US,Engineering,inactive,2024-09-04
f81c7f99-75ea-4c0b-2213-a6326a1d4dbe,Daniel,Miller,daniel.miller2@example.com,+1-714-441-7476,1971-11-22,6668 Maple Dr,Chicago,IL,60601,US,Marketing,inactive,2024-12-25
3ae422a4-4f4c-8688-2d59-cdbeb72a2965,Betty,Hernandez,betty.hernandez@example.com,+1-717-948-3017,1999-04-10,4998 Pine Rd,Charlotte,NC,28201,US,Operations,inactive,2024-06-03
08f405e8-a673-290c-341f-408b57cbce80,Amanda,Moore,amanda.moore@icloud.com,+1-271-403-5253,1980-04-16,6307 Cedar Ln,Nashville,TN,37201,US,Finance,suspended,2024-05-11
23c97d73-246c-7785-a7ca-ebd82007670f,Christopher,Jackson,christopher.jackson@outlook.com,+1-275-731-9539,1964-01-02,8238 Pine Rd,New York,NY,10001,US,Marketing,active,2024-02-05
9e1d5013-8538-fae4-92ec-fd738dbd9e25,Patricia,Thompson,patricia.thompson@icloud.com,+1-929-339-1389,1962-07-05,9272 Maple Dr,San Diego,CA,92101,US,Sales,active,2024-12-02
ea648e76-6854-32d7-6d3d-c2db7ff36c52,David,Rivera,david.rivera@outlook.com,+1-806-549-1747,1996-04-22,6617 Cedar Ln,Chicago,IL,60601,US,Sales,suspended,2024-03-13
aa8e408d-04b5-35ec-ee26-922eaf058d4c,Amanda,Clark,amanda.clark@hotmail.com,+1-207-712-8878,1962-09-16,7992 Cedar Ln,San Jose,CA,95101,US,Operations,active,2024-10-22
1d816760-bb10-a38d-04aa-3398975a7a37,Anthony,Lopez,anthony.lopez@outlook.com,+1-344-192-4561,1975-09-14,5968 Elm St,Nashville,TN,37201,US,Finance,active,2024-02-06
6df5fad8-638a-f5f3-4229-ee91ba9693b6,Lisa,Anderson,lisa.anderson2@outlook.com,+1-795-327-8618,1979-05-13,1009 Park Blvd,San Antonio,TX,78201,US,Legal,active,2024-07-10
1e98ef95-2ef8-6e99-2cec-a4d683d86066,Charles,Johnson,charles.johnson@yahoo.com,+1-275-734-5265,1972-01-06,5415 Lake Dr,Chicago,IL,60601,US,Sales,active,2024-06-12
bc6ce6d4-efe2-d740-f816-e779cf7aea34,Christopher,Anderson,christopher.anderson@yahoo.com,+1-954-764-6314,1977-10-16,5764 Elm St,Houston,TX,77001,US,Engineering,active,2024-07-27
3563bbdb-d0ff-5686-85d9-eceef78d2db7,Joshua,Jackson,joshua.jackson@outlook.com,+1-944-501-1881,1975-10-26,7579 Maple Dr,New York,NY,10001,US,Sales,suspended,2024-09-10
88361c29-d38b-f2ff-ba94-8e81cb16dde9,Emily,Torres,emily.torres@yahoo.com,+1-849-672-7657,1966-09-20,6360 Main St,Denver,CO,80201,US,Marketing,active,2024-07-21
4fc79691-f47e-484f-48fc-185f583017e5,Carol,Perez,carol.perez2@example.com,+1-951-300-1524,1983-10-14,5145 Maple Dr,Philadelphia,PA,19101,US,Finance,inactive,2024-02-09
a352e8c6-75e3-863e-0492-902871f67ec1,Timothy,Miller,timothy.miller@hotmail.com,+1-365-608-5271,1989-04-10,2283 Main St,San Diego,CA,92101,US,Engineering,active,2024-01-06
9d1fa859-91f3-aae2-714a-ceb8f1cace88,Michelle,Flores,michelle.flores@outlook.com,+1-432-716-8255,1999-10-08,7761 Oak Ave,New York,NY,10001,US,Engineering,active,2024-09-12
43e69b68-dd41-8936-5bd9-0110bdbca2cf,Emily,Miller,emily.miller@outlook.com,+1-374-944-5848,1961-02-09,9112 Lake Dr,Nashville,TN,37201,US,HR,active,2024-05-04
dc0aa72e-8321-ad53-ae0c-d662019ffde2,Deborah,Martin,deborah.martin@hotmail.com,+1-975-902-9490,1971-09-04,7585 Lake Dr,Houston,TX,77001,US,Operations,active,2024-06-23
a5531f42-ef5d-15d9-1d58-d0bb976ecaec,Betty,Flores,betty.flores@icloud.com,+1-404-567-1554,1966-01-01,1034 Park Blvd,Philadelphia,PA,19101,US,HR,active,2024-05-23
b10bbac6-9f82-a169-c7db-c95302ef7f88,Donald,Sanchez,donald.sanchez@example.com,+1-795-417-8715,1970-04-22,9771 Oak Ave,San Diego,CA,92101,US,HR,active,2024-06-21
fff957b1-f1d1-1d87-e121-3c03779ee8de,Andrew,Lopez,andrew.lopez@icloud.com,+1-589-602-8482,1966-03-20,4558 Oak Ave,San Jose,CA,95101,US,Product,active,2024-04-25
57f1c69b-8e49-a31f-70d5-af0cf679cbcc,Mark,Moore,mark.moore@hotmail.com,+1-629-310-8262,1994-03-29,1661 Park Blvd,Fort Worth,TX,76101,US,HR,active,2024-07-03
967087e8-5e7a-5209-8496-9b84ce1c4138,Michelle,Rivera,michelle.rivera@gmail.com,+1-580-999-3265,1978-02-27,5091 Oak Ave,Houston,TX,77001,US,Legal,active,2024-07-17
3f7e3e2d-a35a-7f2f-6822-09c150838b00,Ashley,Martin,ashley.martin@hotmail.com,+1-479-849-4342,1967-05-09,2840 Elm St,Seattle,WA,98101,US,Marketing,active,2024-02-28
c8f2495d-1e02-5484-b191-80e933ff3589,Jennifer,Johnson,jennifer.johnson@yahoo.com,+1-474-685-2107,1983-06-24,4422 Oak Ave,Seattle,WA,98101,US,Engineering,active,2024-02-24
b344d1f9-4219-cc75-77a8-89dc4e35853d,William,Williams,william.williams@gmail.com,+1-773-195-6133,1996-06-07,7784 Park Blvd,Charlotte,NC,28201,US,Marketing,suspended,2024-05-05
41eefcca-2c3d-7915-1157-4d74bd2a646b,Richard,Roberts,richard.roberts@icloud.com,+1-529-922-9831,1968-05-07,2525 Pine Rd,Los Angeles,CA,90001,US,Legal,active,2024-09-01
c95612c2-a4cd-58be-8474-495e761a8f3b,Melissa,Young,melissa.young@gmail.com,+1-571-559-5410,1968-02-04,3164 Park Blvd,Denver,CO,80201,US,HR,active,2024-06-09
9fe0b580-62dc-1ae6-2c17-b9a3f2840d39,Elizabeth,Baker,elizabeth.baker2@outlook.com,+1-310-744-6216,1962-09-22,4788 Park Blvd,Charlotte,NC,28201,US,Product,inactive,2024-10-21
c8a07df4-21ac-b714-262d-0dee758867c2,William,Smith,william.smith@hotmail.com,+1-971-892-4858,1985-08-23,1903 Lake Dr,Philadelphia,PA,19101,US,Engineering,suspended,2024-07-23
f22c52f2-7080-e5b9-9509-04663b075a63,Jessica,Wilson,jessica.wilson@outlook.com,+1-568-995-1766,1975-09-20,8994 Maple Dr,Dallas,TX,75201,US,Engineering,active,2024-09-24
8e9fb8b6-236f-4ce6-f4d4-fbe40bc10525,Christopher,Harris,christopher.harris@example.com,+1-510-385-1031,1982-07-02,2518 Lake Dr,Nashville,TN,37201,US,Finance,inactive,2024-12-05
af454efe-1bd9-d156-4bcb-c392e5952436,Kevin,Harris,kevin.harris@icloud.com,+1-894-400-8500,1987-09-20,9822 Main St,Dallas,TX,75201,US,HR,active,2024-08-11
e4da0a27-669a-ace0-2aaf-56509b08292c,Jennifer,Thompson,jennifer.thompson@yahoo.com,+1-853-118-8066,1988-05-23,346 Maple Dr,Indianapolis,IN,46201,US,Finance,suspended,2024-03-01
6bd6ba48-0231-3061-894d-34c978fb8609,Carol,Johnson,carol.johnson@gmail.com,+1-853-593-3276,1986-08-25,4393 Park Blvd,Philadelphia,PA,19101,US,Operations,active,2024-04-01
8c2f727d-8396-ec0c-20b6-694a1ef6201d,Donna,Martinez,donna.martinez@yahoo.com,+1-305-508-1342,1967-08-17,3356 Elm St,Philadelphia,PA,19101,US,Finance,active,2024-12-05
4496946b-2360-3179-4250-bfc14e128342,Joseph,Hernandez,joseph.hernandez@hotmail.com,+1-273-887-7421,1970-02-11,949 Cedar Ln,Phoenix,AZ,85001,US,Marketing,active,2024-09-19
2a013f60-aba3-1526-fda4-67472ab04032,Michelle,Hill,michelle.hill@outlook.com,+1-419-802-4138,1990-01-09,2080 Maple Dr,Seattle,WA,98101,US,HR,inactive,2024-07-04
180395bf-b50b-cbb6-8221-02a40b9f2793,Joshua,Nguyen,joshua.nguyen2@icloud.com,+1-984-621-7553,1963-08-21,3225 Maple Dr,Charlotte,NC,28201,US,Marketing,active,2024-11-08
2db6fa6c-dafe-345a-ae51-463af1e8f042,Mark,Carter,mark.carter@example.com,+1-282-897-5259,1992-02-07,5649 Elm St,Austin,TX,73301,US,HR,active,2024-08-05
e87b6948-8413-e483-fd93-7112439e258e,Barbara,Walker,barbara.walker@gmail.com,+1-825-797-9067,1999-03-05,4316 Pine Rd,Los Angeles,CA,90001,US,Sales,active,2024-11-11
83de4363-40c8-edb1-7dda-b0ba37e7a359,Donna,Baker,donna.baker@hotmail.com,+1-573-763-1855,1961-06-05,8597 Cedar Ln,San Antonio,TX,78201,US,Legal,active,2024-04-05
c825e23f-a5ea-d378-d4aa-bc270122688c,George,Brown,george.brown@gmail.com,+1-763-352-1032,1989-07-19,7449 Lake Dr,Fort Worth,TX,76101,US,Finance,inactive,2024-12-22
e7a1e3ee-7117-88ef-84d0-b55694e11193,Matthew,Walker,matthew.walker@outlook.com,+1-698-195-6196,1975-12-16,7665 Cedar Ln,San Francisco,CA,94102,US,Finance,active,2024-06-08
b92e9406-88bf-1c6a-3f24-23f22f31634a,Steven,Wilson,steven.wilson@hotmail.com,+1-966-706-5768,1961-09-02,918 Elm St,Denver,CO,80201,US,Product,suspended,2024-12-10
bd04bd9a-f069-a543-769d-174e2b3473a4,Carol,Robinson,carol.robinson2@hotmail.com,+1-737-222-3513,1987-06-13,720 Lake Dr,Houston,TX,77001,US,Product,active,2024-05-18
22013a2f-a832-85b1-431e-5ca628eef579,John,Torres,john.torres@icloud.com,+1-972-565-6369,1967-02-06,6991 Oak Ave,Jacksonville,FL,32099,US,Legal,active,2024-08-05
a357ff48-5238-cc96-723a-b06f1cc24867,Patricia,Garcia,patricia.garcia@hotmail.com,+1-538-440-7413,1962-11-08,7450 Lake Dr,New York,NY,10001,US,HR,inactive,2024-04-12
42ab0124-4c0e-6f69-ddd2-e9604dbd0009,Linda,Williams,linda.williams@hotmail.com,+1-908-719-9324,1992-02-04,9235 Main St,Charlotte,NC,28201,US,Legal,active,2024-12-13
83e71b17-b630-37d1-bd11-9175d7ea6028,Ashley,Green,ashley.green@hotmail.com,+1-253-340-1297,2000-03-14,2715 Pine Rd,San Francisco,CA,94102,US,Sales,active,2024-11-22
e5f7473e-1ee3-8059-4d7a-120c396f62ff,George,Smith,george.smith@gmail.com,+1-746-591-2972,1969-08-13,5246 Elm St,Seattle,WA,98101,US,Engineering,active,2024-10-21
c06273d4-30bc-5949-0280-0ae9ef9bf9c7,Richard,Brown,richard.brown@yahoo.com,+1-578-375-4371,1998-05-26,1728 Cedar Ln,San Francisco,CA,94102,US,Legal,active,2024-02-05
e637ce3a-8d03-3a10-4543-bd17c6612680,Amanda,Torres,amanda.torres@outlook.com,+1-727-741-9936,1995-08-26,1775 Lake Dr,New York,NY,10001,US,Operations,suspended,2024-10-15
d563bf66-dff0-27bb-2217-ac2e955395ed,Joseph,Rodriguez,joseph.rodriguez@example.com,+1-692-637-1638,1988-10-20,9674 Maple Dr,Philadelphia,PA,19101,US,Finance,suspended,2024-09-13
f3855431-46c4-5d07-07fe-95c22db3701f,Susan,Torres,susan.torres@gmail.com,+1-639-950-8536,1978-10-26,9205 Park Blvd,Los Angeles,CA,90001,US,Finance,active,2024-04-18
8b9a85bc-41e7-528b-c12a-d892924901e9,Robert,Harris,robert.harris@icloud.com,+1-602-591-1640,2000-12-19,7663 Park Blvd,Chicago,IL,60601,US,Product,active,2024-05-27
1b151a9b-0ad2-be24-14f4-884f59df2af8,Sarah,Nguyen,sarah.nguyen@gmail.com,+1-551-369-3727,1984-06-23,7215 Maple Dr,Houston,TX,77001,US,Operations,active,2024-08-08
22b4d170-7e8c-55a4-8682-7f120be50937,James,Mitchell,james.mitchell@gmail.com,+1-545-615-5938,1993-07-03,2875 Cedar Ln,San Francisco,CA,94102,US,Engineering,active,2024-03-21
2881e009-5f51-249e-d4d6-8297e804f03b,George,Walker,george.walker3@yahoo.com,+1-317-803-6633,1991-01-04,2754 Lake Dr,Indianapolis,IN,46201,US,Sales,active,2024-02-28
623aa7bd-62d7-618f-ba6d-bd38115a9359,Linda,Hall,linda.hall@outlook.com,+1-439-655-3599,1972-11-18,6848 Lake Dr,San Diego,CA,92101,US,Legal,active,2024-10-15
b34dfd44-8249-23f6-9263-92a1a74b03a8,William,Robinson,william.robinson@hotmail.com,+1-481-517-1435,1964-11-30,5776 Cedar Ln,Charlotte,NC,28201,US,HR,inactive,2024-12-11
3b75dbac-89c9-f337-cada-4d0761884177,Kenneth,Lewis,kenneth.lewis@outlook.com,+1-465-807-9748,1987-07-13,7155 Lake Dr,Los Angeles,CA,90001,US,Marketing,inactive,2024-12-10
7f5c6add-c366-77fd-17e6-78cb909e188b,Timothy,Sanchez,timothy.sanchez@yahoo.com,+1-691-869-4162,1965-08-23,6384 Main St,Nashville,TN,37201,US,Operations,active,2024-10-01
b3f1f770-d982-4c38-7b6d-1f90082e7191,Paul,Jones,paul.jones@gmail.com,+1-682-653-4874,1961-01-17,1916 Maple Dr,New York,NY,10001,US,Product,active,2024-08-21
3530d627-0c33-d175-bebf-7630adc9f721,Thomas,Jones,thomas.jones@icloud.com,+1-387-290-6205,1981-09-27,927 Oak Ave,Seattle,WA,98101,US,Finance,active,2024-10-22
43dcf6d0-5e80-ca1b-dfa6-f7c64a857183,Barbara,Hernandez,barbara.hernandez@hotmail.com,+1-875-810-6734,1989-02-01,4647 Pine Rd,Dallas,TX,75201,US,Legal,active,2024-08-17
d102af13-701f-3bb6-cc0c-4032485e64bd,Ashley,Rivera,ashley.rivera@icloud.com,+1-893-846-8531,1973-01-06,1243 Lake Dr,Philadelphia,PA,19101,US,HR,active,2024-07-13
202bc03a-42c7-01ca-bee5-e80093ee737d,Kimberly,Harris,kimberly.harris@hotmail.com,+1-205-797-7159,1994-07-28,1977 Cedar Ln,Denver,CO,80201,US,Legal,inactive,2024-10-18
5130af64-2183-7969-8f90-8e74d27b188d,David,Gonzalez,david.gonzalez@hotmail.com,+1-937-719-4347,1963-10-31,487 Lake Dr,Fort Worth,TX,76101,US,Legal,suspended,2024-01-20
294e9c0d-f14c-8b95-151b-fc7ef24b3fd5,Robert,Lopez,robert.lopez@icloud.com,+1-615-322-6178,1967-11-26,9100 Oak Ave,Chicago,IL,60601,US,Operations,inactive,2024-08-03
d66173ce-c185-71dc-531b-194bb59a135e,John,Lopez,john.lopez@hotmail.com,+1-953-204-4273,1967-08-24,3146 Elm St,Philadelphia,PA,19101,US,Product,active,2024-09-28
2f003de4-8a86-3662-cc2b-e0612eebf167,Charles,Jackson,charles.jackson@yahoo.com,+1-712-360-1459,1990-03-01,1628 Maple Dr,Indianapolis,IN,46201,US,Operations,active,2024-01-02
2819f878-8a75-6df2-11cf-3655faf223e2,Thomas,Thomas,thomas.thomas@yahoo.com,+1-712-880-2928,1985-03-26,2515 Pine Rd,Los Angeles,CA,90001,US,Legal,suspended,2024-07-22
f8b5b16f-3157-e5a3-06a8-45d234cb6658,Anthony,Ramirez,anthony.ramirez@example.com,+1-299-601-3776,1983-01-06,9777 Pine Rd,Charlotte,NC,28201,US,Engineering,suspended,2024-10-07
aea5f3cb-e3f9-8b20-e2f4-06146a767a24,Donald,Thompson,donald.thompson2@gmail.com,+1-747-921-5224,1981-11-02,8691 Oak Ave,San Antonio,TX,78201,US,HR,active,2024-12-20
1983d809-f875-f563-ffc9-08dedbaedddd,Melissa,Harris,melissa.harris2@hotmail.com,+1-769-397-6346,1987-07-29,1119 Maple Dr,Denver,CO,80201,US,Engineering,suspended,2024-12-09
1757f919-5602-9ffd-8349-7250ca12f4df,Donna,Mitchell,donna.mitchell@hotmail.com,+1-783-368-1642,1971-03-15,6115 Park Blvd,Jacksonville,FL,32099,US,HR,active,2024-11-26
0c08c86d-1967-36c6-e10a-f9baef8e7806,Emily,Wilson,emily.wilson@example.com,+1-672-472-3860,1962-06-12,8992 Lake Dr,Dallas,TX,75201,US,Legal,active,2024-03-28
56197eda-2cb9-3c2b-e8c3-851720f66bec,Lisa,Walker,lisa.walker@example.com,+1-831-354-2927,1962-02-14,2565 Maple Dr,Austin,TX,73301,US,Legal,active,2024-06-09
ae52d288-3f4d-4cb0-030a-fe05a00cdf91,Charles,Baker,charles.baker@icloud.com,+1-213-563-6196,1974-02-14,8944 Maple Dr,Jacksonville,FL,32099,US,Operations,active,2024-07-16
85294edc-7c25-6240-aabe-65eb711542d5,Mark,Martinez,mark.martinez@yahoo.com,+1-395-677-1179,1976-10-29,7272 Elm St,Nashville,TN,37201,US,Marketing,inactive,2024-04-18
ec0c05d7-9f1b-f57b-7b9a-db55c138d80c,James,Sanchez,james.sanchez2@hotmail.com,+1-506-113-1630,1978-02-19,7521 Cedar Ln,Philadelphia,PA,19101,US,Legal,active,2024-03-20
666411d9-37ae-6469-03d8-152588662609,George,Davis,george.davis@hotmail.com,+1-270-392-6830,1972-04-19,4976 Pine Rd,Fort Worth,TX,76101,US,Engineering,active,2024-10-03
bf596434-532c-73b2-d429-b1c8aa50bf19,Donna,White,donna.white@hotmail.com,+1-735-387-5927,1960-11-12,1163 Pine Rd,Austin,TX,73301,US,Sales,active,2024-09-08
97e7253f-d660-363d-2284-2d54223e74bf,Christopher,Rivera,christopher.rivera@hotmail.com,+1-439-465-2049,1991-10-22,1344 Lake Dr,Los Angeles,CA,90001,US,HR,suspended,2024-11-13
89f46205-59a1-5e3a-0bd2-f2c0bc3a80d7,Richard,Clark,richard.clark2@icloud.com,+1-459-501-1545,1984-03-27,7776 Main St,San Diego,CA,92101,US,HR,active,2024-06-22
29168574-7002-450a-1494-1a7d310397b1,Brian,Miller,brian.miller@hotmail.com,+1-632-990-2072,1987-03-12,547 Pine Rd,Jacksonville,FL,32099,US,Operations,inactive,2024-04-21
1a9efcd5-65a6-5491-f934-e46e9777528e,Robert,Carter,robert.carter@outlook.com,+1-984-283-7911,1990-08-07,5501 Main St,Charlotte,NC,28201,US,Legal,active,2024-06-17
89f3a53f-fe89-94f2-7a14-00a5aaaa76a8,Christopher,Gonzalez,christopher.gonzalez@hotmail.com,+1-723-959-2332,1986-12-18,6978 Park Blvd,Denver,CO,80201,US,Engineering,suspended,2024-07-11
7204d88b-8dbe-7f99-81e3-74bce5776900,Robert,Miller,robert.miller2@icloud.com,+1-492-759-5960,1993-09-05,7779 Cedar Ln,Seattle,WA,98101,US,Sales,active,2024-08-21
7a1d782f-e537-83e1-4901-3c6b761cd5da,Mark,Allen,mark.allen2@outlook.com,+1-898-573-1382,1974-04-07,6502 Main St,San Jose,CA,95101,US,Operations,active,2024-09-24
6a084141-dca0-c53d-5f8d-48acca95ad7e,Steven,Nelson,steven.nelson@yahoo.com,+1-490-870-4795,1984-03-27,2731 Lake Dr,San Jose,CA,95101,US,Operations,active,2024-02-03
e9df0e42-0d1f-cd4e-7435-9a2a79085291,George,Lee,george.lee2@hotmail.com,+1-286-757-6640,1966-09-29,6273 Maple Dr,Jacksonville,FL,32099,US,Product,inactive,2024-10-19
fcb1e583-735a-2142-2033-6e9c5e117a2f,Paul,Garcia,paul.garcia@icloud.com,+1-801-253-1434,1996-11-18,739 Elm St,Los Angeles,CA,90001,US,HR,inactive,2024-04-27
665463ad-0a00-8974-68b8-2a4aed1cec0d,Michael,Ramirez,michael.ramirez@example.com,+1-902-511-6063,1991-12-30,9243 Cedar Ln,Dallas,TX,75201,US,Sales,active,2024-08-11
cd526e64-b9c6-8fd7-339f-29de854d8630,Lisa,Hall,lisa.hall@icloud.com,+1-430-332-2456,1983-02-10,4316 Cedar Ln,San Antonio,TX,78201,US,Sales,active,2024-05-17
a15374b0-f625-7ed1-ef98-a68ccd18c1a2,Christopher,Torres,christopher.torres@example.com,+1-378-863-1130,1982-07-03,6453 Park Blvd,Philadelphia,PA,19101,US,Product,active,2024-04-09
26d2ec57-057d-355e-0571-f3629140d93b,Ashley,Flores,ashley.flores@hotmail.com,+1-749-184-1001,1961-07-26,644 Main St,Chicago,IL,60601,US,Finance,active,2024-12-14
82ed78cb-b7af-f6d5-8214-c32603592448,Betty,Clark,betty.clark@gmail.com,+1-615-915-5207,1985-02-24,5054 Oak Ave,Charlotte,NC,28201,US,Product,active,2024-08-23
9be1c567-bb77-2de6-dd15-582c25d0dc76,Ashley,Roberts,ashley.roberts@hotmail.com,+1-981-402-3651,1960-02-27,5808 Main St,Jacksonville,FL,32099,US,Marketing,active,2024-03-27
fc9b3cb3-53e3-f023-74dd-877d33e84036,Andrew,Davis,andrew.davis@outlook.com,+1-799-260-8883,1976-07-11,1197 Lake Dr,San Antonio,TX,78201,US,Product,inactive,2024-02-13
87d03145-366d-07c3-309f-afc1c95c5a3e,David,Jackson,david.jackson2@yahoo.com,+1-225-212-1793,1993-09-30,7773 Main St,Nashville,TN,37201,US,Marketing,inactive,2024-08-25
8f22923c-fd98-24c1-4bc7-de1b3896aa19,Charles,Martin,charles.martin@hotmail.com,+1-584-371-2918,1984-03-09,7986 Elm St,New York,NY,10001,US,Engineering,inactive,2024-09-25
da908e59-51a0-8ea7-db56-d99d1d83f1e4,Richard,Miller,richard.miller@yahoo.com,+1-898-331-5468,1969-12-26,9807 Lake Dr,San Antonio,TX,78201,US,Product,active,2024-02-27
38a5dc95-a327-eced-f779-ff42c0f4ad63,Ashley,Jackson,ashley.jackson@gmail.com,+1-663-456-2713,1997-08-31,4886 Oak Ave,New York,NY,10001,US,Product,active,2024-09-24
2fdfef50-8f49-2e32-93e3-d9dfaf6fdb64,Melissa,Clark,melissa.clark2@example.com,+1-394-724-8436,1983-09-11,3157 Maple Dr,Fort Worth,TX,76101,US,Legal,suspended,2024-07-02
37279455-69c2-aa28-fc37-053ec735ac46,David,King,david.king@outlook.com,+1-568-475-6829,1997-10-29,276 Oak Ave,Nashville,TN,37201,US,Sales,active,2024-11-20
59178b75-96f7-2674-b702-f5539792cb50,Kevin,Torres,kevin.torres@gmail.com,+1-332-429-4134,1990-05-10,5520 Elm St,Dallas,TX,75201,US,Finance,active,2024-02-25
56345a4c-0ede-a541-7cee-4e40bafa8118,Andrew,Harris,andrew.harris@outlook.com,+1-838-980-5750,1985-07-14,4198 Elm St,Dallas,TX,75201,US,Marketing,active,2024-06-05
811f5131-346f-f5d0-c2dd-c5d8a3d02e51,Deborah,Jones,deborah.jones@gmail.com,+1-758-782-8804,1961-09-07,27 Lake Dr,Phoenix,AZ,85001,US,Marketing,active,2024-12-21
196d3d73-eaf1-ea4b-f4ca-11cd24250f11,Margaret,Johnson,margaret.johnson@outlook.com,+1-206-134-5690,1962-12-28,6673 Lake Dr,Phoenix,AZ,85001,US,Legal,active,2024-03-03
2ce0603e-4cb1-7d08-504f-b7a76e7e2094,John,Brown,john.brown2@icloud.com,+1-555-793-6425,1984-09-22,7102 Park Blvd,San Jose,CA,95101,US,Sales,active,2024-03-20
18398c5e-ce70-0666-4880-8d7d442ab2d4,Patricia,Mitchell,patricia.mitchell@example.com,+1-671-190-1289,1996-03-10,5689 Park Blvd,Austin,TX,73301,US,Legal,active,2024-10-24
773356c1-086f-9afd-d5df-934792c91165,Barbara,Flores,barbara.flores@yahoo.com,+1-209-953-7224,1993-10-28,4116 Lake Dr,Columbus,OH,43085,US,Sales,active,2024-06-25
aabb0de9-9366-6707-e7c6-f661a1f9501c,Dorothy,Roberts,dorothy.roberts@example.com,+1-875-441-2353,1985-03-10,7572 Elm St,San Antonio,TX,78201,US,Sales,active,2024-05-15
afe5a779-01dd-95e7-b29b-44cb32049bc9,Donald,Johnson,donald.johnson2@gmail.com,+1-657-500-3125,1983-05-17,7572 Cedar Ln,San Jose,CA,95101,US,Sales,active,2024-06-07
b25e91cb-27ee-b6c8-3bf6-76068ef9f64b,Paul,Hernandez,paul.hernandez@hotmail.com,+1-604-880-3642,1969-09-08,2089 Elm St,San Jose,CA,95101,US,Engineering,inactive,2024-04-10
230f7d44-bd78-da81-ae1e-68e4bf1d767a,Dorothy,Wilson,dorothy.wilson@hotmail.com,+1-437-977-1046,2000-06-07,1169 Pine Rd,San Diego,CA,92101,US,Product,active,2024-07-16
fa549ee0-9a2b-fc15-cb40-687e0e62e727,Nancy,Roberts,nancy.roberts2@gmail.com,+1-534-857-5835,1983-10-14,1395 Elm St,San Diego,CA,92101,US,Sales,active,2024-04-19
c1701ee4-46b8-588e-0505-561dee6299d0,Ashley,Miller,ashley.miller@gmail.com,+1-476-321-4568,1991-01-18,588 Elm St,Houston,TX,77001,US,Engineering,suspended,2024-09-02
68ac6aca-d6bb-f24c-9474-4954a9e24323,Emily,Nguyen,emily.nguyen@yahoo.com,+1-913-120-1898,1961-11-03,8668 Lake Dr,Dallas,TX,75201,US,Product,suspended,2024-05-22
29aa93f5-27ce-58e8-4d9d-045eabb08a67,Dorothy,Sanchez,dorothy.sanchez@outlook.com,+1-559-289-8608,1983-05-22,7207 Park Blvd,Austin,TX,73301,US,Operations,inactive,2024-06-12
7e62f267-7e87-dff8-2ce7-733d94d126ae,Brian,Ramirez,brian.ramirez3@outlook.com,+1-549-123-2416,1966-05-08,9880 Cedar Ln,San Jose,CA,95101,US,Sales,active,2024-03-23
c3561acd-2fe0-f6a1-dbac-fbb0233ae530,Anthony,Lewis,anthony.lewis@outlook.com,+1-377-192-7952,1972-07-12,6315 Main St,Nashville,TN,37201,US,Operations,active,2024-04-17
2e7f23b7-49a9-c27a-b065-89db136209c4,Michael,Moore,michael.moore@icloud.com,+1-964-122-4643,1980-03-10,5213 Lake Dr,Seattle,WA,98101,US,Legal,inactive,2024-10-08
621cd408-8470-2ee3-3ed1-7f3096ef471c,Linda,Lopez,linda.lopez@outlook.com,+1-928-318-7144,1973-01-01,2402 Cedar Ln,Los Angeles,CA,90001,US,Marketing,inactive,2024-06-21
7bade159-e9b2-59ba-4c2c-39d1a1b7f5d9,Daniel,Wilson,daniel.wilson@yahoo.com,+1-679-765-8073,1968-12-22,3567 Main St,Charlotte,NC,28201,US,Product,active,2024-09-12
a1232bc8-cf85-13c7-ec7d-59b14cce5645,Steven,Martinez,steven.martinez@hotmail.com,+1-597-976-2111,1975-12-23,5658 Lake Dr,Columbus,OH,43085,US,Finance,active,2024-11-08
44b18939-eb73-17c7-1a57-3620ee51a679,Amanda,Young,amanda.young2@icloud.com,+1-885-892-6111,1983-08-30,2079 Cedar Ln,Austin,TX,73301,US,Product,suspended,2024-08-14
141d5dc7-6555-0121-511c-b12806098bc9,Linda,Flores,linda.flores@gmail.com,+1-301-833-6687,1974-01-19,5785 Elm St,Charlotte,NC,28201,US,Marketing,active,2024-08-10
c156249b-cb94-3a4c-66c3-51df856cd061,Joshua,Green,joshua.green@icloud.com,+1-820-993-7244,1985-03-24,1711 Oak Ave,Houston,TX,77001,US,Operations,suspended,2024-09-20
204602dd-d578-8ef6-7039-ac7c80b743d9,Mary,Jones,mary.jones2@hotmail.com,+1-806-567-1128,1992-12-03,1298 Maple Dr,Chicago,IL,60601,US,Product,suspended,2024-04-21
0f6d6836-2fa5-65f5-42c4-ca3ddf894357,Linda,Thompson,linda.thompson@hotmail.com,+1-599-149-7132,1989-01-27,1134 Oak Ave,Philadelphia,PA,19101,US,Product,suspended,2024-08-14
dab7fdcc-26f4-c8ac-c38a-3adf556d4906,Donna,Smith,donna.smith@outlook.com,+1-615-997-3054,1971-01-26,1101 Pine Rd,Dallas,TX,75201,US,Legal,active,2024-10-24
083c1697-1af9-5401-b4ce-684e7f20ac12,James,Hall,james.hall@yahoo.com,+1-913-585-5037,1967-10-07,2065 Elm St,San Diego,CA,92101,US,Legal,active,2024-10-27
33ec16af-fb52-93cd-ce91-b9960925d371,William,Davis,william.davis@yahoo.com,+1-506-620-2006,1996-05-30,5319 Park Blvd,San Diego,CA,92101,US,HR,active,2024-02-15
fc5740be-d726-8fab-47a3-761ca76f23a2,William,Roberts,william.roberts@gmail.com,+1-604-314-2092,1988-12-23,1166 Park Blvd,Los Angeles,CA,90001,US,Legal,active,2024-11-03
aebd86eb-051e-7870-598d-42b23590a0e0,Andrew,Wright,andrew.wright@hotmail.com,+1-527-408-5836,1998-03-02,5925 Cedar Ln,Seattle,WA,98101,US,Marketing,suspended,2024-02-08
ee453188-f57e-6f5d-00e9-654871780a92,Michael,Martinez,michael.martinez@outlook.com,+1-791-694-9185,2000-06-18,3164 Pine Rd,San Jose,CA,95101,US,Marketing,active,2024-06-21
41102f77-6969-91ae-daae-115be5fe9ce5,Mary,Perez,mary.perez3@outlook.com,+1-969-594-2795,1980-03-01,9119 Park Blvd,New York,NY,10001,US,Sales,suspended,2024-05-07
554204c2-e0af-e4e0-4bab-057a1690f9ea,Anthony,Scott,anthony.scott@example.com,+1-439-871-5611,1968-07-01,9058 Main St,Houston,TX,77001,US,Legal,active,2024-01-27
fdefbebe-aa9b-a284-58c3-3a05e25aa003,Mark,Carter,mark.carter2@icloud.com,+1-730-383-6394,1992-09-19,8777 Pine Rd,Dallas,TX,75201,US,Engineering,active,2024-03-06
8dd36aa5-1886-7bbc-212f-4f68017b868c,Mark,Campbell,mark.campbell2@hotmail.com,+1-255-533-8107,1990-10-08,7945 Maple Dr,Fort Worth,TX,76101,US,Operations,active,2024-08-19
e38abca5-59d3-3f50-4560-8100e6fb2bdf,Richard,Carter,richard.carter@example.com,+1-325-829-1626,1971-05-31,6646 Lake Dr,San Jose,CA,95101,US,Legal,active,2024-11-05
b94a55b5-3566-8f5b-6a77-5e3f03cf13fd,Robert,Campbell,robert.campbell@gmail.com,+1-483-402-4275,1968-08-16,8028 Oak Ave,Seattle,WA,98101,US,Engineering,suspended,2024-05-06
75cf8665-3aa4-6a18-cfae-89a22f6fb81a,Lisa,Lewis,lisa.lewis@example.com,+1-444-445-4452,1972-02-03,4229 Lake Dr,Jacksonville,FL,32099,US,Sales,active,2024-09-14
d944c6ca-551d-8f2b-e5d7-f7d8294bf6ed,Dorothy,Flores,dorothy.flores@icloud.com,+1-999-326-6515,1967-06-10,431 Maple Dr,San Antonio,TX,78201,US,Sales,inactive,2024-08-09
413a5821-8490-0142-3ae4-e9b931452d7f,Michelle,Sanchez,michelle.sanchez@example.com,+1-703-995-2813,1960-04-30,3600 Lake Dr,Denver,CO,80201,US,Engineering,active,2024-09-16
151f29e3-c9e1-5654-2eb3-795c29a3bfa9,Carol,Rivera,carol.rivera@hotmail.com,+1-899-741-3624,1966-04-19,740 Main St,Austin,TX,73301,US,HR,active,2024-11-05
d3d979e2-ad8a-8f2e-39e1-41c1300fe45a,Susan,Nelson,susan.nelson2@outlook.com,+1-758-590-4453,1962-02-12,9061 Pine Rd,Phoenix,AZ,85001,US,Operations,active,2024-06-27
3d690065-694f-9678-ba42-40dfa9cef0b4,John,Brown,john.brown@yahoo.com,+1-756-303-7601,1974-01-29,6187 Park Blvd,Houston,TX,77001,US,HR,active,2024-07-28
93b66c15-9b12-cf22-1226-aece9dc7fbfe,Lisa,Allen,lisa.allen@hotmail.com,+1-691-655-6260,1973-08-23,1872 Cedar Ln,Nashville,TN,37201,US,HR,active,2024-06-24
309c9c24-7f50-a04c-7f7c-f96463ced67c,Christopher,Thomas,christopher.thomas@example.com,+1-703-973-6165,1986-10-03,9528 Pine Rd,Philadelphia,PA,19101,US,Sales,suspended,2024-04-03
f345f1c9-65c6-9671-1bd9-651464d652cc,Steven,Adams,steven.adams@icloud.com,+1-628-509-4761,1989-06-26,3996 Pine Rd,San Francisco,CA,94102,US,Sales,suspended,2024-01-20
2c179a11-82b9-d513-610e-242e1cc6c6ab,Jennifer,Miller,jennifer.miller@outlook.com,+1-502-720-8608,1992-10-25,7477 Main St,Dallas,TX,75201,US,Operations,active,2024-11-19
6dba40f5-df0d-e66d-f18f-94e5081773e2,Linda,Jones,linda.jones@example.com,+1-580-758-5428,1999-08-24,8095 Park Blvd,Dallas,TX,75201,US,Operations,active,2024-03-14
5b415586-7541-03a8-047e-d8e7e4290f62,Donald,Baker,donald.baker@example.com,+1-431-456-2660,1986-10-14,3282 Cedar Ln,Dallas,TX,75201,US,HR,active,2024-07-06
d886bcc4-6c05-6af8-5340-b3b699c0ba3a,Andrew,Wilson,andrew.wilson@yahoo.com,+1-538-211-6483,1989-11-27,8715 Maple Dr,San Jose,CA,95101,US,Sales,active,2024-01-20
68857196-728d-691e-6d49-98ea914c59dc,Karen,Young,karen.young@hotmail.com,+1-957-938-6964,1975-05-07,7091 Oak Ave,Los Angeles,CA,90001,US,Sales,active,2024-10-18
7c5aab36-61c3-9c13-4ff0-362f18fdc0d4,Carol,Wilson,carol.wilson2@yahoo.com,+1-793-963-7298,1971-08-02,9527 Cedar Ln,San Jose,CA,95101,US,Sales,active,2024-11-06
36945e84-f4a8-2236-7933-4f20ecfdaf5b,Donna,Miller,donna.miller3@outlook.com,+1-971-446-3614,1970-01-13,782 Cedar Ln,Nashville,TN,37201,US,Marketing,active,2024-12-13
d3741d58-e2c1-c800-4390-b4dab0987d19,Brian,Nelson,brian.nelson@icloud.com,+1-469-897-8340,1980-01-30,8589 Park Blvd,Columbus,OH,43085,US,Legal,active,2024-03-01
4042a661-40d5-74d6-9dfc-e498676790c0,Sandra,Jones,sandra.jones2@icloud.com,+1-317-779-9987,1964-05-10,2345 Park Blvd,Chicago,IL,60601,US,Legal,active,2024-09-23
b8573d94-3a70-cd9d-57c3-f85b1d28b88b,Timothy,Robinson,timothy.robinson2@example.com,+1-785-669-8574,1992-01-03,4394 Main St,Los Angeles,CA,90001,US,Operations,active,2024-02-19
9a00dc1c-b2c1-b2e1-e33c-ea03b7c1394a,Robert,Nguyen,robert.nguyen@icloud.com,+1-747-748-6216,1973-06-03,1989 Oak Ave,Denver,CO,80201,US,Legal,active,2024-03-13
4bf093e0-0748-7bc3-4f6f-8b3171a2ae61,Jennifer,Martin,jennifer.martin@yahoo.com,+1-566-183-3749,2000-02-07,2727 Elm St,Phoenix,AZ,85001,US,Finance,inactive,2024-01-18
3949a542-46ad-b754-aef9-3c9a73f092e2,Linda,Brown,linda.brown@example.com,+1-289-669-2910,1975-07-04,607 Main St,San Diego,CA,92101,US,HR,suspended,2024-03-09
aae29e1f-4272-341e-5bd8-5310a06ee5aa,Betty,Williams,betty.williams@gmail.com,+1-870-683-8496,1984-04-25,2928 Park Blvd,Phoenix,AZ,85001,US,Finance,active,2024-11-11
d73ad9bc-713e-7112-6ffc-f3986f5022f6,Patricia,Allen,patricia.allen@gmail.com,+1-254-374-3118,1984-10-31,9473 Elm St,New York,NY,10001,US,Legal,suspended,2024-01-07
26537783-4557-15bc-6329-bfd9d5a19fbc,Christopher,Moore,christopher.moore2@example.com,+1-963-768-9654,1997-03-29,2601 Cedar Ln,Los Angeles,CA,90001,US,Operations,suspended,2024-09-09
b7d2d49a-89a8-29aa-1425-77ada9af3a05,Paul,Allen,paul.allen@hotmail.com,+1-628-389-9493,1987-12-12,4628 Oak Ave,Fort Worth,TX,76101,US,Sales,active,2024-03-08
344927b3-a4a7-4bd2-e51e-32b29a2d7598,Charles,Torres,charles.torres2@hotmail.com,+1-975-611-1693,1975-09-16,6421 Maple Dr,Los Angeles,CA,90001,US,Legal,active,2024-04-11
d89a8c5f-3eeb-89c3-1c62-fbc416d37c76,William,Sanchez,william.sanchez@outlook.com,+1-730-914-9744,1977-02-11,7770 Main St,San Antonio,TX,78201,US,Operations,inactive,2024-02-28
ea905ba4-5fac-c09e-bb99-7da47f5be781,Margaret,Hernandez,margaret.hernandez@icloud.com,+1-509-615-9075,1972-07-26,733 Main St,San Francisco,CA,94102,US,Product,active,2024-07-04
ce0dfb62-fbe5-774d-3eab-fda283b3a8f1,Sarah,Harris,sarah.harris@icloud.com,+1-724-991-6774,1972-07-16,6635 Main St,Nashville,TN,37201,US,Marketing,inactive,2024-07-17
553b7db7-9a74-d230-86d6-dc2f7080e20d,Lisa,Scott,lisa.scott@hotmail.com,+1-436-850-3246,1995-03-20,5029 Lake Dr,Charlotte,NC,28201,US,Operations,active,2024-10-07
902a3cf3-9216-d408-9ca2-a477dfdf52bc,John,Anderson,john.anderson2@example.com,+1-413-228-7194,1963-05-27,354 Cedar Ln,Fort Worth,TX,76101,US,Product,active,2024-11-12
f2439887-d6f4-ab87-f8bf-7eb0de0f0854,George,Lewis,george.lewis2@example.com,+1-957-293-7438,1965-12-10,8767 Cedar Ln,San Jose,CA,95101,US,Legal,suspended,2024-01-22
89c46711-526a-f5bc-6eed-692b8cc2b0c5,Susan,Lewis,susan.lewis2@gmail.com,+1-757-121-8472,1963-04-07,4668 Park Blvd,Charlotte,NC,28201,US,Marketing,active,2024-01-09
3898e9db-63cc-0716-6f21-6d4d5148d3bf,Anthony,Perez,anthony.perez@outlook.com,+1-906-494-4436,1976-12-12,6402 Cedar Ln,Austin,TX,73301,US,Marketing,active,2024-10-05
f7d3534d-48bf-00d0-e7c2-2c8c0ee0cd32,Kevin,Rodriguez,kevin.rodriguez@yahoo.com,+1-973-287-2586,1998-08-16,929 Cedar Ln,San Antonio,TX,78201,US,Legal,suspended,2024-12-19
f02a2faa-9014-9ac6-722b-80d189800ffc,Kimberly,Lopez,kimberly.lopez@gmail.com,+1-933-854-4521,1988-10-29,8166 Main St,San Jose,CA,95101,US,Marketing,active,2024-04-07
bd7aff93-37bc-fcdf-bea4-5a9bee82b56f,Lisa,Roberts,lisa.roberts2@hotmail.com,+1-706-744-8719,1996-06-01,5686 Main St,Denver,CO,80201,US,Marketing,active,2024-10-05
1163bec0-0628-a4ff-e353-a060279efe29,Emily,Baker,emily.baker@icloud.com,+1-439-314-8273,1987-10-09,238 Pine Rd,Phoenix,AZ,85001,US,Operations,inactive,2024-05-23
78f5d15f-efd8-bec8-b95e-7269ec8b29e9,James,Nelson,james.nelson@icloud.com,+1-922-403-2282,1962-03-19,1325 Cedar Ln,Austin,TX,73301,US,Sales,suspended,2024-03-07
25d49b63-d715-92b2-8bc8-d9013d529634,Anthony,Nguyen,anthony.nguyen@hotmail.com,+1-991-543-4674,1987-12-15,1435 Cedar Ln,San Jose,CA,95101,US,Engineering,active,2024-12-22
bfe2e249-6f07-b1c4-eaf6-d28e3c343057,Susan,Thomas,susan.thomas@icloud.com,+1-666-865-4255,1997-04-04,6629 Oak Ave,San Antonio,TX,78201,US,HR,active,2024-05-16
e6f302ce-e385-2f22-5d63-b713e29d9f4f,Carol,Clark,carol.clark@gmail.com,+1-630-189-6235,1972-12-10,8781 Oak Ave,Nashville,TN,37201,US,Marketing,active,2024-01-13
f3376449-cc7a-c319-26b0-4819e5eade18,Brian,Flores,brian.flores2@icloud.com,+1-792-288-3689,1989-09-02,3866 Oak Ave,San Jose,CA,95101,US,Legal,suspended,2024-10-23
25ae006c-a648-362e-a4ed-87f135d9731d,Lisa,Rivera,lisa.rivera@example.com,+1-242-165-1635,1986-01-21,9168 Oak Ave,San Francisco,CA,94102,US,Engineering,inactive,2024-03-08
84d23412-7097-9e67-bd88-f63dff1ce58e,Barbara,Campbell,barbara.campbell@yahoo.com,+1-442-920-1567,1973-06-16,1486 Pine Rd,Indianapolis,IN,46201,US,HR,active,2024-01-17
7c5aa5dd-3f87-03c5-56db-b0b126c6c6ff,Paul,Wilson,paul.wilson@outlook.com,+1-498-241-5369,1971-03-26,9800 Pine Rd,Dallas,TX,75201,US,Marketing,inactive,2024-09-11
216e5cd6-9571-2336-3713-b7b627c17c4a,Kimberly,Taylor,kimberly.taylor@hotmail.com,+1-719-786-4109,1961-12-10,1337 Main St,Indianapolis,IN,46201,US,Marketing,active,2024-08-03
71d3a385-97bf-3506-bd2b-a47d3d723ab5,Joshua,Garcia,joshua.garcia@gmail.com,+1-987-691-3866,1988-10-05,3930 Pine Rd,San Jose,CA,95101,US,Marketing,active,2024-11-24
63d9e205-afd6-6de4-9b5f-41275270481c,Barbara,Martin,barbara.martin@yahoo.com,+1-408-208-1917,1962-01-24,6170 Maple Dr,Jacksonville,FL,32099,US,Product,suspended,2024-05-10
ebc7021a-ac47-2c44-d57c-1c576e9204fe,Robert,Scott,robert.scott@hotmail.com,+1-752-725-7799,1995-04-30,1433 Lake Dr,Charlotte,NC,28201,US,Product,suspended,2024-08-23
2b8e6963-4d27-b069-0514-6e32de67ed32,Elizabeth,Torres,elizabeth.torres2@hotmail.com,+1-986-700-9067,1992-06-21,6013 Oak Ave,Phoenix,AZ,85001,US,Engineering,active,2024-12-10
5816002d-2669-6a5c-f2a9-7aa4ba3b4112,Robert,Brown,robert.brown@example.com,+1-806-750-3932,1983-08-24,3467 Main St,New York,NY,10001,US,Product,active,2024-02-04
1e6e214b-e566-8c8e-5333-f19ed6cb960a,Donald,Clark,donald.clark@icloud.com,+1-527-255-9274,1997-11-25,8419 Main St,Philadelphia,PA,19101,US,Engineering,active,2024-10-14
0b074323-d7d3-0613-5f96-a3790628b83b,Mary,White,mary.white3@outlook.com,+1-718-407-6475,1985-04-18,1428 Lake Dr,Columbus,OH,43085,US,Engineering,active,2024-03-26
86126a36-e3c3-e936-0598-6daad6f663e7,Patricia,Carter,patricia.carter@outlook.com,+1-650-672-9897,1969-06-13,7230 Elm St,Indianapolis,IN,46201,US,Sales,inactive,2024-04-06
adc10846-3b10-f93a-3ba1-64931d9be01e,David,Mitchell,david.mitchell@icloud.com,+1-396-429-1892,1973-04-04,2868 Oak Ave,Dallas,TX,75201,US,Engineering,active,2024-08-24
8aef2323-5152-0916-36eb-e3cfd34b906b,Donald,Smith,donald.smith@gmail.com,+1-342-303-6417,1970-09-15,385 Park Blvd,Phoenix,AZ,85001,US,Sales,inactive,2024-05-22
f053526e-8210-703c-e4d5-53f70da4b892,Jennifer,Mitchell,jennifer.mitchell2@outlook.com,+1-743-306-3741,2000-04-02,8316 Park Blvd,Indianapolis,IN,46201,US,Engineering,active,2024-02-13
b699dc57-cf02-8be2-3847-2b9f4796ccf4,Michael,Martin,michael.martin2@yahoo.com,+1-511-698-2839,1997-08-23,8242 Maple Dr,Austin,TX,73301,US,HR,active,2024-11-11
32238e9d-3b8d-07ac-b930-b1254b8b4d2d,Mark,Campbell,mark.campbell2@outlook.com,+1-436-157-5460,1988-02-02,264 Cedar Ln,Columbus,OH,43085,US,Engineering,active,2024-09-25
3c77b9fc-598d-32a8-fc4b-f5998375b370,Jennifer,Allen,jennifer.allen2@gmail.com,+1-551-103-8042,1989-09-21,2056 Maple Dr,Jacksonville,FL,32099,US,Operations,suspended,2024-11-02
91c4385d-f710-a7a0-1021-745d9cbca1ad,George,Mitchell,george.mitchell@icloud.com,+1-870-972-5120,1972-05-18,3936 Lake Dr,Nashville,TN,37201,US,Finance,active,2024-04-03
5a5449a5-db2a-05e9-dc21-7d0cbdb93de6,Elizabeth,Flores,elizabeth.flores@yahoo.com,+1-544-512-6587,1977-02-02,972 Maple Dr,San Francisco,CA,94102,US,Sales,active,2024-11-18
f4214026-7ef5-7e55-c165-c3d14c0f56e0,Mary,White,mary.white2@yahoo.com,+1-890-791-3506,1991-09-13,7372 Elm St,Seattle,WA,98101,US,Marketing,active,2024-03-25
5ea56ff6-aeea-ff14-3059-db618bd06951,Melissa,Moore,melissa.moore@hotmail.com,+1-808-201-5178,1963-05-30,7124 Oak Ave,Austin,TX,73301,US,Sales,active,2024-02-24
39cf2df9-edd4-09d5-81a6-6083e792ba1d,Thomas,Williams,thomas.williams@example.com,+1-481-118-1090,1986-06-13,7369 Lake Dr,Charlotte,NC,28201,US,Marketing,inactive,2024-11-02
c682aa52-386d-0d34-bb8a-033ccdee9017,Michael,Mitchell,michael.mitchell2@gmail.com,+1-312-974-8230,1992-07-12,3959 Pine Rd,Seattle,WA,98101,US,Product,active,2024-03-04
dd1be142-76d4-92b5-c941-4c4f9ddd7939,Nancy,White,nancy.white@yahoo.com,+1-528-306-2666,1998-02-12,8099 Elm St,San Diego,CA,92101,US,Sales,suspended,2024-07-04
abb59951-a41b-5e70-e5c1-3db7e5caf474,Elizabeth,Nelson,elizabeth.nelson@yahoo.com,+1-248-133-3207,1961-01-12,5125 Cedar Ln,Dallas,TX,75201,US,Legal,active,2024-09-03
8f85e451-2537-b2e9-2f5e-e4ff0b8c8219,Paul,Anderson,paul.anderson@outlook.com,+1-684-864-5380,1988-08-31,210 Lake Dr,Los Angeles,CA,90001,US,Operations,inactive,2024-12-17
efe8e618-8fac-6a8e-a0d6-94c114c0f979,George,Taylor,george.taylor@yahoo.com,+1-889-138-3622,1975-07-16,7108 Pine Rd,San Diego,CA,92101,US,Sales,active,2024-11-10
3b86fb86-b8d1-a219-633d-66f712990b0a,Emily,Rodriguez,emily.rodriguez@icloud.com,+1-926-385-5676,1973-04-27,8048 Lake Dr,San Francisco,CA,94102,US,Sales,inactive,2024-11-20
26953abf-d1c4-03b5-dbc8-2d26abf6dd5c,Anthony,Flores,anthony.flores@example.com,+1-205-454-7040,1987-09-15,1320 Elm St,San Antonio,TX,78201,US,Legal,active,2024-05-27
9f9dd190-4009-b382-3818-1d7e4a196dcd,Daniel,Rivera,daniel.rivera@yahoo.com,+1-478-668-2828,1960-06-30,5926 Maple Dr,San Diego,CA,92101,US,Product,suspended,2024-08-10
f98352e9-1c84-4d96-34ce-1451f3a60fd2,Charles,Anderson,charles.anderson2@yahoo.com,+1-469-745-1185,2000-08-30,2340 Main St,Indianapolis,IN,46201,US,Finance,active,2024-01-18
a4949789-1dbc-d441-11fa-ac50173f3ed4,Michael,Baker,michael.baker2@gmail.com,+1-506-112-9053,1987-03-28,5642 Elm St,San Diego,CA,92101,US,Legal,suspended,2024-07-06
f1d3babf-bc78-cb61-bd4e-d4874e3f86e9,Robert,Clark,robert.clark@yahoo.com,+1-494-339-1972,1982-09-11,5466 Cedar Ln,Dallas,TX,75201,US,HR,active,2024-11-16
253e9d9b-8dfa-8e6a-3aac-ac45e53b4994,Lisa,Thompson,lisa.thompson@gmail.com,+1-740-750-9737,1966-08-18,9148 Oak Ave,San Francisco,CA,94102,US,Product,active,2024-04-15
c5e8417d-db46-95d5-890e-b45583f1525e,Michelle,Garcia,michelle.garcia3@icloud.com,+1-229-602-4698,1990-09-08,2352 Lake Dr,Austin,TX,73301,US,Marketing,active,2024-07-08
850f6ab7-d093-2803-6f4e-8fa44e32a769,Daniel,Perez,daniel.perez@outlook.com,+1-624-319-9896,1983-12-15,7273 Maple Dr,Phoenix,AZ,85001,US,Engineering,active,2024-03-07
42f74a66-9c0e-677c-4feb-74d20f8001ec,Dorothy,Anderson,dorothy.anderson@yahoo.com,+1-444-997-3303,1981-08-06,7814 Pine Rd,Phoenix,AZ,85001,US,Engineering,active,2024-07-12
ed4bf27b-8f49-1d8b-5de0-79a443268a96,Lisa,Scott,lisa.scott2@outlook.com,+1-251-269-4860,1968-02-06,4061 Oak Ave,Nashville,TN,37201,US,Engineering,suspended,2024-02-17
bf0c5970-5366-37f3-d158-811f061c0ef0,Daniel,Adams,daniel.adams@outlook.com,+1-898-905-2522,1992-09-25,4148 Cedar Ln,Seattle,WA,98101,US,Sales,inactive,2024-04-16
a81c3cad-425b-8db7-92bd-f62196172f2a,Kenneth,Roberts,kenneth.roberts@outlook.com,+1-486-609-2493,1962-01-25,8752 Oak Ave,Denver,CO,80201,US,Finance,active,2024-05-25
184dab14-68bb-59d3-f836-c96448f74721,John,Clark,john.clark@yahoo.com,+1-437-321-6752,1992-05-25,4271 Lake Dr,Chicago,IL,60601,US,Finance,active,2024-08-02
b08d9e12-c007-c979-d267-0d8ec143069e,David,Roberts,david.roberts@outlook.com,+1-600-295-5764,1975-07-28,9002 Oak Ave,Austin,TX,73301,US,HR,active,2024-11-12
ea4d3e34-7339-4e70-bf46-29870e77f2f6,Sandra,Robinson,sandra.robinson@example.com,+1-457-678-3212,1985-01-16,2360 Cedar Ln,Houston,TX,77001,US,Product,inactive,2024-06-05
0006ed7c-97ea-c38b-1b38-d540424e62d8,Paul,Green,paul.green2@outlook.com,+1-724-875-3957,1988-08-27,7337 Pine Rd,Houston,TX,77001,US,Operations,inactive,2024-05-12
7ce33348-048e-7dd2-5f16-51d6fee97df3,Anthony,Thompson,anthony.thompson2@icloud.com,+1-639-991-4118,1966-09-26,3718 Lake Dr,Nashville,TN,37201,US,Finance,inactive,2024-05-28
4ac173ad-191c-a696-2e46-6caa1cbbfd66,Deborah,Gonzalez,deborah.gonzalez2@outlook.com,+1-603-349-1868,1982-03-23,8177 Main St,San Diego,CA,92101,US,Engineering,suspended,2024-06-17
ec5d66f5-8a0f-9ff0-e290-cb13c043fc22,Susan,Johnson,susan.johnson2@outlook.com,+1-601-322-3444,1994-08-09,3928 Oak Ave,Philadelphia,PA,19101,US,Engineering,active,2024-07-12
9a6ad6a0-4a8f-fd65-aed8-012743a2b459,Brian,Lee,brian.lee3@hotmail.com,+1-404-505-7446,1981-05-26,8037 Cedar Ln,San Jose,CA,95101,US,Operations,active,2024-02-13
81f01ed7-d547-45f9-e960-2cb62abfa89f,Mary,King,mary.king@yahoo.com,+1-806-567-5576,1962-01-26,62 Cedar Ln,San Jose,CA,95101,US,Finance,active,2024-10-23
32459db3-efdf-b089-9974-41d7ca00ba1d,Brian,Sanchez,brian.sanchez@outlook.com,+1-572-324-6504,1996-02-12,6383 Maple Dr,Indianapolis,IN,46201,US,Marketing,active,2024-05-05
868ca167-f46e-132a-14c0-f2e2d860cb3c,Amanda,Clark,amanda.clark@yahoo.com,+1-751-717-3588,1980-05-22,6710 Lake Dr,Columbus,OH,43085,US,Engineering,active,2024-04-14
cac06ea4-2fb6-695f-3802-363e707439f1,Robert,Nguyen,robert.nguyen@gmail.com,+1-345-223-8497,1977-05-18,7338 Elm St,Columbus,OH,43085,US,HR,active,2024-05-09
39bf468b-5775-29ae-47b2-d92ec49e2d01,Ashley,Walker,ashley.walker@example.com,+1-429-553-7345,1961-01-30,9647 Lake Dr,Philadelphia,PA,19101,US,Marketing,inactive,2024-03-15
0ccd1516-e7d0-e077-a894-644668cdf597,Betty,Martinez,betty.martinez@outlook.com,+1-971-510-4617,1985-10-26,633 Main St,San Diego,CA,92101,US,Legal,suspended,2024-09-06
80078fdf-7950-c6fe-1383-ac6ae0161c68,Susan,Rivera,susan.rivera2@yahoo.com,+1-702-872-4351,1986-02-05,5980 Park Blvd,Seattle,WA,98101,US,Finance,suspended,2024-03-03
62501d1d-bde6-d77f-1a7e-a69dc0fbba4e,Michael,Allen,michael.allen@hotmail.com,+1-345-492-9617,2000-04-09,7821 Lake Dr,Seattle,WA,98101,US,Finance,active,2024-12-22
c7e08447-4cd3-2c6c-4c83-b19a3652b8c4,Linda,Brown,linda.brown@outlook.com,+1-621-635-6622,1980-09-25,33 Main St,Nashville,TN,37201,US,HR,inactive,2024-10-22
a5bf5b50-da5b-2bf4-3bed-453a95ddb09e,Thomas,Robinson,thomas.robinson2@example.com,+1-608-894-2624,1967-05-05,6357 Park Blvd,Denver,CO,80201,US,Sales,suspended,2024-01-18
621ec742-e1bf-b697-fd9a-639f8a28a9ea,Mark,Torres,mark.torres@yahoo.com,+1-437-762-7993,1977-08-29,8027 Lake Dr,Denver,CO,80201,US,Product,active,2024-10-13
04ba5547-02ef-c3f3-672c-c83a3d1a508d,Matthew,Anderson,matthew.anderson2@outlook.com,+1-663-469-7025,1981-04-24,184 Pine Rd,Phoenix,AZ,85001,US,Engineering,suspended,2024-05-04
1904774e-0d06-d7b8-92de-882b80213a4f,Amanda,Gonzalez,amanda.gonzalez@icloud.com,+1-267-570-6199,1995-01-10,2445 Maple Dr,San Diego,CA,92101,US,Engineering,inactive,2024-10-01
897b3686-b9dd-b571-b9f0-b2e780a5e3ef,Ashley,Walker,ashley.walker2@example.com,+1-896-511-3025,1989-06-16,8463 Maple Dr,Denver,CO,80201,US,Operations,inactive,2024-12-03
00f036b0-a40b-1790-8d61-79ba2bccef52,Anthony,Ramirez,anthony.ramirez@outlook.com,+1-334-674-1428,1999-10-24,2372 Maple Dr,Los Angeles,CA,90001,US,Sales,active,2024-05-27
d3dcdac2-b2ec-3f4f-7914-ccf717ad2f96,Matthew,Ramirez,matthew.ramirez2@gmail.com,+1-568-675-8092,1974-08-12,6521 Park Blvd,Columbus,OH,43085,US,Sales,inactive,2024-06-16
c10f3ed9-3276-df06-337b-9b2087a94f0f,Patricia,Martin,patricia.martin@yahoo.com,+1-784-279-4239,1996-06-11,8554 Pine Rd,Seattle,WA,98101,US,Engineering,suspended,2024-10-23
413cef40-c426-9e6c-67bc-910b7486efb6,Linda,Lopez,linda.lopez@hotmail.com,+1-789-671-6985,1963-06-26,7337 Lake Dr,Nashville,TN,37201,US,HR,active,2024-08-07
e3bccb23-ae22-a98f-ae9f-43ceadd8abeb,Christopher,Torres,christopher.torres@icloud.com,+1-667-126-6274,1962-06-24,4915 Lake Dr,Dallas,TX,75201,US,Sales,active,2024-10-05
69b0983d-f350-e590-9652-50ee2444d471,Margaret,Moore,margaret.moore2@hotmail.com,+1-670-834-5115,1996-03-05,7723 Oak Ave,Austin,TX,73301,US,Marketing,inactive,2024-07-18
ecb60a42-075b-359e-0bc7-e4b8f1c1ffc1,John,Young,john.young2@yahoo.com,+1-281-558-8717,1992-07-28,7699 Park Blvd,Houston,TX,77001,US,Product,active,2024-01-06
c5e18259-4ed6-2ef1-6e1a-740ab3460b86,David,Smith,david.smith@gmail.com,+1-333-322-9382,1990-11-26,2733 Maple Dr,San Diego,CA,92101,US,Finance,active,2024-06-06
f8c72774-428a-6ff2-fe09-95e02a4a23a1,Barbara,Johnson,barbara.johnson@icloud.com,+1-544-770-7576,1964-07-19,3047 Oak Ave,San Jose,CA,95101,US,Sales,active,2024-03-12
306f09f7-e24f-922f-1468-968d1b1cff87,Thomas,Adams,thomas.adams@gmail.com,+1-782-905-7598,1971-05-01,5461 Pine Rd,Denver,CO,80201,US,Operations,active,2024-06-23
8f7cce9f-9d0a-f469-b768-02fe6a6c9c65,Christopher,Miller,christopher.miller@hotmail.com,+1-425-531-5967,1974-05-01,9863 Elm St,Fort Worth,TX,76101,US,Engineering,suspended,2024-11-06
f90510ac-ad2a-583e-5ee8-b6057b69303a,Anthony,Martinez,anthony.martinez@icloud.com,+1-702-256-1972,1996-04-14,3140 Oak Ave,Nashville,TN,37201,US,HR,active,2024-01-13
f0ef857c-5dbf-0152-f27a-22ca801a6259,Michael,Martin,michael.martin3@yahoo.com,+1-741-691-5751,1982-11-20,7419 Main St,Philadelphia,PA,19101,US,Engineering,inactive,2024-10-19
c9c54633-3918-8442-20eb-a26f90eeeec4,George,Mitchell,george.mitchell2@icloud.com,+1-683-173-1980,1984-10-04,4225 Pine Rd,Houston,TX,77001,US,Engineering,inactive,2024-02-22
9d489a43-f4d2-7a14-8a59-07026c84d643,Michael,Anderson,michael.anderson2@example.com,+1-255-997-7307,1971-05-22,8725 Lake Dr,Columbus,OH,43085,US,Operations,suspended,2024-01-07
c9a9d9a6-9e2e-21d1-7be3-db8dd8e84d5c,Joshua,Miller,joshua.miller@yahoo.com,+1-238-444-4130,1995-09-15,8870 Lake Dr,Charlotte,NC,28201,US,Operations,active,2024-12-23
f5f86392-406f-c781-c2ba-3933baed91f9,Steven,Hall,steven.hall@icloud.com,+1-384-957-8397,1969-07-09,882 Cedar Ln,Austin,TX,73301,US,Legal,inactive,2024-04-08
f43b4627-aaee-37ac-4195-a84f17247b00,Steven,Smith,steven.smith2@gmail.com,+1-398-268-7845,2000-08-01,5119 Pine Rd,Dallas,TX,75201,US,Marketing,active,2024-05-25
def0a59d-b24f-fbac-f820-2857e4c71949,William,Wilson,william.wilson@yahoo.com,+1-899-664-7336,1961-07-03,5969 Park Blvd,New York,NY,10001,US,Sales,active,2024-04-09
2acef9c7-dbe1-be46-4c61-d7ba3aa19b2d,Kimberly,Young,kimberly.young@icloud.com,+1-295-165-5664,1987-08-11,7176 Pine Rd,Chicago,IL,60601,US,Product,inactive,2024-06-28
1be79ff4-4014-69d3-a0c9-3586b551d3d2,Ashley,Anderson,ashley.anderson@yahoo.com,+1-541-529-2146,1963-10-17,7478 Cedar Ln,Austin,TX,73301,US,Marketing,active,2024-05-08
40b02f61-2762-42fe-f49b-f8fc928acbe8,Barbara,Davis,barbara.davis@example.com,+1-685-929-7529,1980-07-20,1871 Lake Dr,Denver,CO,80201,US,HR,active,2024-04-11
623181eb-e8ed-514c-5509-531dc4da657f,Kenneth,Rivera,kenneth.rivera@yahoo.com,+1-733-377-3028,1961-10-02,7356 Maple Dr,Los Angeles,CA,90001,US,Legal,active,2024-05-02
c6054161-fd38-b96f-3a28-4ba51def72aa,Betty,Torres,betty.torres@hotmail.com,+1-386-493-4177,1971-10-14,92 Oak Ave,Austin,TX,73301,US,Operations,active,2024-09-21
97289980-0b79-b535-33bf-480c811f6bee,Timothy,Nguyen,timothy.nguyen2@yahoo.com,+1-355-248-2237,1987-07-06,3679 Cedar Ln,Phoenix,AZ,85001,US,Legal,active,2024-05-22
f8c32a72-68df-70ee-83a6-b448ff79c9a1,Christopher,Hall,christopher.hall2@gmail.com,+1-216-608-3692,1989-01-29,4895 Cedar Ln,San Antonio,TX,78201,US,Engineering,inactive,2024-03-17
d3862288-5e80-bf26-92cf-861423627d23,Sandra,Gonzalez,sandra.gonzalez@outlook.com,+1-319-729-8235,1965-07-16,2391 Elm St,Austin,TX,73301,US,Operations,suspended,2024-07-16
a536deec-0a23-a8b9-dffa-3da8e7773cb4,Donna,Campbell,donna.campbell@yahoo.com,+1-358-584-9406,1977-01-07,6966 Cedar Ln,Houston,TX,77001,US,HR,suspended,2024-08-27
d71c5876-87a7-7338-221f-e89b18783d06,Anthony,Roberts,anthony.roberts@outlook.com,+1-256-518-6711,1993-06-13,5210 Maple Dr,Fort Worth,TX,76101,US,Marketing,active,2024-01-23
558d4025-1c23-ab67-db4c-4ff965d0654d,Joshua,Carter,joshua.carter@outlook.com,+1-591-928-7400,1963-07-19,7733 Elm St,San Antonio,TX,78201,US,Legal,active,2024-04-09
d789ff74-af46-9d86-8951-6fc6a1c38d95,Robert,Davis,robert.davis@yahoo.com,+1-732-168-1140,1966-08-12,4425 Maple Dr,Nashville,TN,37201,US,Finance,suspended,2024-11-22
b05be11e-51cc-8f77-667e-14ca9eb87357,Christopher,Green,christopher.green@yahoo.com,+1-566-396-6823,1980-03-24,706 Elm St,Dallas,TX,75201,US,Operations,active,2024-09-17
3d84d059-4e51-2a7d-0ce0-86f892e05215,Lisa,Hill,lisa.hill@icloud.com,+1-793-903-9989,1977-05-11,7784 Pine Rd,Los Angeles,CA,90001,US,HR,active,2024-01-13
a2bf94f8-9232-a453-08f2-15e9ee5ae131,John,Martinez,john.martinez@hotmail.com,+1-574-710-6037,1993-11-28,795 Elm St,Denver,CO,80201,US,Sales,active,2024-10-17
7706a713-7f3e-5e2a-c578-a5f0cb8ff16c,Andrew,Flores,andrew.flores@gmail.com,+1-710-298-1836,1960-01-15,8736 Oak Ave,Philadelphia,PA,19101,US,Operations,active,2024-01-06
72e5ac50-7706-090d-e80a-3e28cc2ac789,Emily,Anderson,emily.anderson@yahoo.com,+1-262-453-3311,1977-05-17,9247 Lake Dr,San Antonio,TX,78201,US,Sales,active,2024-04-18
a1d1185c-9683-2dba-72e9-7cafb237a0f6,Karen,Miller,karen.miller@example.com,+1-306-906-4675,1997-08-07,2351 Elm St,Phoenix,AZ,85001,US,Finance,active,2024-03-23
c7c92f54-a51d-61bc-c540-10ea42929163,Daniel,King,daniel.king3@icloud.com,+1-906-117-5977,1995-01-22,1294 Park Blvd,San Francisco,CA,94102,US,Sales,inactive,2024-05-06
d5d9e0ca-c348-a936-d713-88fbbe91ed4e,William,Miller,william.miller@yahoo.com,+1-533-408-5449,1963-12-17,5080 Elm St,Houston,TX,77001,US,Engineering,active,2024-11-10
638d2e48-120f-70c2-b0f7-4249adbef178,Timothy,Clark,timothy.clark@example.com,+1-746-195-1057,1960-10-26,8107 Oak Ave,Chicago,IL,60601,US,Finance,inactive,2024-08-22
a177bd2b-a258-8ba4-9ead-70d9f0bd4fe4,Emily,Mitchell,emily.mitchell@hotmail.com,+1-542-197-5973,1960-08-30,6452 Main St,San Diego,CA,92101,US,Legal,active,2024-08-06
c9e66d52-accb-60ff-f0d6-8a972d92ba3f,Patricia,Martin,patricia.martin3@gmail.com,+1-505-109-5649,1988-06-22,4971 Main St,San Diego,CA,92101,US,Marketing,active,2024-02-15
3332323b-4f75-0a96-c1a6-034aa7ef610e,Kimberly,Perez,kimberly.perez@hotmail.com,+1-609-171-5487,2000-05-16,5524 Elm St,San Antonio,TX,78201,US,Engineering,active,2024-03-20
6f4c760c-fa0b-2f06-8765-7d1028d29c08,Mary,Taylor,mary.taylor@yahoo.com,+1-749-992-7960,2000-12-01,7011 Lake Dr,Chicago,IL,60601,US,Legal,active,2024-07-10
ffa5f72a-c37d-8953-34cf-afec3df8d793,Betty,Flores,betty.flores2@icloud.com,+1-354-135-5624,1977-03-03,8568 Oak Ave,San Antonio,TX,78201,US,Product,suspended,2024-06-07
f24cf421-78dd-9af3-866f-24ebb0136c9d,Jennifer,Nguyen,jennifer.nguyen@icloud.com,+1-234-168-5985,1960-01-28,6233 Oak Ave,Nashville,TN,37201,US,Legal,active,2024-11-23
cc986245-443b-ca8f-2120-49a89f16c65e,David,Walker,david.walker@example.com,+1-599-572-9817,1999-12-03,3789 Oak Ave,San Diego,CA,92101,US,HR,inactive,2024-05-06
3cdd7ed3-2cfe-187b-bbe4-b9ec846af755,Lisa,Roberts,lisa.roberts@gmail.com,+1-344-892-5338,1996-04-25,3251 Park Blvd,San Francisco,CA,94102,US,Product,active,2024-12-22
417676a1-282f-f4d8-7df8-ab4a3fc6a4b6,Mark,Baker,mark.baker2@hotmail.com,+1-805-830-3698,1966-08-30,9904 Maple Dr,San Antonio,TX,78201,US,Marketing,active,2024-04-05
a54b820d-9d45-9072-af68-6b0f67247b00,Karen,Smith,karen.smith@hotmail.com,+1-495-513-1329,1983-03-11,5859 Park Blvd,Chicago,IL,60601,US,Sales,inactive,2024-05-12
2afc787b-861a-9188-aa91-302f5bc82112,Mary,White,mary.white@example.com,+1-591-185-8036,1987-09-15,9552 Oak Ave,Columbus,OH,43085,US,Finance,active,2024-04-21
ee46e7e0-8f75-1ffa-56c6-899dc3cd885f,Timothy,King,timothy.king@example.com,+1-248-289-6243,1967-01-02,6422 Maple Dr,Chicago,IL,60601,US,Marketing,suspended,2024-08-09
25aad0d9-4c1d-1f89-0eec-639a4c0c2acd,Donald,Ramirez,donald.ramirez2@gmail.com,+1-472-211-5728,1992-11-11,2400 Park Blvd,San Jose,CA,95101,US,Operations,inactive,2024-03-14
e0f03653-06d1-ca6a-3f0b-f2214c015404,Robert,Sanchez,robert.sanchez@gmail.com,+1-936-127-8187,1978-02-12,2625 Pine Rd,Dallas,TX,75201,US,Legal,inactive,2024-07-23
b4007e0a-9de1-ccd1-37c0-76ead7235c96,James,Thompson,james.thompson@example.com,+1-692-874-9665,1963-03-21,3437 Lake Dr,San Antonio,TX,78201,US,HR,inactive,2024-07-13
c9c23ec1-e936-f11b-7b44-62f9ba5426d7,George,Hill,george.hill@yahoo.com,+1-389-412-3887,1981-03-10,4210 Maple Dr,Indianapolis,IN,46201,US,Legal,suspended,2024-05-26
c537d786-6987-74c3-a3f3-6f787dd7662a,Brian,Jones,brian.jones@yahoo.com,+1-308-236-9268,1989-12-03,2370 Park Blvd,Seattle,WA,98101,US,Marketing,active,2024-05-27
99adabdb-9136-ab79-9bf8-c59a72c36a7e,Amanda,Nguyen,amanda.nguyen@icloud.com,+1-493-774-9274,1980-09-14,1201 Pine Rd,Seattle,WA,98101,US,Engineering,inactive,2024-12-18
02bc7054-b92d-e530-171b-3e86f6b826e2,Linda,Lopez,linda.lopez2@hotmail.com,+1-501-137-7969,1978-01-07,7737 Cedar Ln,Jacksonville,FL,32099,US,Sales,active,2024-09-13
46a195a6-28e3-293e-d9cd-e7e760e09912,Steven,Moore,steven.moore3@icloud.com,+1-671-176-7343,1961-05-09,5693 Park Blvd,Chicago,IL,60601,US,Finance,suspended,2024-12-14
caa1d647-5ad6-3166-1c60-7144434933b6,Christopher,Jones,christopher.jones@yahoo.com,+1-331-614-1431,1975-01-31,7922 Park Blvd,New York,NY,10001,US,HR,inactive,2024-08-01
beb182c6-e28b-8d9c-043b-bafaeb5bf015,Linda,Clark,linda.clark@icloud.com,+1-354-779-4922,1966-03-19,3164 Park Blvd,Fort Worth,TX,76101,US,Sales,inactive,2024-01-13
8a40fc3e-78e3-ae37-cffa-9985355b08dd,Nancy,Roberts,nancy.roberts@yahoo.com,+1-807-438-7342,1963-03-28,2255 Cedar Ln,Seattle,WA,98101,US,Operations,active,2024-04-12
ccbe559f-8b81-ba95-5c01-243f4fb8f88d,Michelle,Jones,michelle.jones@yahoo.com,+1-779-931-7809,1960-11-09,3590 Elm St,Denver,CO,80201,US,Operations,active,2024-05-27
16709094-c9f7-4c62-50e6-7472d3e13f66,Patricia,Perez,patricia.perez2@gmail.com,+1-964-913-1359,1972-06-13,6540 Park Blvd,Los Angeles,CA,90001,US,Product,active,2024-06-18
360d6f15-42d3-3b9d-a42d-97412808ee64,Steven,Williams,steven.williams@icloud.com,+1-793-755-9255,1985-07-06,1397 Elm St,Austin,TX,73301,US,Finance,active,2024-03-12
63f682df-bfbd-3aa5-8afb-46c56965ad3d,Ashley,Brown,ashley.brown@yahoo.com,+1-612-780-1709,1964-10-24,2634 Maple Dr,Houston,TX,77001,US,Marketing,active,2024-10-17
da45f0e4-a96f-6a15-96e7-fa7fa838e8dd,Joshua,Sanchez,joshua.sanchez@outlook.com,+1-296-946-8900,1998-08-03,9043 Oak Ave,Columbus,OH,43085,US,Operations,active,2024-11-25
11a645cf-c7f2-607f-bd89-2a44163370a0,Kimberly,Hall,kimberly.hall@yahoo.com,+1-523-347-4611,1996-01-11,3647 Park Blvd,Fort Worth,TX,76101,US,Product,active,2024-05-19
a49978b8-4b61-0af2-3b97-7d1c0d6d20ef,Richard,Jackson,richard.jackson@hotmail.com,+1-345-540-8629,1970-04-05,8967 Pine Rd,San Jose,CA,95101,US,Operations,inactive,2024-07-24
e4dca9af-13be-046d-a529-17778ff0b740,Robert,Miller,robert.miller@outlook.com,+1-618-103-7273,1977-11-23,5036 Main St,Jacksonville,FL,32099,US,Operations,inactive,2024-09-16
ad121c67-2856-fd1d-8b7d-7044eebefbe1,Margaret,Clark,margaret.clark2@gmail.com,+1-837-490-2571,1981-02-15,4658 Lake Dr,Chicago,IL,60601,US,Finance,active,2024-08-10
b66f200d-bb0f-5aea-7f7e-2d3b993b7d75,Paul,Campbell,paul.campbell@gmail.com,+1-916-237-9130,1980-06-21,3315 Main St,Phoenix,AZ,85001,US,Marketing,suspended,2024-10-14
ce28c1b6-c843-972e-cb8c-93475f7a0ffc,Donna,Nguyen,donna.nguyen2@outlook.com,+1-356-208-8785,1997-09-03,4787 Elm St,Fort Worth,TX,76101,US,Product,active,2024-09-19
8fe1b6f3-6c78-9a94-8d90-2db3cd942ee2,Brian,Wright,brian.wright3@icloud.com,+1-502-946-5969,1968-10-05,3709 Main St,Dallas,TX,75201,US,Product,suspended,2024-05-04
bc8ad1c7-f283-5e38-58e6-2f0bffa0c61e,Karen,White,karen.white2@hotmail.com,+1-939-917-8446,1975-11-12,3228 Oak Ave,Denver,CO,80201,US,Operations,inactive,2024-12-15
6ca4c622-ee06-0a2d-5801-53b01496059f,Andrew,Hill,andrew.hill@hotmail.com,+1-285-292-1349,1983-09-30,2050 Cedar Ln,Phoenix,AZ,85001,US,Sales,inactive,2024-07-07
34c5c3fc-7fd5-a152-9a28-474fc75220c8,Joshua,Garcia,joshua.garcia2@hotmail.com,+1-989-941-8386,1972-09-28,6444 Lake Dr,Nashville,TN,37201,US,Product,active,2024-10-14
ef4531dc-ac9b-1b56-1487-18a0d755db73,Charles,Young,charles.young@gmail.com,+1-693-464-4718,1995-06-13,4362 Main St,Seattle,WA,98101,US,Product,active,2024-11-19
50e9b5ff-7c45-de70-cdab-36c516484392,Kenneth,Flores,kenneth.flores2@hotmail.com,+1-629-323-5639,1965-02-02,4577 Main St,Jacksonville,FL,32099,US,Product,active,2024-03-04
6eecef4e-2ebe-bb6b-ddc0-e5ebc9b4c931,John,Nguyen,john.nguyen@gmail.com,+1-829-525-7876,1996-06-27,7872 Maple Dr,Fort Worth,TX,76101,US,Legal,suspended,2024-12-27
7dfc3668-f9a1-8822-353d-d860ec24edb5,Jessica,Wilson,jessica.wilson3@yahoo.com,+1-404-166-7767,1977-01-05,8465 Maple Dr,Philadelphia,PA,19101,US,HR,active,2024-07-19
b039994d-8e6b-dbec-7904-8f016e3738bc,Steven,Jones,steven.jones2@yahoo.com,+1-829-559-3587,1962-01-02,6916 Lake Dr,Los Angeles,CA,90001,US,Marketing,active,2024-07-19
285dc4a8-12a9-d9cf-03ce-4c76f78aeb86,Jennifer,Green,jennifer.green@outlook.com,+1-833-946-9896,1996-02-22,3464 Pine Rd,Charlotte,NC,28201,US,Operations,active,2024-02-26
0acbd88f-59e7-ea04-1b85-e50caf92d87c,Matthew,Moore,matthew.moore@hotmail.com,+1-201-541-7444,1981-11-12,5690 Maple Dr,New York,NY,10001,US,Operations,active,2024-01-02
666b7496-e252-90a4-825b-693da7513494,Thomas,Lee,thomas.lee@outlook.com,+1-746-983-6498,1991-03-04,2988 Maple Dr,Indianapolis,IN,46201,US,Sales,active,2024-12-02
7a732407-e700-5cf0-9fbc-535eadce74f6,Mary,Roberts,mary.roberts2@hotmail.com,+1-862-562-6010,1992-05-05,1890 Pine Rd,Jacksonville,FL,32099,US,HR,active,2024-11-02
24d835a3-f200-ff0a-4904-d181eb7ac307,Jennifer,Allen,jennifer.allen2@example.com,+1-201-834-7202,1969-06-17,9003 Lake Dr,New York,NY,10001,US,Sales,active,2024-08-01
ca8cba2a-a45b-5e2d-78fc-8716fe8ce2e2,Sarah,Campbell,sarah.campbell@hotmail.com,+1-228-777-2980,1983-07-19,8011 Park Blvd,Columbus,OH,43085,US,Sales,active,2024-02-14
57cc90ec-b24b-c220-63bb-3cfa43e5fee5,Donald,Miller,donald.miller@yahoo.com,+1-719-331-7508,1961-10-29,5977 Main St,San Diego,CA,92101,US,Marketing,inactive,2024-11-14
685fbe1b-cc6b-f4db-6c03-18b53982f87f,Daniel,Wright,daniel.wright2@example.com,+1-919-267-3737,1997-04-22,2509 Main St,Houston,TX,77001,US,Product,active,2024-11-01
df9e751a-0645-3bc9-5d0e-c3ecb2b9ef4e,William,Miller,william.miller2@yahoo.com,+1-784-490-4870,1991-10-22,9868 Pine Rd,New York,NY,10001,US,Legal,suspended,2024-04-10
fbf96d27-ac11-cd6d-c1d8-2e4e019d2ddb,Dorothy,Scott,dorothy.scott2@gmail.com,+1-971-671-3383,1977-10-14,4261 Lake Dr,Dallas,TX,75201,US,HR,active,2024-12-15
1ce7041c-cc56-39dc-48fd-985f4fc8d828,Andrew,Hall,andrew.hall@outlook.com,+1-886-578-7045,1973-12-09,6171 Park Blvd,San Antonio,TX,78201,US,Product,active,2024-10-13
9edc8afb-2e3a-29c6-ef9c-c278956d179b,Elizabeth,Garcia,elizabeth.garcia2@yahoo.com,+1-582-110-2876,1970-07-30,9622 Lake Dr,Philadelphia,PA,19101,US,Product,active,2024-01-25
b4d6ae2e-8095-89f0-ce17-b64dd9ea987d,Richard,Rodriguez,richard.rodriguez@gmail.com,+1-204-669-8529,1975-03-28,2459 Park Blvd,Fort Worth,TX,76101,US,Legal,active,2024-12-11
89000f4d-862f-a096-d852-30323970bb0e,Kevin,Jones,kevin.jones2@example.com,+1-419-795-2012,1987-10-23,9875 Main St,Houston,TX,77001,US,HR,active,2024-11-17
151ba8ab-dc21-ed63-99d9-b8082fc697e7,Jennifer,Sanchez,jennifer.sanchez@example.com,+1-815-348-1160,1997-07-28,4442 Maple Dr,Indianapolis,IN,46201,US,Engineering,active,2024-09-12
c3d5ca0b-1405-66c3-1c6e-31393a2e3141,Emily,Brown,emily.brown@outlook.com,+1-763-549-7448,1981-06-12,5753 Park Blvd,Philadelphia,PA,19101,US,Legal,active,2024-03-09
3f95a389-b310-9fc3-060e-8096ba41adc6,Michael,Hernandez,michael.hernandez2@icloud.com,+1-728-419-3045,1975-01-16,895 Oak Ave,Fort Worth,TX,76101,US,Operations,suspended,2024-10-21
e01b23c2-b0c9-aed5-2d9b-e2d295d7d47d,Amanda,Lopez,amanda.lopez@yahoo.com,+1-477-360-5319,1971-11-14,449 Park Blvd,Philadelphia,PA,19101,US,Product,active,2024-06-19
7d9dfdb7-9747-b2fb-e02d-a0b00d7c79d4,Kenneth,Lopez,kenneth.lopez@example.com,+1-594-817-5545,1966-01-08,8854 Park Blvd,Phoenix,AZ,85001,US,Marketing,suspended,2024-04-24
38290fcb-4b6c-b2b0-1e6b-2ef096872a23,Kimberly,Hernandez,kimberly.hernandez@outlook.com,+1-380-924-2218,1990-11-21,1874 Lake Dr,Austin,TX,73301,US,Sales,active,2024-06-13
a372a0aa-86f4-ae8a-0e32-3e122cc4f7e2,Melissa,Brown,melissa.brown@outlook.com,+1-239-665-7781,1982-12-15,1866 Lake Dr,Chicago,IL,60601,US,Engineering,suspended,2024-08-04
323d6dd7-dcb1-e223-713d-3cf54e9293fd,Richard,Perez,richard.perez2@yahoo.com,+1-353-371-3539,1992-03-24,975 Elm St,San Francisco,CA,94102,US,Legal,active,2024-12-08
06969d78-7a69-d39a-50e0-c0c12fd20944,Margaret,White,margaret.white@icloud.com,+1-704-845-4061,1986-01-14,7856 Maple Dr,Jacksonville,FL,32099,US,Engineering,active,2024-12-14
e83e74ee-cf1e-8678-e24c-83c4c19df9f5,Melissa,Torres,melissa.torres@example.com,+1-273-951-2138,1984-02-19,7169 Maple Dr,Nashville,TN,37201,US,Marketing,active,2024-08-02
e94746f0-62e0-5cc1-17a4-5b837d39f652,Elizabeth,Hall,elizabeth.hall@hotmail.com,+1-906-586-3963,1977-03-05,8152 Main St,Chicago,IL,60601,US,Sales,active,2024-12-10
34dbbf07-88d5-0e58-043c-f64f18f77559,Jennifer,Williams,jennifer.williams@yahoo.com,+1-213-662-4383,1967-04-08,3058 Main St,Columbus,OH,43085,US,Marketing,active,2024-12-08
41550ec8-e5fd-2605-d4f5-a257cec2bf2a,Kenneth,Davis,kenneth.davis2@icloud.com,+1-268-900-6398,1984-01-15,4062 Oak Ave,San Diego,CA,92101,US,Marketing,suspended,2024-10-06
2485ffcf-7670-7b61-968f-3d163af8fa9d,Joseph,Brown,joseph.brown@hotmail.com,+1-781-653-9511,1963-07-29,7732 Maple Dr,San Diego,CA,92101,US,Legal,inactive,2024-02-07
abab24e1-7812-7005-81e9-3b123b7f21cb,Melissa,Williams,melissa.williams@outlook.com,+1-608-616-1368,1998-04-13,9626 Main St,Phoenix,AZ,85001,US,Engineering,inactive,2024-11-24
74ed3b17-e04f-f21d-75e8-02b5b7d05b3d,Sandra,Flores,sandra.flores2@hotmail.com,+1-954-135-8577,1967-01-20,8682 Elm St,San Jose,CA,95101,US,Sales,active,2024-04-27
da004752-5298-e6bb-8602-29a4ea55292d,Deborah,Nguyen,deborah.nguyen@icloud.com,+1-515-169-4699,1968-06-10,2008 Lake Dr,Chicago,IL,60601,US,HR,active,2024-09-22
47fc7a48-40b4-3698-5bcf-f618951959ea,Michelle,Perez,michelle.perez@example.com,+1-374-787-4652,1995-09-01,3362 Pine Rd,Houston,TX,77001,US,HR,active,2024-03-12
1045c7af-ea14-de22-54d0-7d84caf918fc,Amanda,Scott,amanda.scott@example.com,+1-209-638-9601,1976-04-06,9934 Maple Dr,San Francisco,CA,94102,US,Marketing,inactive,2024-02-01
56ecb601-1487-9081-3e4e-fa4f5339f70e,Dorothy,Nelson,dorothy.nelson@hotmail.com,+1-816-955-8100,1984-01-07,4710 Park Blvd,Dallas,TX,75201,US,Engineering,suspended,2024-12-15
7f98c22b-f929-b888-7ef3-81a3dd3807eb,Carol,Rodriguez,carol.rodriguez@outlook.com,+1-538-341-9379,1982-05-27,8963 Oak Ave,Dallas,TX,75201,US,Legal,inactive,2024-09-08
d7fb78ed-cec7-84ae-1466-c6cd8627eaf3,Nancy,Gonzalez,nancy.gonzalez@yahoo.com,+1-933-214-1189,1981-02-25,1940 Park Blvd,Dallas,TX,75201,US,Sales,active,2024-10-17
33979619-fc7d-6137-c4ab-c0e194a5061c,Andrew,Walker,andrew.walker@outlook.com,+1-292-529-2455,1978-11-26,5652 Oak Ave,San Jose,CA,95101,US,Product,active,2024-10-04
47349c2b-e761-ebfa-455a-7cdba1dfa4c9,Amanda,Flores,amanda.flores@gmail.com,+1-549-218-7172,1962-02-11,4729 Maple Dr,Indianapolis,IN,46201,US,Finance,active,2024-07-23
c821fc16-458c-6ecf-a739-a8087a92194b,Margaret,Jones,margaret.jones@icloud.com,+1-730-987-5806,1965-02-20,2687 Elm St,New York,NY,10001,US,Sales,active,2024-07-27
f882633c-e9dd-4606-b6fc-807661fa3357,Sandra,Davis,sandra.davis2@icloud.com,+1-866-920-5856,1962-10-17,7989 Cedar Ln,San Antonio,TX,78201,US,Engineering,suspended,2024-08-12
45f2d7ab-b9d3-0806-2971-5d33342b056c,Richard,Perez,richard.perez@icloud.com,+1-413-437-6919,1985-02-12,1859 Cedar Ln,Denver,CO,80201,US,Finance,active,2024-02-23
3ea4997d-2225-70ec-3245-903644b627d6,Anthony,Mitchell,anthony.mitchell@icloud.com,+1-387-382-7804,2000-09-12,9290 Cedar Ln,Jacksonville,FL,32099,US,Operations,active,2024-02-14
7f2d0b4d-edc2-8400-a82d-201f31f45a7b,Donna,Young,donna.young2@icloud.com,+1-684-593-3586,1995-07-12,878 Pine Rd,San Francisco,CA,94102,US,Finance,suspended,2024-08-28
d88454aa-7722-f634-2447-8e0a45e2cee1,Linda,Allen,linda.allen2@icloud.com,+1-313-855-7159,1990-06-17,6971 Elm St,Seattle,WA,98101,US,Product,active,2024-06-12
34036fe4-df9b-613c-04bc-165c42c56ef6,George,Wilson,george.wilson@icloud.com,+1-472-598-8087,1983-05-15,9795 Park Blvd,Philadelphia,PA,19101,US,HR,active,2024-12-09
ba478d78-9773-811e-9812-fc62f490119a,Karen,Smith,karen.smith2@hotmail.com,+1-507-253-6571,1983-03-23,3552 Maple Dr,Fort Worth,TX,76101,US,Finance,inactive,2024-10-08
d5f20495-ab26-beba-a5cc-005b19194cce,James,Green,james.green@icloud.com,+1-753-601-3864,1963-04-18,1858 Cedar Ln,New York,NY,10001,US,Finance,active,2024-03-02
e2dc9154-728a-a731-5768-de82a591eb58,Brian,Johnson,brian.johnson@outlook.com,+1-368-781-4325,1988-02-17,8797 Park Blvd,Columbus,OH,43085,US,Marketing,inactive,2024-12-02
3e70fee2-da34-bac3-e25e-d56c1ba80c6e,Robert,Wright,robert.wright@hotmail.com,+1-986-845-8064,1986-02-01,4436 Main St,Chicago,IL,60601,US,Product,suspended,2024-06-18
4bda2a5f-0be1-de5d-4f77-8cc7d1ac7521,John,White,john.white@example.com,+1-859-605-8992,1982-12-20,3954 Elm St,Chicago,IL,60601,US,Engineering,active,2024-02-17
3944e152-6348-1e5a-105f-17c54b14469d,Dorothy,Martin,dorothy.martin@icloud.com,+1-386-268-9624,1997-04-18,5125 Elm St,Charlotte,NC,28201,US,Product,active,2024-04-14
e646af78-df18-46da-2595-3e9255ea4bc9,Anthony,Nelson,anthony.nelson@gmail.com,+1-945-906-2519,1970-01-02,8157 Maple Dr,Philadelphia,PA,19101,US,Marketing,active,2024-09-06
12fe89f7-5291-89c0-b352-8c45d00c4557,Paul,Torres,paul.torres@gmail.com,+1-220-258-8428,1961-03-24,1408 Main St,San Diego,CA,92101,US,Operations,suspended,2024-02-09
60822bfa-5534-184c-b54a-55470d20bdd9,Sandra,Green,sandra.green@icloud.com,+1-343-349-4554,1989-12-14,577 Pine Rd,Columbus,OH,43085,US,Legal,suspended,2024-12-23
42d7c266-328d-dd5a-4413-2b8cb9e31afc,Mark,Sanchez,mark.sanchez@icloud.com,+1-858-494-5486,1975-02-08,5323 Maple Dr,San Francisco,CA,94102,US,Operations,active,2024-07-27
3904a036-0ab5-b0af-0286-3337efe7d24b,Susan,Walker,susan.walker@yahoo.com,+1-946-107-5463,1969-11-07,7477 Oak Ave,San Diego,CA,92101,US,Product,inactive,2024-03-08
0bf5a774-d4c8-c396-a53e-7c25beb01de3,Charles,Adams,charles.adams@yahoo.com,+1-323-228-9623,1971-02-06,1461 Pine Rd,Jacksonville,FL,32099,US,Engineering,active,2024-02-03
80aff334-b8f5-380c-a9ed-b4767cf4437e,William,Nguyen,william.nguyen2@outlook.com,+1-304-648-9110,1962-04-24,4785 Oak Ave,Phoenix,AZ,85001,US,HR,inactive,2024-06-14
42be1669-a1b5-9075-0987-3a457e5c09b7,Anthony,Adams,anthony.adams2@yahoo.com,+1-985-806-4861,1961-12-28,7780 Cedar Ln,Charlotte,NC,28201,US,Legal,active,2024-02-09
bd900d9c-6d92-6283-4343-0652bdfa6b79,Jessica,White,jessica.white@yahoo.com,+1-369-229-3496,1975-10-08,8773 Pine Rd,Austin,TX,73301,US,Legal,inactive,2024-07-02
93c0d448-c6b0-4b30-e6e9-1c0ee8281bdd,Patricia,Flores,patricia.flores@hotmail.com,+1-201-689-2494,1995-02-02,2526 Park Blvd,San Jose,CA,95101,US,Marketing,suspended,2024-04-12
de4aaf75-c946-5f18-8b48-101418b9335b,Kimberly,Miller,kimberly.miller@outlook.com,+1-579-737-5870,1973-05-06,930 Main St,Houston,TX,77001,US,HR,suspended,2024-10-26
5e736ba1-902c-96e3-62fa-5ace40015055,Betty,Perez,betty.perez2@hotmail.com,+1-477-786-5458,1984-10-06,9790 Elm St,New York,NY,10001,US,Product,suspended,2024-08-15
0b9f536e-046c-3819-4aae-dc933ef46950,Nancy,White,nancy.white@hotmail.com,+1-283-872-6371,1967-03-13,2188 Maple Dr,Chicago,IL,60601,US,Engineering,active,2024-01-21
cf731584-b7dd-accf-97f4-94b52a3d3bca,Jennifer,Thompson,jennifer.thompson2@gmail.com,+1-476-274-1380,1979-04-23,1610 Maple Dr,Indianapolis,IN,46201,US,Marketing,inactive,2024-03-25
06420aa2-2ffb-63a2-2c8f-15ee41798ff7,Elizabeth,Williams,elizabeth.williams@icloud.com,+1-730-240-5867,1969-12-24,1387 Elm St,San Jose,CA,95101,US,Legal,inactive,2024-12-17
7226d9ca-f5d0-563e-3d4c-90e4b71a0cd7,Donald,Wilson,donald.wilson@outlook.com,+1-352-312-1646,1990-01-10,7487 Cedar Ln,Houston,TX,77001,US,Operations,inactive,2024-02-21
93efc78e-4109-ede3-7762-d02971d3c36b,Susan,Harris,susan.harris@example.com,+1-709-626-6895,1982-06-24,3423 Elm St,Chicago,IL,60601,US,Sales,active,2024-09-11
452f4fa8-509e-d3fc-1eb3-4e27572fb1a9,Jessica,Lee,jessica.lee@outlook.com,+1-307-398-5065,1985-08-04,6898 Main St,Nashville,TN,37201,US,HR,active,2024-09-16
c1bcbbb0-8ef3-5559-4b4e-9a40833ded11,William,Jackson,william.jackson@yahoo.com,+1-614-848-1533,1984-03-31,6983 Pine Rd,New York,NY,10001,US,Marketing,active,2024-05-24
9438ceff-61b7-461d-ad66-2890dddebaea,Barbara,White,barbara.white@example.com,+1-396-354-9140,1985-06-20,5439 Lake Dr,Los Angeles,CA,90001,US,Engineering,active,2024-06-12
56fa5b6f-92a3-ccd2-33bb-72cd6d933d78,Mary,King,mary.king2@icloud.com,+1-733-395-6444,1998-12-07,4450 Elm St,New York,NY,10001,US,Engineering,active,2024-12-22
d8a8b169-0bc1-1008-7b8e-858f3d2aad69,Michelle,Lopez,michelle.lopez@icloud.com,+1-460-585-7732,1975-06-06,8231 Main St,Fort Worth,TX,76101,US,Operations,inactive,2024-09-08
4ed7676f-46c5-6cb2-3cb7-f709869dd92a,Christopher,Brown,christopher.brown@outlook.com,+1-230-286-8500,1996-12-19,5938 Elm St,Houston,TX,77001,US,HR,inactive,2024-11-02
3382d11f-a133-8845-3d83-960d0543fc4b,Linda,Moore,linda.moore@yahoo.com,+1-638-689-5008,1975-03-26,6240 Cedar Ln,Denver,CO,80201,US,HR,active,2024-03-04
0a8b2292-8501-64a7-9211-ce6bc099d021,Linda,Johnson,linda.johnson@outlook.com,+1-843-741-5713,1973-05-15,6373 Main St,Jacksonville,FL,32099,US,Product,active,2024-04-10
6fe0ada3-dded-1786-692a-d3b16c48c9f8,Kenneth,Nguyen,kenneth.nguyen@yahoo.com,+1-402-417-3036,1987-10-27,6804 Park Blvd,New York,NY,10001,US,Engineering,active,2024-12-11
a33bde9a-5620-342c-5bd9-b10742cd5bde,Ashley,Lewis,ashley.lewis@yahoo.com,+1-502-296-7820,1961-10-16,3051 Cedar Ln,Denver,CO,80201,US,Finance,active,2024-10-21
8e291488-0bfe-b31f-b7ea-ece0130c7a15,Susan,Jones,susan.jones@example.com,+1-327-220-1666,1990-10-11,3554 Lake Dr,Phoenix,AZ,85001,US,Legal,active,2024-12-18
c8c7d9b8-99f4-eb9f-8f1c-9563f4ee18f1,Mary,Williams,mary.williams@hotmail.com,+1-728-196-7601,1995-02-06,9044 Lake Dr,Indianapolis,IN,46201,US,Engineering,inactive,2024-07-14
16a2be65-f029-b6e6-323d-0075d2a57ccc,Steven,Nelson,steven.nelson@icloud.com,+1-643-428-1532,1968-12-19,9788 Cedar Ln,San Jose,CA,95101,US,Finance,suspended,2024-02-22
d840486a-1bab-4130-0b6a-3955bf027b83,Elizabeth,Young,elizabeth.young3@yahoo.com,+1-475-155-6897,1987-03-14,4996 Cedar Ln,San Jose,CA,95101,US,Finance,active,2024-07-20
e02df7a9-83e7-aba7-3ec6-d295a80acc8d,Dorothy,Hill,dorothy.hill3@icloud.com,+1-488-354-6186,1981-06-17,3518 Lake Dr,Dallas,TX,75201,US,Sales,active,2024-12-17
4804a28f-856d-bbd5-5e64-5459eface4ba,James,Garcia,james.garcia@outlook.com,+1-784-523-3503,1989-11-18,291 Main St,San Diego,CA,92101,US,Finance,active,2024-04-02
f5b63c71-8932-7b2d-a809-86a1612f23ed,David,Smith,david.smith2@gmail.com,+1-608-161-2810,1966-02-01,8048 Cedar Ln,Nashville,TN,37201,US,Operations,active,2024-12-12
d3506254-178b-c579-8b3c-3393a03e18d8,Nancy,Thompson,nancy.thompson@gmail.com,+1-920-577-7175,1964-04-08,1503 Pine Rd,Jacksonville,FL,32099,US,Sales,inactive,2024-07-05
00cb303c-b4d6-1140-c31e-570f7a3be3f3,Charles,Martin,charles.martin@yahoo.com,+1-463-744-2471,1982-03-07,1423 Main St,Columbus,OH,43085,US,Engineering,active,2024-11-06
a8085003-5255-8378-ed53-583b33f111d8,Michelle,Sanchez,michelle.sanchez@outlook.com,+1-803-588-5237,1964-08-16,8620 Elm St,Nashville,TN,37201,US,Product,active,2024-03-12
958ca058-c10d-f3f3-7d03-84a271723f3a,Barbara,Young,barbara.young2@outlook.com,+1-271-106-6943,1964-01-18,3783 Lake Dr,San Antonio,TX,78201,US,Sales,active,2024-07-12
d91f8de1-3105-9753-41e1-52adf48a3e09,Matthew,Anderson,matthew.anderson@yahoo.com,+1-514-659-2215,1968-11-16,992 Main St,Indianapolis,IN,46201,US,Engineering,active,2024-03-09
073016c6-cabb-8a7c-6020-cf767651e441,Elizabeth,Johnson,elizabeth.johnson@gmail.com,+1-598-507-3176,1980-02-25,6116 Elm St,Phoenix,AZ,85001,US,Legal,suspended,2024-08-10
497b57f9-8053-4d64-4f86-2de080c084d5,Karen,Davis,karen.davis@gmail.com,+1-378-195-8930,1992-10-30,2875 Lake Dr,Phoenix,AZ,85001,US,HR,active,2024-02-23
9035ee30-b940-d281-8e99-313e790cb055,Donna,Taylor,donna.taylor@gmail.com,+1-887-188-4319,1998-07-31,7087 Lake Dr,San Jose,CA,95101,US,Marketing,inactive,2024-02-21
bfc3bd84-a0e6-0c0e-80f3-f18bd96069eb,Anthony,King,anthony.king@outlook.com,+1-780-713-2234,1989-12-24,2503 Park Blvd,Denver,CO,80201,US,Finance,suspended,2024-12-26
ea521be6-a534-46ae-59b4-00ab4e752b00,William,Lewis,william.lewis2@icloud.com,+1-552-103-8628,1963-11-19,3920 Cedar Ln,San Jose,CA,95101,US,Finance,active,2024-10-17
2b80ffb7-d756-3983-4621-207cb4512537,Donald,Williams,donald.williams@yahoo.com,+1-806-659-6902,1967-03-31,2554 Lake Dr,San Francisco,CA,94102,US,Engineering,active,2024-10-15
d385fa0a-f1aa-a228-4e4a-89a8e8da26f9,Kenneth,Nelson,kenneth.nelson@yahoo.com,+1-599-314-5825,1973-09-24,6275 Pine Rd,Dallas,TX,75201,US,Legal,active,2024-10-14
f2ef3c48-1201-b750-03b3-e31415444794,Lisa,Torres,lisa.torres3@gmail.com,+1-996-481-3082,1964-06-03,2711 Oak Ave,San Diego,CA,92101,US,Marketing,active,2024-10-12
ba6a76c3-f97e-e920-cc3e-9fac6cf6fbe8,Paul,Wright,paul.wright@gmail.com,+1-774-639-7746,1968-10-06,6295 Main St,Philadelphia,PA,19101,US,Sales,active,2024-03-08
2a408161-b5d7-12c4-5424-3ac695ee032c,Nancy,Miller,nancy.miller3@gmail.com,+1-376-430-5333,1989-06-14,9427 Pine Rd,San Diego,CA,92101,US,Operations,inactive,2024-01-07
d54985ac-d18e-f1d8-0e51-03b91a4be434,Jennifer,Walker,jennifer.walker@hotmail.com,+1-288-874-4515,1989-07-25,2595 Pine Rd,Seattle,WA,98101,US,Legal,active,2024-08-07
390bc451-f2da-5eeb-2e35-1b8147039aaf,Patricia,Allen,patricia.allen2@gmail.com,+1-649-466-8179,1963-07-14,4518 Elm St,San Jose,CA,95101,US,HR,active,2024-11-04
b2a8d87d-56b4-aa33-680e-cdd91132eb2a,Mark,Carter,mark.carter2@yahoo.com,+1-468-961-9319,1960-03-23,7464 Park Blvd,San Antonio,TX,78201,US,Operations,inactive,2024-09-03
f7e3f724-f8f5-5496-ee83-70466417eb44,Nancy,Mitchell,nancy.mitchell2@icloud.com,+1-561-443-2523,1978-11-14,7186 Maple Dr,Chicago,IL,60601,US,Product,active,2024-03-03
17d1cdcc-de45-e3f1-7aec-63ec1d1d4e28,Deborah,Wilson,deborah.wilson2@hotmail.com,+1-511-595-3623,1999-12-14,2844 Maple Dr,Los Angeles,CA,90001,US,HR,active,2024-04-04
4a646af7-cae5-226f-4834-5c71626a3fb8,Andrew,Sanchez,andrew.sanchez2@example.com,+1-300-660-1255,1963-08-25,5463 Pine Rd,Austin,TX,73301,US,Engineering,active,2024-09-11
c4f02c8f-45f1-1bbd-9afa-f23aa9c15552,George,Anderson,george.anderson@icloud.com,+1-363-119-8638,1989-10-26,6519 Oak Ave,New York,NY,10001,US,Engineering,suspended,2024-08-19
39e5931e-146b-1681-b207-8342937eea02,Paul,Nguyen,paul.nguyen@hotmail.com,+1-303-207-9185,1993-02-14,362 Lake Dr,Austin,TX,73301,US,Marketing,active,2024-08-09
6c71775b-113d-3c39-7c6a-571ed8fb96c7,Brian,Nguyen,brian.nguyen@example.com,+1-528-543-8735,1978-12-10,805 Park Blvd,Houston,TX,77001,US,Product,inactive,2024-09-18
f71fc8c4-3388-d946-05eb-37142d8abb8d,Lisa,Davis,lisa.davis2@example.com,+1-770-949-7023,1984-09-09,2392 Elm St,Columbus,OH,43085,US,Legal,suspended,2024-05-26
f0af2016-5e21-9c30-aa9e-500c1558e6c0,Patricia,Jones,patricia.jones3@outlook.com,+1-218-508-9424,1991-05-19,9588 Elm St,San Jose,CA,95101,US,Marketing,active,2024-09-18
7d7c0698-d8f6-e182-c4cb-dc0dc88f5981,Michelle,Garcia,michelle.garcia@gmail.com,+1-747-601-4271,1990-06-07,4454 Main St,Fort Worth,TX,76101,US,Operations,active,2024-12-09
b221b4eb-19a2-19ea-a8aa-890a7541152b,Donna,Sanchez,donna.sanchez2@hotmail.com,+1-589-685-6184,1976-10-18,4759 Main St,Charlotte,NC,28201,US,Sales,active,2024-02-26
32458e39-8f68-1dd0-628d-dbcaafb55ece,Richard,Carter,richard.carter2@example.com,+1-827-769-7268,1968-04-08,9631 Elm St,San Jose,CA,95101,US,Legal,active,2024-04-27
6c2478a1-1b38-1495-0ba1-bbc0059b9cc0,Kenneth,Green,kenneth.green2@icloud.com,+1-760-399-6695,1980-10-23,1077 Maple Dr,Jacksonville,FL,32099,US,Sales,active,2024-11-02
ad493c66-9d39-97a2-8939-e31aef27865b,Elizabeth,Anderson,elizabeth.anderson3@icloud.com,+1-393-145-4326,1996-04-08,8803 Oak Ave,Charlotte,NC,28201,US,HR,inactive,2024-07-27
2f18a516-e06f-7cf7-b2f9-c8dcdfd8ed46,Patricia,Moore,patricia.moore@gmail.com,+1-955-532-3362,1977-10-08,9229 Maple Dr,Denver,CO,80201,US,Sales,active,2024-10-26
016b4a8e-db77-a6c7-1e68-3efa2b0bf28d,Amanda,Thompson,amanda.thompson@yahoo.com,+1-941-678-6892,1979-02-06,3266 Maple Dr,Charlotte,NC,28201,US,Legal,active,2024-08-26
e16cde65-4631-4c18-f85c-90055e5cafa7,William,Williams,william.williams@hotmail.com,+1-795-763-1244,1980-10-07,5961 Lake Dr,Fort Worth,TX,76101,US,Finance,active,2024-04-15
c9d30eb5-fb95-151d-5fde-91e441637105,Christopher,Nelson,christopher.nelson@yahoo.com,+1-905-162-9300,1994-10-11,8463 Cedar Ln,Indianapolis,IN,46201,US,Engineering,inactive,2024-09-27
e30a4310-ec53-8d8a-712f-b424daf5c46c,William,Torres,william.torres2@outlook.com,+1-252-384-7877,1965-07-08,7998 Maple Dr,San Francisco,CA,94102,US,HR,active,2024-08-24
def0ef3a-f286-8019-e85e-74bd6dd51a22,Donna,Carter,donna.carter@gmail.com,+1-417-562-9569,1963-02-25,480 Main St,Denver,CO,80201,US,HR,inactive,2024-03-01
fd34642b-2b33-4b8b-b5dd-ab608e82c181,David,Hall,david.hall2@example.com,+1-418-692-8253,1984-02-12,9217 Lake Dr,San Francisco,CA,94102,US,Engineering,suspended,2024-08-16
2c42735a-afa5-9730-4cd7-b45fbe848a7e,John,Jones,john.jones@outlook.com,+1-473-390-5074,2000-01-28,1430 Main St,Philadelphia,PA,19101,US,Sales,suspended,2024-10-07
4396d1b0-da78-17e5-a733-807b78c4abfb,Barbara,Miller,barbara.miller@gmail.com,+1-236-136-4020,1978-02-13,5582 Pine Rd,San Antonio,TX,78201,US,Sales,inactive,2024-01-26
1f382aff-daa0-1422-839a-8cdfdcd4e436,Emily,Allen,emily.allen@yahoo.com,+1-758-162-4885,1991-01-12,4564 Cedar Ln,Houston,TX,77001,US,Engineering,inactive,2024-02-10
bf2997cc-549d-8c87-eeb4-023d0aba4ae0,Paul,Scott,paul.scott@example.com,+1-514-453-1408,1999-07-13,9001 Maple Dr,San Antonio,TX,78201,US,Legal,active,2024-11-20
984c3f3b-18c8-f31c-8deb-626fffcfc73c,Paul,Rivera,paul.rivera@hotmail.com,+1-705-386-9294,1976-07-16,9038 Pine Rd,San Francisco,CA,94102,US,Product,inactive,2024-05-18
fe9f2768-f871-4566-660a-42658988a2d9,Barbara,Hernandez,barbara.hernandez@yahoo.com,+1-460-269-6483,1995-06-24,137 Pine Rd,Philadelphia,PA,19101,US,Product,active,2024-08-03
d0a0de35-5ca0-38e6-6308-374423816061,Brian,Mitchell,brian.mitchell@example.com,+1-757-657-5889,1973-02-16,876 Park Blvd,Indianapolis,IN,46201,US,Product,active,2024-03-09
19bbbcd5-cf7b-1add-09ad-0c12ab1dd67f,Daniel,Johnson,daniel.johnson@gmail.com,+1-360-919-5431,1979-06-03,1880 Oak Ave,Chicago,IL,60601,US,Marketing,inactive,2024-01-15
6659d2e2-d0d7-a392-f011-7f02959fda81,Betty,Lopez,betty.lopez@example.com,+1-825-764-3670,1961-01-11,6697 Maple Dr,Houston,TX,77001,US,Marketing,inactive,2024-09-09
11c65659-31e6-3546-6132-b11f0c1276a2,Donald,Lopez,donald.lopez@example.com,+1-519-169-1569,1967-01-07,9691 Maple Dr,New York,NY,10001,US,HR,active,2024-04-06
6f8133b1-cc20-d2ad-5812-d249aa16cbaa,Emily,Thompson,emily.thompson@example.com,+1-743-818-7399,1960-03-10,4676 Maple Dr,San Jose,CA,95101,US,Product,active,2024-12-16
7df8cfc1-cdc4-66d2-2333-a4dfc805a55b,Elizabeth,Roberts,elizabeth.roberts@outlook.com,+1-891-313-2118,2000-09-14,8599 Lake Dr,Charlotte,NC,28201,US,Engineering,inactive,2024-01-10
49bbbf04-ee5c-75ee-481a-7a3f7162c34d,Sarah,Harris,sarah.harris@yahoo.com,+1-949-462-8791,1969-06-15,1201 Oak Ave,New York,NY,10001,US,Product,inactive,2024-04-10
19693375-176d-3710-f3c5-13df2503de0e,Brian,Martinez,brian.martinez@example.com,+1-485-125-8594,1971-05-28,9148 Oak Ave,Chicago,IL,60601,US,Finance,inactive,2024-11-13
848270ac-3110-80ea-0eab-8f3c7e9f15d5,Karen,Hill,karen.hill@yahoo.com,+1-427-969-5783,1960-06-12,2834 Lake Dr,Denver,CO,80201,US,Marketing,active,2024-12-09
aa5cd48d-4c1d-0de6-e651-d747aadd6cd2,Barbara,Martin,barbara.martin2@hotmail.com,+1-884-682-3190,1978-08-31,2101 Maple Dr,Los Angeles,CA,90001,US,Operations,inactive,2024-02-14
f37beacb-e7db-a657-8040-da10d9ab7ab4,George,Jackson,george.jackson2@gmail.com,+1-922-685-6899,1972-07-26,2672 Pine Rd,New York,NY,10001,US,Marketing,active,2024-04-21
65036276-eaa0-555a-6882-86d14ec86e93,Sarah,Rivera,sarah.rivera@example.com,+1-423-718-8882,1979-03-29,1303 Main St,Jacksonville,FL,32099,US,Marketing,active,2024-12-02
9cc8879d-9409-432f-a2fc-04f85b5019bd,Matthew,Wilson,matthew.wilson@yahoo.com,+1-929-588-5475,1982-03-01,9792 Lake Dr,Jacksonville,FL,32099,US,Operations,inactive,2024-08-12
70f079b9-ef7d-5315-6592-1a0f608ba216,Anthony,Moore,anthony.moore2@hotmail.com,+1-461-688-2520,1982-04-02,3601 Pine Rd,Columbus,OH,43085,US,Marketing,inactive,2024-10-25
2951f423-244d-e797-c75c-79304d3fe85b,George,Moore,george.moore@gmail.com,+1-313-533-5191,1967-06-13,5786 Cedar Ln,San Antonio,TX,78201,US,Sales,active,2024-12-10
042db109-0360-f269-1857-7ee8662bf8f1,Brian,Green,brian.green2@yahoo.com,+1-490-685-9416,1973-09-25,3140 Elm St,Houston,TX,77001,US,Engineering,active,2024-06-27
c37b9fc1-1357-1b70-5da0-17d36c26e41d,Steven,Miller,steven.miller@icloud.com,+1-499-509-1939,1968-08-10,5287 Oak Ave,Seattle,WA,98101,US,Finance,inactive,2024-07-12
7575b8d7-5220-6aea-094f-4ef4087d86ca,Susan,Flores,susan.flores@hotmail.com,+1-751-321-5186,1993-09-20,1495 Main St,Denver,CO,80201,US,Engineering,inactive,2024-06-02
5f561946-f65b-f99c-e723-897945bb1760,Emily,Perez,emily.perez2@gmail.com,+1-314-314-8041,1974-07-05,4510 Main St,San Antonio,TX,78201,US,Sales,suspended,2024-05-06
95f0b34f-5525-e32b-8f99-a7c5ad7ac5a0,George,Martinez,george.martinez2@example.com,+1-529-102-4132,1989-11-03,1633 Maple Dr,Los Angeles,CA,90001,US,Marketing,active,2024-06-19
449b0580-e9bb-0bf9-2c40-622ec67d1be1,Daniel,Torres,daniel.torres2@icloud.com,+1-271-722-8199,1985-08-04,1823 Park Blvd,Jacksonville,FL,32099,US,Product,active,2024-06-26
786bceee-a559-1b25-1bf2-e08716152ab1,Susan,Harris,susan.harris@gmail.com,+1-985-100-4352,1984-06-26,2128 Main St,Houston,TX,77001,US,Finance,active,2024-12-12
f9afe2fb-447b-e43f-4975-38aee05cb1da,Richard,Wright,richard.wright@yahoo.com,+1-912-825-2984,1963-03-06,7697 Maple Dr,Fort Worth,TX,76101,US,Marketing,inactive,2024-06-03
4b5418ab-dc0d-963f-f2c0-65e4dd485005,Karen,Wright,karen.wright@gmail.com,+1-618-666-9169,1964-06-18,2913 Park Blvd,Chicago,IL,60601,US,Marketing,active,2024-08-08
c395c9a1-d52a-f54b-8b89-1485357fa016,Donald,Smith,donald.smith@yahoo.com,+1-463-458-1681,1976-10-25,3345 Elm St,Houston,TX,77001,US,Operations,suspended,2024-10-13
33f1a9d6-1e02-a17a-26dd-845b1b75614f,Sandra,Anderson,sandra.anderson@gmail.com,+1-997-176-4025,1989-10-17,5085 Cedar Ln,San Antonio,TX,78201,US,HR,inactive,2024-07-23
608c5061-ce32-1985-b1c8-c10bec0d6896,Matthew,Rodriguez,matthew.rodriguez@icloud.com,+1-382-180-6482,1969-01-11,3720 Pine Rd,Houston,TX,77001,US,HR,active,2024-07-01
b7f96710-57dc-96c1-0265-052121911eb7,Robert,Jackson,robert.jackson2@hotmail.com,+1-766-381-5610,1991-03-14,4224 Lake Dr,Houston,TX,77001,US,Operations,active,2024-10-07
33bb6ccf-ebe2-5d0d-1be8-e4da840638cf,Margaret,Brown,margaret.brown@gmail.com,+1-901-293-7053,1973-04-15,3860 Cedar Ln,Indianapolis,IN,46201,US,Finance,inactive,2024-10-09
72c7a0a7-00d2-a886-ac73-77df07864ee9,Robert,Lewis,robert.lewis@outlook.com,+1-879-458-7332,1982-06-29,6022 Maple Dr,Houston,TX,77001,US,Operations,active,2024-05-17
e854bd94-e8a6-d8d6-f877-0779befc8c3e,Melissa,Thomas,melissa.thomas@icloud.com,+1-584-190-3308,1985-01-20,3256 Elm St,Columbus,OH,43085,US,Legal,suspended,2024-01-11
7b325b2f-0fd4-82dc-98ac-d67fbcd631a0,James,Walker,james.walker@yahoo.com,+1-330-679-5098,1991-07-05,8665 Elm St,Los Angeles,CA,90001,US,Product,active,2024-07-14
9a12d67a-c1a2-127f-36b5-e6b8ec2add3a,Betty,Lewis,betty.lewis@yahoo.com,+1-958-514-3924,2000-12-10,8505 Park Blvd,Houston,TX,77001,US,Finance,active,2024-09-19
2e7c3963-1456-c887-ab29-cf801e310f1a,Sandra,Perez,sandra.perez2@outlook.com,+1-285-394-4225,1961-01-13,5876 Cedar Ln,Indianapolis,IN,46201,US,Finance,suspended,2024-05-06
82dfea6e-e30a-f982-8858-1174cb7e4b94,Mark,Hernandez,mark.hernandez2@icloud.com,+1-323-886-6754,2000-11-08,6827 Elm St,Phoenix,AZ,85001,US,Product,active,2024-05-02
ea14079a-76fc-41fe-75d6-54504e166276,Elizabeth,Scott,elizabeth.scott2@example.com,+1-219-493-5597,1972-08-18,8896 Oak Ave,Charlotte,NC,28201,US,Finance,active,2024-06-16
befe65f7-dd73-e645-44a4-adc327bf1cbe,Dorothy,Hernandez,dorothy.hernandez@icloud.com,+1-490-233-4797,1995-08-13,5327 Main St,Denver,CO,80201,US,Product,suspended,2024-09-10
d42bf020-aa99-f8eb-3910-b6eecca715c0,Susan,Carter,susan.carter2@icloud.com,+1-836-498-1434,1986-06-28,6423 Maple Dr,San Diego,CA,92101,US,Product,active,2024-09-23
7862c712-4bb1-1e84-95d4-60412327479a,Barbara,Anderson,barbara.anderson@icloud.com,+1-915-862-9229,1986-11-23,7713 Pine Rd,Houston,TX,77001,US,Operations,active,2024-06-14
a627197e-1f2d-86a6-a9ec-5bd2312dbe0a,Amanda,Baker,amanda.baker@example.com,+1-850-959-9888,1998-07-29,6741 Park Blvd,New York,NY,10001,US,Operations,suspended,2024-03-16
9b2a50be-2d34-80c8-a198-1a4bd1da128e,Joshua,Hill,joshua.hill2@outlook.com,+1-856-522-5830,1965-02-10,5279 Pine Rd,San Francisco,CA,94102,US,Sales,inactive,2024-08-04
1f244b3a-a251-86b3-f3a2-2d6a14a607f1,Andrew,Campbell,andrew.campbell@example.com,+1-838-867-5313,1987-02-08,1813 Cedar Ln,Jacksonville,FL,32099,US,Product,active,2024-05-22
ff559199-80a2-1778-8ad9-74481e8e98cc,Mark,Walker,mark.walker@yahoo.com,+1-490-983-6087,1964-04-29,711 Oak Ave,Denver,CO,80201,US,HR,inactive,2024-12-01
1c3a6281-6083-8fe8-c92c-4c70976e0958,Kimberly,Lopez,kimberly.lopez@yahoo.com,+1-683-764-3345,1990-09-04,5782 Maple Dr,Chicago,IL,60601,US,HR,active,2024-12-06
5372bb00-5c70-3fdf-43be-f57707756467,Mark,Davis,mark.davis2@example.com,+1-826-193-3879,1997-12-15,8892 Elm St,San Francisco,CA,94102,US,Marketing,active,2024-02-21
f5388bb7-5fcd-1354-ee02-b650718d9d1c,Carol,Walker,carol.walker@outlook.com,+1-633-868-4754,1996-05-15,6415 Elm St,San Jose,CA,95101,US,Marketing,suspended,2024-04-26
315e5901-29fe-5693-b588-ff490acf3540,Deborah,Walker,deborah.walker@gmail.com,+1-664-881-3017,1980-07-29,2672 Elm St,San Jose,CA,95101,US,Engineering,inactive,2024-09-06
5e3db1a9-fbe5-0525-db69-a980fa7c4800,Linda,Campbell,linda.campbell2@yahoo.com,+1-726-222-4936,1969-10-28,7284 Elm St,New York,NY,10001,US,Marketing,suspended,2024-11-14
5db3de3d-0803-15b6-43bf-1843265be815,Kenneth,Lopez,kenneth.lopez2@example.com,+1-570-618-8633,1976-10-15,2847 Cedar Ln,Dallas,TX,75201,US,Operations,suspended,2024-02-26
c686b066-507a-4d80-f7a4-983284762417,Andrew,Nelson,andrew.nelson@icloud.com,+1-566-260-3777,1996-01-11,9835 Maple Dr,San Francisco,CA,94102,US,Legal,inactive,2024-01-06
51d58043-cf0c-9fbe-8f70-0a965aea1756,Nancy,Green,nancy.green@icloud.com,+1-521-962-5667,1972-09-18,2230 Maple Dr,Seattle,WA,98101,US,Engineering,active,2024-05-24
93ec61ab-cbe9-dc55-de4a-c7f2c8d920c4,Steven,Campbell,steven.campbell@hotmail.com,+1-313-290-9257,1997-09-07,9228 Park Blvd,Philadelphia,PA,19101,US,Legal,active,2024-04-21
6daf4f42-a1c2-9760-d805-8b9a075263d7,Nancy,Baker,nancy.baker2@example.com,+1-964-320-3394,1980-06-14,3377 Main St,San Diego,CA,92101,US,Engineering,active,2024-08-03
6e1fb42a-cb7e-e320-7a1c-76e5d457b738,Joshua,Mitchell,joshua.mitchell@outlook.com,+1-393-235-7130,1999-04-06,1957 Park Blvd,Jacksonville,FL,32099,US,Product,active,2024-02-12
605e3879-bd31-f1c1-8eb8-99fecbc0327a,Brian,Ramirez,brian.ramirez@example.com,+1-410-608-5631,1972-02-09,8051 Main St,Indianapolis,IN,46201,US,Finance,active,2024-04-14
62cf8e7e-20a2-205d-0dcc-9c76b4a95785,Betty,Thomas,betty.thomas@icloud.com,+1-841-623-8454,1989-12-15,1910 Lake Dr,Columbus,OH,43085,US,Operations,suspended,2024-05-01
8bd36f9d-54fd-fb9b-6814-52e78d3ab47c,Lisa,Anderson,lisa.anderson@gmail.com,+1-533-286-4053,1988-02-12,8305 Lake Dr,Seattle,WA,98101,US,Product,active,2024-08-06
17020b8e-4b4b-1c4a-e0aa-2a773ef3ab9f,Sandra,Moore,sandra.moore@hotmail.com,+1-200-880-7122,1960-06-20,9190 Maple Dr,Los Angeles,CA,90001,US,Legal,active,2024-04-12
b14a663d-bfcf-1f28-abe9-21c844ecdc08,Jennifer,Walker,jennifer.walker@gmail.com,+1-779-555-5227,1986-05-22,5550 Main St,Denver,CO,80201,US,Engineering,suspended,2024-08-02
7905b296-b131-1ca0-f71b-9869cd45ddae,Margaret,Moore,margaret.moore@example.com,+1-875-173-3844,1962-04-05,5249 Cedar Ln,Dallas,TX,75201,US,HR,inactive,2024-02-04
a124da3f-429d-d74d-e13d-6324d5a15058,Christopher,Perez,christopher.perez@example.com,+1-230-910-3252,1968-03-07,7197 Maple Dr,Austin,TX,73301,US,Engineering,active,2024-06-18
e4f1a79f-a6ed-55f1-f96f-ffcf83925ad8,Robert,Davis,robert.davis2@yahoo.com,+1-433-708-6746,2000-02-03,3123 Oak Ave,New York,NY,10001,US,Marketing,inactive,2024-11-20
e28c30ba-259a-28a1-209e-55a5cdc73f6d,Christopher,Green,christopher.green2@example.com,+1-973-987-4360,1975-10-22,4308 Elm St,Houston,TX,77001,US,Engineering,suspended,2024-10-14
7cfd2721-3783-d063-dbed-440fbde3b8ef,Mary,Baker,mary.baker@hotmail.com,+1-985-492-7277,2000-07-22,7661 Main St,Chicago,IL,60601,US,Engineering,inactive,2024-01-14
5ad45157-0729-80fd-4a2e-03536b767be8,Patricia,Perez,patricia.perez@example.com,+1-297-190-9853,1991-12-01,3754 Maple Dr,Los Angeles,CA,90001,US,HR,active,2024-12-24
45fea358-0531-13c5-9ecb-ef4e744f69c1,Michael,Nelson,michael.nelson@outlook.com,+1-406-628-4143,1961-10-28,5264 Cedar Ln,Dallas,TX,75201,US,Marketing,inactive,2024-04-24
280382c4-5bb9-f184-ab67-8c1de6f93867,Barbara,Jackson,barbara.jackson@hotmail.com,+1-358-397-2314,1975-09-28,1094 Cedar Ln,Houston,TX,77001,US,HR,active,2024-05-18
6279ff51-d26a-a150-df82-7b89221c522c,Michael,Rodriguez,michael.rodriguez@hotmail.com,+1-578-652-4590,1985-05-27,5374 Maple Dr,Seattle,WA,98101,US,Legal,active,2024-09-07
686b0062-52e8-19cb-8bd2-119180277058,George,Adams,george.adams2@icloud.com,+1-227-833-7705,1995-05-05,4398 Elm St,Columbus,OH,43085,US,Product,suspended,2024-11-28
9e9827dd-14a3-bd3e-e0cf-0f973718ebce,Sarah,Lewis,sarah.lewis2@gmail.com,+1-583-603-8027,1998-03-22,5414 Oak Ave,Nashville,TN,37201,US,Sales,active,2024-10-24
768049e1-0144-5bef-37b8-fbb09de600bb,Thomas,Taylor,thomas.taylor@example.com,+1-867-811-6061,1971-06-09,5389 Lake Dr,Nashville,TN,37201,US,HR,active,2024-10-21
7af5da53-0ef0-1e6c-3bde-5a3dc014f01b,George,Brown,george.brown2@example.com,+1-685-217-6072,1996-04-16,6328 Elm St,Philadelphia,PA,19101,US,Engineering,active,2024-09-14
9dbac59b-d5c7-9843-6899-399771cfc1cb,James,Jones,james.jones@gmail.com,+1-268-132-9367,1971-03-18,1192 Oak Ave,San Francisco,CA,94102,US,Finance,inactive,2024-09-02
a4b65786-a796-87dd-8236-7bbd00d62e5c,Linda,Davis,linda.davis@gmail.com,+1-474-383-5145,1980-08-03,4183 Elm St,San Jose,CA,95101,US,Finance,active,2024-06-13
136b97e5-54f1-f97f-c918-da34ae2790bf,Donald,Rodriguez,donald.rodriguez@gmail.com,+1-288-107-5465,1985-03-31,5936 Maple Dr,Chicago,IL,60601,US,Product,active,2024-09-21
6f0335dc-ce37-3e1d-4ccf-9f2216a8778a,William,Jones,william.jones@hotmail.com,+1-376-796-1179,1976-01-01,3 Main St,Austin,TX,73301,US,Legal,inactive,2024-05-24
2dc2b12e-28fc-7410-2a62-538871ff159c,Michael,Martin,michael.martin4@yahoo.com,+1-719-477-6340,2000-03-20,7039 Cedar Ln,Charlotte,NC,28201,US,Marketing,active,2024-10-08
ee6b4b22-b89a-1272-0b7e-df3eb8e44809,Daniel,Jackson,daniel.jackson2@icloud.com,+1-704-305-3344,1963-03-23,7593 Park Blvd,Seattle,WA,98101,US,Marketing,suspended,2024-11-20
18efcd8f-16a1-a9bc-3f3f-f9f47388d944,George,Williams,george.williams@yahoo.com,+1-209-912-3785,1981-02-26,5227 Cedar Ln,Charlotte,NC,28201,US,Legal,active,2024-10-08
aacd09c6-58d1-c7ac-fe1a-76f8b1d30d4d,Susan,Perez,susan.perez@icloud.com,+1-269-740-5843,1965-02-15,9415 Pine Rd,Austin,TX,73301,US,Engineering,active,2024-08-09
d001df54-9f6f-afab-c5c8-1deb75465a86,Margaret,Walker,margaret.walker3@yahoo.com,+1-734-649-2334,1986-05-11,1706 Maple Dr,San Diego,CA,92101,US,Marketing,active,2024-08-13
93f286a7-c44b-fd66-fac1-fc6aaa86ab4d,Deborah,Carter,deborah.carter@example.com,+1-572-425-9771,1974-07-17,7589 Main St,Los Angeles,CA,90001,US,HR,active,2024-06-08
7a7fbf13-680e-8a12-ff77-0176b754e573,Brian,Lewis,brian.lewis@hotmail.com,+1-932-355-3145,1986-08-11,6116 Pine Rd,Columbus,OH,43085,US,Product,inactive,2024-01-27
c0a6efdb-f3ee-e3ca-36f7-3c19783471b7,Ashley,Smith,ashley.smith@yahoo.com,+1-707-959-3081,1988-06-13,3430 Main St,Seattle,WA,98101,US,Operations,inactive,2024-02-05
e59cb2c0-ac0d-40d6-626a-b5f19a5e4a5d,Linda,Sanchez,linda.sanchez2@example.com,+1-595-634-3970,1968-01-26,7825 Cedar Ln,Columbus,OH,43085,US,HR,active,2024-09-19
afabce11-bd01-44a9-5318-9ffa8acb77d2,Patricia,Adams,patricia.adams2@outlook.com,+1-498-397-7457,1977-10-22,49 Park Blvd,Philadelphia,PA,19101,US,Operations,suspended,2024-10-20
bd991cd7-d00d-a08d-d3e9-b14aabd6a9c5,Jessica,Martinez,jessica.martinez@gmail.com,+1-434-293-1517,1963-06-17,4554 Pine Rd,Nashville,TN,37201,US,Sales,active,2024-08-20
deb94256-4073-5f96-6a92-954e58a81e6f,Christopher,Wilson,christopher.wilson@outlook.com,+1-558-866-1231,1994-12-10,4641 Pine Rd,Seattle,WA,98101,US,Product,active,2024-05-01
3739fcb7-ee86-998f-679c-111d18b6d8c2,Deborah,Martin,deborah.martin2@example.com,+1-293-534-7333,2000-04-24,4716 Oak Ave,San Jose,CA,95101,US,Legal,active,2024-01-02
e1f84798-d60b-6a74-f9f9-2ddb41db94bb,Joseph,Anderson,joseph.anderson@hotmail.com,+1-651-372-3048,1960-09-17,1914 Maple Dr,Denver,CO,80201,US,Engineering,inactive,2024-11-13
c466fcbd-890d-3b73-d4e9-bb0cb195156b,Mary,White,mary.white2@example.com,+1-533-528-1105,1961-03-04,2159 Oak Ave,San Francisco,CA,94102,US,Legal,active,2024-09-17
7a350455-0fe0-b1f2-f371-4a30267e693d,Steven,Smith,steven.smith@hotmail.com,+1-537-340-1292,1972-05-10,9200 Lake Dr,Phoenix,AZ,85001,US,Legal,active,2024-03-13
e3d099cf-50aa-b2c8-9e89-48ab4764b469,Joshua,Ramirez,joshua.ramirez@hotmail.com,+1-734-813-8148,1970-02-14,1017 Oak Ave,Charlotte,NC,28201,US,Operations,active,2024-01-17
b0955e37-4a8c-c1c0-b63f-5a9611419bef,Nancy,Scott,nancy.scott2@outlook.com,+1-598-458-2106,1985-10-22,7155 Lake Dr,Dallas,TX,75201,US,Sales,active,2024-03-15
1f61fb86-7bad-b0f4-17bd-daf067e12777,Robert,Campbell,robert.campbell@icloud.com,+1-725-529-8705,1966-05-11,986 Park Blvd,Austin,TX,73301,US,Finance,inactive,2024-03-01
f0dbe27d-50a0-c8cd-e061-7fb5a6fa998d,Robert,Roberts,robert.roberts2@hotmail.com,+1-465-573-2281,1984-04-12,4038 Cedar Ln,Dallas,TX,75201,US,Sales,active,2024-09-03
170e12d5-e19f-3690-8deb-ef7540efa2a7,Brian,Nguyen,brian.nguyen2@example.com,+1-433-118-1581,1969-05-13,4976 Cedar Ln,Columbus,OH,43085,US,Product,active,2024-06-21
ba3d5b0a-a4bc-76bc-bf5b-4949f3e1ef11,Betty,Torres,betty.torres@gmail.com,+1-816-983-4925,1971-01-09,126 Elm St,Austin,TX,73301,US,Marketing,suspended,2024-08-23
17a4507f-60c1-fbb1-6db3-fdbeec288011,Matthew,Hernandez,matthew.hernandez3@outlook.com,+1-228-959-2041,1972-08-04,573 Park Blvd,New York,NY,10001,US,Marketing,suspended,2024-06-24
26051829-b735-5d63-33e4-6fcf9cc43102,Steven,Jones,steven.jones@hotmail.com,+1-787-812-9879,1983-09-27,7062 Elm St,Chicago,IL,60601,US,Finance,inactive,2024-07-25
8fba0368-125c-5c26-8dad-356413ac80ee,Linda,Martin,linda.martin@outlook.com,+1-691-672-6948,1990-01-21,933 Cedar Ln,New York,NY,10001,US,Legal,active,2024-12-07
c204ca38-2a82-e197-48ef-a84610cb51c6,Matthew,Adams,matthew.adams@gmail.com,+1-876-775-7343,1975-03-23,1598 Oak Ave,Philadelphia,PA,19101,US,Sales,active,2024-02-11
a004f656-ca49-49b1-a707-92cecb55926d,Amanda,Hernandez,amanda.hernandez@gmail.com,+1-839-345-4478,1963-08-15,8951 Lake Dr,Phoenix,AZ,85001,US,Finance,active,2024-01-22
96e1de8d-8170-b553-cc97-d77dee525fc1,Matthew,Williams,matthew.williams2@yahoo.com,+1-654-716-6876,1996-08-20,7555 Cedar Ln,Philadelphia,PA,19101,US,Legal,inactive,2024-06-14
971db14c-8cd2-e4f5-0589-ec511a553d81,Melissa,Mitchell,melissa.mitchell@example.com,+1-515-478-3259,1988-11-11,516 Lake Dr,San Jose,CA,95101,US,Sales,active,2024-10-09
b1b3b03b-4c85-5cfe-959b-5536431ed8b4,Melissa,Smith,melissa.smith@yahoo.com,+1-281-297-4877,1977-04-13,383 Pine Rd,Indianapolis,IN,46201,US,Operations,active,2024-03-23
cf2a5136-4170-fe88-b4d9-ebbe9f24c89b,William,White,william.white@outlook.com,+1-328-273-9347,1998-11-04,5589 Oak Ave,San Jose,CA,95101,US,HR,active,2024-04-25
c631bbc6-8725-268a-50b7-5b84e1881d03,Betty,Mitchell,betty.mitchell@yahoo.com,+1-641-977-2778,1975-10-01,3854 Cedar Ln,Phoenix,AZ,85001,US,Finance,active,2024-01-12
a7fec4b4-abcd-59d6-1fb4-622213f15f09,Margaret,Miller,margaret.miller2@example.com,+1-916-349-9071,1964-11-02,2289 Cedar Ln,San Diego,CA,92101,US,Product,inactive,2024-12-23
3617da3d-f1fc-1bec-1fec-ba38f38a50ca,Donna,Brown,donna.brown@icloud.com,+1-959-989-7069,1993-04-21,2883 Maple Dr,Philadelphia,PA,19101,US,Marketing,active,2024-02-04
0c802537-bb19-03a1-a9a2-d510374e79e8,Dorothy,Nguyen,dorothy.nguyen@gmail.com,+1-719-593-4494,1984-08-21,3588 Cedar Ln,Denver,CO,80201,US,Engineering,suspended,2024-11-27
8ff04391-9b7c-7b2e-a513-dc3ba159afa5,Robert,Gonzalez,robert.gonzalez@icloud.com,+1-632-941-1344,1963-09-12,2650 Main St,Nashville,TN,37201,US,Sales,suspended,2024-10-14
4416675c-1e84-3e0d-8bac-7e4b1e447d25,Kevin,Nelson,kevin.nelson2@example.com,+1-441-308-6206,1988-07-09,8509 Park Blvd,San Francisco,CA,94102,US,Sales,suspended,2024-04-12
fdb2b46f-8650-0421-8af1-b1c1fa8a9170,Steven,Rivera,steven.rivera@icloud.com,+1-992-562-8962,1976-04-02,9716 Park Blvd,New York,NY,10001,US,Engineering,inactive,2024-07-18
45fc0b77-42e2-6965-6b31-a53048a10b40,Ashley,Torres,ashley.torres@gmail.com,+1-362-304-6642,1972-07-14,9419 Park Blvd,Philadelphia,PA,19101,US,HR,suspended,2024-05-01
e1763970-077e-f8fe-78c7-c652c5c29f4c,Brian,Campbell,brian.campbell2@icloud.com,+1-348-690-1662,1990-10-15,7940 Elm St,Philadelphia,PA,19101,US,HR,active,2024-03-21
6309a6ed-76b0-dec9-4d19-b451173414ad,Thomas,Scott,thomas.scott@icloud.com,+1-753-690-4393,1961-08-28,6581 Cedar Ln,Seattle,WA,98101,US,Marketing,active,2024-10-13
f28a00cc-b86d-81fc-865a-1675ad58f8c5,Daniel,Carter,daniel.carter@icloud.com,+1-309-379-1885,1978-09-08,4039 Pine Rd,Fort Worth,TX,76101,US,HR,active,2024-05-11
a6e41ad6-3033-06ba-d7c1-c44ce23eee60,Jessica,Clark,jessica.clark2@hotmail.com,+1-973-276-7825,1996-08-22,3114 Cedar Ln,Denver,CO,80201,US,HR,active,2024-11-15
faff4977-5bff-3c8c-7954-c226ebe3d009,Patricia,Allen,patricia.allen@example.com,+1-807-486-7684,1963-03-20,1424 Pine Rd,Chicago,IL,60601,US,HR,inactive,2024-07-12
cd051c2d-9b4a-21c3-b192-d170864d5c41,Dorothy,Nelson,dorothy.nelson@outlook.com,+1-929-458-8710,1962-08-18,2014 Main St,Denver,CO,80201,US,Legal,active,2024-07-04
a3f5581e-d385-9ea0-36cd-3c09a8a0da2a,Michael,Taylor,michael.taylor2@gmail.com,+1-547-959-7845,1967-06-25,189 Park Blvd,Philadelphia,PA,19101,US,Operations,suspended,2024-06-28
05dc0f1b-5cba-9958-faa9-6717cd7a9d15,Daniel,Lopez,daniel.lopez@yahoo.com,+1-809-787-5929,1995-01-23,4731 Cedar Ln,Denver,CO,80201,US,Product,active,2024-12-09
651857b6-adcc-5dc9-b692-1ae6b3f19dc1,Paul,Allen,paul.allen@outlook.com,+1-937-880-2086,1989-07-03,8735 Oak Ave,Seattle,WA,98101,US,Legal,active,2024-06-15
a6c1000f-6ea9-3132-2146-861bf3d5a5a8,Melissa,Lee,melissa.lee@hotmail.com,+1-418-914-8104,1983-06-22,9805 Main St,Fort Worth,TX,76101,US,Engineering,suspended,2024-10-22
9da68e55-f755-f0da-5aed-11b16c89eaa5,Donald,Anderson,donald.anderson@example.com,+1-916-981-1574,1969-11-25,7622 Lake Dr,Los Angeles,CA,90001,US,HR,inactive,2024-08-26
74dc8e30-ae9b-a657-b4f5-2d44910e9484,Thomas,Wilson,thomas.wilson@yahoo.com,+1-254-428-6537,1960-04-16,5526 Main St,San Jose,CA,95101,US,Marketing,active,2024-04-07
f9a1595d-2253-6c0f-b9a3-ff8c784d1c98,Deborah,Jackson,deborah.jackson@yahoo.com,+1-900-598-5730,1994-05-24,6921 Cedar Ln,Chicago,IL,60601,US,Marketing,suspended,2024-09-12
1fccc483-e4f4-3420-6427-04a925303f21,Jessica,Mitchell,jessica.mitchell@outlook.com,+1-894-149-3004,1994-03-27,5435 Elm St,New York,NY,10001,US,Sales,inactive,2024-04-06
d9219fcd-852a-8441-ca6d-e99bf4f3015e,Susan,Garcia,susan.garcia@gmail.com,+1-923-742-6512,1991-07-10,7696 Lake Dr,Charlotte,NC,28201,US,HR,inactive,2024-03-02
84bad0a2-171d-7629-1673-d079b26e6980,Nancy,Jackson,nancy.jackson@yahoo.com,+1-629-501-9367,1993-08-18,2835 Lake Dr,New York,NY,10001,US,Sales,inactive,2024-04-24
703b99e1-90b2-8dea-4866-27341784bcfc,Karen,Williams,karen.williams@gmail.com,+1-933-550-5196,1984-06-24,1771 Oak Ave,San Francisco,CA,94102,US,Sales,inactive,2024-02-21
869523fe-4547-51c5-9706-21ba1c28aabb,Daniel,Mitchell,daniel.mitchell@gmail.com,+1-373-857-9820,1993-08-24,9181 Maple Dr,San Antonio,TX,78201,US,Legal,inactive,2024-12-08
bbd86378-725a-9140-5f02-21e73ba6dc93,Sarah,Wilson,sarah.wilson@icloud.com,+1-306-644-9661,1979-05-21,6585 Cedar Ln,Dallas,TX,75201,US,Operations,active,2024-08-08
fa96a6cf-b13e-c0a9-d581-435f4faca9e8,Sandra,Jackson,sandra.jackson@outlook.com,+1-657-289-8344,1964-12-24,4328 Lake Dr,Charlotte,NC,28201,US,Finance,active,2024-12-21
6c887d7e-30ae-2926-3f6d-e34c20c7c3a0,Joshua,Wright,joshua.wright@gmail.com,+1-653-625-2689,1963-04-29,2376 Oak Ave,Charlotte,NC,28201,US,Operations,active,2024-05-26
73a7f879-9773-8dd4-aef4-173096cfd90f,Timothy,Hernandez,timothy.hernandez@yahoo.com,+1-662-779-1331,1970-12-31,4442 Oak Ave,Charlotte,NC,28201,US,HR,active,2024-09-18
5e2d6013-3e59-192c-269d-f9e331d50934,Anthony,Garcia,anthony.garcia@yahoo.com,+1-777-870-1535,1972-02-10,6529 Cedar Ln,Fort Worth,TX,76101,US,Sales,suspended,2024-08-15
09982fa4-4937-54ac-8041-63d5fe5c0d39,Christopher,Carter,christopher.carter@outlook.com,+1-215-389-3456,1992-04-13,1112 Main St,Dallas,TX,75201,US,Legal,suspended,2024-12-17
9242049b-adcb-e795-11af-1ae7012b253e,Dorothy,Perez,dorothy.perez@hotmail.com,+1-615-833-7844,1991-11-06,6397 Lake Dr,Columbus,OH,43085,US,Finance,suspended,2024-10-24
de349151-0834-28e5-b6f6-8f85a365f738,Elizabeth,Young,elizabeth.young2@icloud.com,+1-996-820-9092,1977-06-07,9529 Main St,San Antonio,TX,78201,US,Legal,suspended,2024-10-21
f9b71d25-f251-ef02-3c09-e20dfcedb87c,Elizabeth,Johnson,elizabeth.johnson2@hotmail.com,+1-916-349-9525,1982-12-12,1153 Main St,Denver,CO,80201,US,Marketing,active,2024-07-05
ae0dff0e-ca4d-11c0-5594-b6b49c0b337d,Sarah,Smith,sarah.smith@icloud.com,+1-353-832-7201,1963-09-01,4273 Park Blvd,San Antonio,TX,78201,US,Legal,active,2024-05-11
bc2e2fc5-ea4e-4042-a4f7-d210ef872440,Anthony,Hall,anthony.hall@yahoo.com,+1-536-123-6987,1966-06-26,5000 Park Blvd,Philadelphia,PA,19101,US,Legal,suspended,2024-09-27
c0850534-02f2-67c9-d310-6baed6464538,Kevin,Jackson,kevin.jackson@icloud.com,+1-583-691-6426,1997-10-16,4294 Lake Dr,Seattle,WA,98101,US,HR,active,2024-01-01
388b899a-fedf-d77a-cc4a-05da4dc47745,William,Wright,william.wright@icloud.com,+1-877-563-2541,1970-01-25,4853 Maple Dr,Phoenix,AZ,85001,US,HR,active,2024-11-17
ddb31b54-7615-ca64-b872-4ceee90c3497,Kevin,Allen,kevin.allen2@gmail.com,+1-382-775-5465,1971-01-12,9954 Maple Dr,Houston,TX,77001,US,HR,active,2024-12-26
afe6369e-8766-4a7f-390f-0e687ddfcbef,Andrew,Sanchez,andrew.sanchez@icloud.com,+1-544-339-8625,1974-03-13,5159 Oak Ave,Columbus,OH,43085,US,Sales,active,2024-01-16
0c3547d1-ee48-0c15-a228-70c48b20d6fc,William,Garcia,william.garcia@outlook.com,+1-537-493-1090,1990-06-26,2906 Maple Dr,Denver,CO,80201,US,Sales,active,2024-08-21
db7afca0-baa4-664c-d862-30e6c81e91db,John,Anderson,john.anderson@yahoo.com,+1-395-575-9756,1970-08-15,277 Main St,Chicago,IL,60601,US,Product,suspended,2024-05-01
8f7419fb-3b15-a807-d22a-d77092856268,Donna,Baker,donna.baker2@hotmail.com,+1-570-434-7000,1966-08-28,645 Lake Dr,Dallas,TX,75201,US,Finance,active,2024-01-02
e239c528-cd1f-24fd-20c0-810ba8777322,Brian,Rivera,brian.rivera2@example.com,+1-506-373-2985,1965-12-25,3604 Main St,San Francisco,CA,94102,US,Product,active,2024-01-17
303ac1e0-9429-c892-1f06-9cfe4786c668,Nancy,Lee,nancy.lee2@example.com,+1-617-360-1029,1962-06-15,6261 Pine Rd,Indianapolis,IN,46201,US,Marketing,active,2024-02-04
b64c30c7-abb2-4a6a-396e-f0571cd94b33,Steven,Rodriguez,steven.rodriguez@yahoo.com,+1-369-862-7106,1972-11-23,1012 Oak Ave,Philadelphia,PA,19101,US,Engineering,active,2024-04-06
ae8c8dea-a336-4b61-93e1-9a9791afc7d4,Richard,Mitchell,richard.mitchell@yahoo.com,+1-339-833-9851,1969-09-30,5156 Oak Ave,Houston,TX,77001,US,HR,active,2024-08-08
efbfaa21-c814-445b-44cf-0f64b6962d8c,Christopher,Williams,christopher.williams@yahoo.com,+1-832-186-7431,1964-06-24,1526 Main St,Phoenix,AZ,85001,US,Marketing,suspended,2024-10-11
809dad51-7abb-5a4c-9c55-df5b5420c2b6,Joseph,Baker,joseph.baker@yahoo.com,+1-856-404-3934,1960-01-02,8851 Oak Ave,Chicago,IL,60601,US,HR,active,2024-11-11
1f46317d-b4d4-377b-b00b-e0744dfea1ad,Linda,Rivera,linda.rivera@example.com,+1-839-978-8673,1989-01-19,9936 Oak Ave,Nashville,TN,37201,US,Legal,inactive,2024-04-01
ebe6d2b4-cd46-50f3-46bf-67c25908f91f,Kevin,Miller,kevin.miller@icloud.com,+1-414-849-2867,1964-11-04,7128 Lake Dr,Houston,TX,77001,US,Engineering,active,2024-11-10
680beca3-0702-4003-d0ac-e5a5231dfaaf,Linda,Smith,linda.smith@outlook.com,+1-468-780-6700,1983-05-29,6234 Maple Dr,Seattle,WA,98101,US,Engineering,active,2024-10-18
25247025-5e3a-a1b8-c445-eca66ef37c42,Richard,Green,richard.green@yahoo.com,+1-863-806-4351,1968-07-17,9993 Lake Dr,Indianapolis,IN,46201,US,Sales,active,2024-11-24
bb00b7c8-b00a-a371-697a-09ea59cc3465,Brian,Rodriguez,brian.rodriguez2@gmail.com,+1-675-733-2549,1976-12-27,6974 Lake Dr,Austin,TX,73301,US,Marketing,active,2024-08-27
fa2c5435-5920-ba77-0590-7dbf3a7098c7,Donna,Martin,donna.martin@outlook.com,+1-790-561-3139,1964-05-06,5263 Cedar Ln,New York,NY,10001,US,Finance,active,2024-05-25
6562d164-042f-38d4-3298-16f9aaeae0ae,Kenneth,Nguyen,kenneth.nguyen@hotmail.com,+1-769-535-9979,1980-07-20,8349 Lake Dr,Los Angeles,CA,90001,US,Product,active,2024-10-06
b39cf12f-8b09-90e9-2417-2bd1b1d2c204,Patricia,Rivera,patricia.rivera@example.com,+1-552-395-1738,1996-09-30,4393 Main St,Phoenix,AZ,85001,US,Sales,inactive,2024-02-14
51bb655f-19ab-ce44-0f8c-51a4af9e07ce,Matthew,King,matthew.king@example.com,+1-642-866-3129,1974-05-04,2720 Elm St,Dallas,TX,75201,US,HR,suspended,2024-02-20
bf99806c-a517-1401-d421-fa8b551361aa,Timothy,Johnson,timothy.johnson@hotmail.com,+1-824-656-4044,1973-01-10,7191 Oak Ave,New York,NY,10001,US,HR,inactive,2024-01-11
18994a8b-ad5d-5c2a-7606-9880c69d1370,Kevin,Mitchell,kevin.mitchell@hotmail.com,+1-695-249-3029,1987-06-24,2790 Park Blvd,San Jose,CA,95101,US,Marketing,active,2024-04-08
055ad48f-3558-91c3-d172-611b4c39b06e,Sarah,Thompson,sarah.thompson@yahoo.com,+1-826-752-3266,1984-06-02,6841 Lake Dr,San Antonio,TX,78201,US,Finance,active,2024-02-02
a485a68b-0b14-dc28-271a-c10cb005ebff,Amanda,Lopez,amanda.lopez@gmail.com,+1-571-509-5239,1975-04-16,5539 Main St,San Francisco,CA,94102,US,Finance,active,2024-05-02
5d564ec9-d074-3d6c-9db9-2a1ebbf662e4,Lisa,Wright,lisa.wright@outlook.com,+1-280-697-8713,1975-12-28,4212 Cedar Ln,Columbus,OH,43085,US,Operations,active,2024-05-10
b322ba91-fb59-dcc6-b45f-53b7ded4b790,Timothy,Rivera,timothy.rivera@example.com,+1-776-849-3295,1998-11-19,287 Elm St,San Jose,CA,95101,US,HR,active,2024-06-09
ce62fa09-190f-e912-d5af-b1f212860afd,Joshua,Garcia,joshua.garcia@yahoo.com,+1-663-813-5667,1969-06-15,9563 Pine Rd,San Francisco,CA,94102,US,HR,active,2024-03-27
803d59ff-aacd-93a3-55c6-1f2092c451eb,Steven,Thomas,steven.thomas@yahoo.com,+1-670-994-5848,1988-07-06,2545 Lake Dr,Nashville,TN,37201,US,Product,active,2024-01-28
dec4f4f7-ca81-bf9c-f735-c25c914cae6a,Sarah,Flores,sarah.flores@outlook.com,+1-511-552-9707,1961-01-15,6224 Pine Rd,Austin,TX,73301,US,Marketing,inactive,2024-04-18
561ffb69-fd32-c920-b89a-45d4ff5d3e07,Kimberly,Hernandez,kimberly.hernandez@icloud.com,+1-937-956-3634,1960-08-07,5698 Oak Ave,Chicago,IL,60601,US,Sales,active,2024-02-28
1af46a2c-fbbd-9663-3ea0-25bb28c3bfb6,Steven,Nguyen,steven.nguyen3@example.com,+1-285-544-7160,1977-02-04,6049 Elm St,San Jose,CA,95101,US,Product,active,2024-11-14
33d7a9ac-317f-d7b8-d002-06a3addfe2fe,Joseph,Smith,joseph.smith2@gmail.com,+1-527-694-1664,1996-10-20,1292 Elm St,San Jose,CA,95101,US,Product,active,2024-01-15
d96d6ad3-4924-9710-9123-810267406ac3,Kevin,Green,kevin.green@outlook.com,+1-293-370-7388,1992-03-20,7259 Cedar Ln,Austin,TX,73301,US,Operations,suspended,2024-03-23
c1305618-5e59-1ecb-260e-c27ecfde1ff8,Steven,Gonzalez,steven.gonzalez@example.com,+1-685-991-8491,1977-03-08,4294 Oak Ave,Nashville,TN,37201,US,Product,active,2024-07-27
66e93b5a-7689-a051-e6e8-737d50c12d97,Nancy,Clark,nancy.clark@example.com,+1-517-113-7511,1993-09-12,3484 Cedar Ln,Fort Worth,TX,76101,US,Product,active,2024-06-17
d2d7ac79-9202-fcdc-6c24-43050e40eabe,Betty,Davis,betty.davis@hotmail.com,+1-618-570-7392,1963-10-12,9817 Cedar Ln,Houston,TX,77001,US,Sales,active,2024-10-21
eadefee8-99c1-3484-6c4f-f6be336b172e,Anthony,Martinez,anthony.martinez2@yahoo.com,+1-376-615-6170,1972-09-16,1369 Elm St,San Jose,CA,95101,US,Product,active,2024-12-17
11b77174-4a29-afad-a17f-02997284bedf,Susan,Young,susan.young@icloud.com,+1-711-854-4535,1979-12-01,3660 Cedar Ln,San Jose,CA,95101,US,Product,active,2024-02-02
5e21237f-0b8d-02cb-aef7-e02dc5c2d80a,Donald,Wright,donald.wright@hotmail.com,+1-419-389-6485,1977-03-08,599 Cedar Ln,Indianapolis,IN,46201,US,Operations,suspended,2024-12-25
8a46c639-e2f2-e9b1-b892-61a89c6846b7,Michael,Ramirez,michael.ramirez2@example.com,+1-842-752-1907,1973-11-16,6436 Oak Ave,Jacksonville,FL,32099,US,HR,inactive,2024-05-18
73a9c36c-db14-3a87-5ef6-5d1ff500c978,Ashley,Harris,ashley.harris@gmail.com,+1-600-413-8030,1989-12-26,421 Cedar Ln,San Francisco,CA,94102,US,Product,active,2024-11-06
1936a2c9-7fd3-c0b5-24c5-e9ab2db8074b,Charles,Rodriguez,charles.rodriguez@icloud.com,+1-836-742-3322,1978-02-26,1429 Lake Dr,Columbus,OH,43085,US,Finance,inactive,2024-07-24
60bb9203-0e4d-b42d-9b7e-363bffffdbc7,Lisa,Ramirez,lisa.ramirez@hotmail.com,+1-896-894-1725,1970-05-23,8005 Maple Dr,Charlotte,NC,28201,US,Legal,inactive,2024-03-26
f14be73b-133e-f97a-6981-906e723fb0ec,Kevin,Gonzalez,kevin.gonzalez@hotmail.com,+1-465-570-8085,1991-12-17,6738 Elm St,Jacksonville,FL,32099,US,Legal,active,2024-07-09
bdb41c19-a8c3-e7fe-b69f-ed2af258fad7,Mary,Hernandez,mary.hernandez@yahoo.com,+1-330-937-4207,1964-12-07,4185 Pine Rd,Fort Worth,TX,76101,US,Operations,inactive,2024-03-09
b7c13c65-89bb-80f7-4558-a9006e341ea1,Brian,Taylor,brian.taylor@icloud.com,+1-388-532-2578,1980-06-05,4936 Oak Ave,Chicago,IL,60601,US,Engineering,suspended,2024-10-11
a34737f8-84f5-d7d1-3421-db3c3e879da4,Michelle,Walker,michelle.walker@icloud.com,+1-979-117-9046,1985-03-16,206 Cedar Ln,Chicago,IL,60601,US,Finance,active,2024-06-13
a5ba2edd-3f9a-2833-d320-d3b2317a3925,Timothy,Clark,timothy.clark@hotmail.com,+1-885-141-9729,1975-04-05,5378 Oak Ave,New York,NY,10001,US,Finance,suspended,2024-11-13
9e2a615e-fe8c-ad92-4ebd-fd092ec91233,Patricia,Sanchez,patricia.sanchez@icloud.com,+1-760-719-6964,1990-12-09,6828 Oak Ave,Fort Worth,TX,76101,US,Marketing,active,2024-04-01
b154f4cf-8e28-598c-3681-426062896134,Paul,Nguyen,paul.nguyen2@hotmail.com,+1-871-882-1463,1983-09-06,4237 Main St,Jacksonville,FL,32099,US,HR,active,2024-02-13
33722b28-65ba-309a-00ea-25f2ccb41497,Robert,Sanchez,robert.sanchez@hotmail.com,+1-535-390-9620,1969-01-09,5726 Cedar Ln,Houston,TX,77001,US,Product,active,2024-11-26
eafb51f9-8fd9-139a-83d6-472505158c96,Timothy,Smith,timothy.smith@outlook.com,+1-206-422-8839,1995-04-11,4294 Lake Dr,San Francisco,CA,94102,US,Operations,suspended,2024-12-09
75b580e8-806f-20d0-3e6b-65de9702929d,George,Brown,george.brown@yahoo.com,+1-268-946-4530,1994-03-27,8823 Maple Dr,San Jose,CA,95101,US,Legal,suspended,2024-12-08
eaaba77d-c995-b41b-562e-db8944cbf2de,Lisa,Nelson,lisa.nelson@outlook.com,+1-754-866-1381,1990-10-13,5603 Lake Dr,Dallas,TX,75201,US,Finance,active,2024-02-19
b33c514d-46f9-e321-c431-af91132f6855,Melissa,Hill,melissa.hill2@outlook.com,+1-561-912-8294,1977-10-02,8481 Maple Dr,Phoenix,AZ,85001,US,HR,active,2024-12-21
2365ece5-1c4a-6051-5bd4-ba2f0c0839e4,Betty,Ramirez,betty.ramirez@yahoo.com,+1-729-185-7737,1969-08-11,3202 Lake Dr,Columbus,OH,43085,US,Product,active,2024-02-15
a1183f91-8d08-b6f8-655f-e95f5a211411,Jessica,Gonzalez,jessica.gonzalez2@yahoo.com,+1-455-503-6462,1997-06-08,7331 Main St,Seattle,WA,98101,US,Engineering,active,2024-06-22
6dac10e2-d945-fd1a-fec2-15221e95995f,John,Rivera,john.rivera@yahoo.com,+1-357-724-3903,1969-02-28,3296 Elm St,Dallas,TX,75201,US,Product,active,2024-02-28
c63fe9cd-16a3-baaa-7263-694ef569a837,Jessica,Taylor,jessica.taylor@yahoo.com,+1-377-116-6287,1976-07-31,7986 Pine Rd,San Diego,CA,92101,US,Sales,active,2024-04-21
7369f074-9c80-f7d5-87df-c5b12fdc1900,Paul,Ramirez,paul.ramirez@gmail.com,+1-984-236-9374,1982-08-14,7358 Main St,Fort Worth,TX,76101,US,Sales,active,2024-06-13
0cd3e357-d7be-2dac-acf7-e08a1e83723c,Karen,Hall,karen.hall2@outlook.com,+1-681-507-1911,1999-12-14,7826 Main St,San Diego,CA,92101,US,Engineering,suspended,2024-07-02
e9017ed1-a4f5-4a39-3a52-bcdd438e2dbf,Kimberly,Torres,kimberly.torres@hotmail.com,+1-530-928-4700,1973-09-22,4551 Elm St,Charlotte,NC,28201,US,Legal,active,2024-07-23
68659857-04d5-db92-63aa-6b823ef24b98,Carol,Davis,carol.davis2@outlook.com,+1-895-183-1283,1969-04-09,1291 Cedar Ln,Columbus,OH,43085,US,Sales,active,2024-02-06
487b3bfc-80f5-501a-6d61-d5b828d77277,Richard,Johnson,richard.johnson@yahoo.com,+1-651-334-1643,1982-04-17,8889 Oak Ave,Fort Worth,TX,76101,US,Product,suspended,2024-01-07
81f35531-2553-55e8-667d-4fc70b3b9246,Lisa,Johnson,lisa.johnson2@yahoo.com,+1-936-724-6626,1965-09-27,8639 Main St,Dallas,TX,75201,US,HR,active,2024-05-18
8eecc2cb-b835-5ffe-8680-be8b6e490e45,Lisa,Miller,lisa.miller@example.com,+1-952-328-3621,1989-07-27,1196 Oak Ave,Chicago,IL,60601,US,HR,active,2024-11-13
cd75ec26-f908-445c-31ae-643f3bd471c2,Ashley,Scott,ashley.scott@outlook.com,+1-961-797-5331,1980-04-03,6336 Park Blvd,San Francisco,CA,94102,US,Legal,inactive,2024-12-13
7cfe0a77-bd66-0abc-06bd-a6e4fe1df6e2,Dorothy,Rodriguez,dorothy.rodriguez@icloud.com,+1-413-583-1239,1962-06-11,3934 Lake Dr,San Antonio,TX,78201,US,Legal,active,2024-07-28
2ac570c0-da33-6eb6-84a9-a8f0865a34f1,Sarah,Anderson,sarah.anderson2@icloud.com,+1-580-788-8388,1960-10-03,502 Pine Rd,Austin,TX,73301,US,HR,active,2024-06-09
7ab8b30b-f343-e220-8a12-5374830a3ba8,David,Scott,david.scott@yahoo.com,+1-843-360-3817,1988-06-04,1598 Main St,Jacksonville,FL,32099,US,HR,active,2024-09-02
ba56012b-a60d-111d-9728-4904cd155008,Daniel,Roberts,daniel.roberts@outlook.com,+1-470-862-9370,1997-10-07,9668 Cedar Ln,Charlotte,NC,28201,US,Engineering,active,2024-09-25
ca67d7af-5e1b-e5e5-77ff-1a82b72a92df,Margaret,Brown,margaret.brown@icloud.com,+1-931-325-4757,1994-08-10,9666 Elm St,New York,NY,10001,US,Product,inactive,2024-07-26
83c821b3-9708-f965-0a31-e7957aa51b94,James,Johnson,james.johnson2@example.com,+1-445-716-7737,1968-02-19,5498 Pine Rd,Dallas,TX,75201,US,HR,active,2024-11-25
e5dd4475-ee09-56e2-3793-b5665dfe0007,Susan,Carter,susan.carter3@icloud.com,+1-620-336-5125,1992-10-18,7270 Oak Ave,New York,NY,10001,US,Product,inactive,2024-09-02
cd77bf7e-af68-bf0a-a154-4001583f3332,Thomas,Roberts,thomas.roberts@hotmail.com,+1-919-417-5102,1962-10-09,5703 Maple Dr,Seattle,WA,98101,US,Sales,active,2024-09-06
42470e00-72b9-0548-8ef5-620b01b439c6,Thomas,Nguyen,thomas.nguyen@gmail.com,+1-534-685-3832,1984-07-04,1585 Cedar Ln,San Jose,CA,95101,US,Marketing,active,2024-06-17
cd88cff7-41c9-bccb-bab8-dd5b99f48d60,Donald,Harris,donald.harris2@icloud.com,+1-589-167-5580,1996-03-23,1357 Park Blvd,Fort Worth,TX,76101,US,Operations,inactive,2024-02-09
f700265c-4fec-59e9-c34f-880d73dbcd01,Michael,Nelson,michael.nelson@hotmail.com,+1-989-786-2939,1990-04-22,491 Elm St,Seattle,WA,98101,US,Product,inactive,2024-04-05
2e23ec84-0829-22a5-ec83-f4f8ee90951e,Anthony,Lopez,anthony.lopez2@outlook.com,+1-986-448-9075,1969-10-13,8894 Park Blvd,Columbus,OH,43085,US,Operations,active,2024-06-16
d6ba85ff-6d30-9097-36a4-1b76e6c9d6f6,Kimberly,Harris,kimberly.harris2@hotmail.com,+1-997-128-4586,1980-08-23,2380 Oak Ave,Fort Worth,TX,76101,US,Marketing,active,2024-05-11
93f61d20-9c7b-dfd5-7b84-b16046543a82,Kimberly,Ramirez,kimberly.ramirez2@gmail.com,+1-719-978-5889,1999-06-20,4350 Oak Ave,Jacksonville,FL,32099,US,Operations,active,2024-10-20
2420cf7d-f114-3cf4-6b41-c5a6bdf034c0,Anthony,Allen,anthony.allen3@yahoo.com,+1-745-702-1954,1981-07-27,8373 Maple Dr,Philadelphia,PA,19101,US,Finance,inactive,2024-02-01
9b6b18c7-b0b1-28f0-39d2-797b32844849,Nancy,Nguyen,nancy.nguyen@hotmail.com,+1-721-120-5529,1967-05-17,7303 Cedar Ln,New York,NY,10001,US,Sales,inactive,2024-03-05
b6980006-be52-2b17-8a55-3c09f5c683b3,Sarah,Gonzalez,sarah.gonzalez@example.com,+1-935-200-2681,1974-02-27,6980 Maple Dr,Indianapolis,IN,46201,US,Operations,suspended,2024-07-24
44b649d0-1e77-8690-120c-d8585e49e4e5,Donna,Mitchell,donna.mitchell2@hotmail.com,+1-885-552-8234,1982-08-02,7631 Oak Ave,Chicago,IL,60601,US,Product,active,2024-02-23
246f9528-66cc-52f1-cb49-7e6e980b1b50,Christopher,Flores,christopher.flores2@yahoo.com,+1-866-853-8612,1962-04-06,8380 Park Blvd,San Francisco,CA,94102,US,Marketing,active,2024-09-24
47cea87e-b705-1e66-afb0-b87f3b02c0d2,Andrew,Jones,andrew.jones@icloud.com,+1-991-888-5398,1985-01-20,601 Maple Dr,Philadelphia,PA,19101,US,Product,active,2024-11-17
910ace14-bf1a-bfb6-8acc-686abb9855ce,Joseph,Perez,joseph.perez@example.com,+1-675-388-4478,2000-04-05,6140 Pine Rd,Seattle,WA,98101,US,Engineering,suspended,2024-06-25
a0e76b88-5cc6-2a30-c2e6-f0589c6932b6,Kimberly,Jackson,kimberly.jackson@yahoo.com,+1-457-731-3935,1973-06-08,8253 Lake Dr,New York,NY,10001,US,Product,inactive,2024-11-11
8f7ff209-68b4-0bc2-68c9-d1ec854e9f38,Margaret,Lewis,margaret.lewis@outlook.com,+1-729-178-6109,1993-08-23,5612 Cedar Ln,San Diego,CA,92101,US,Sales,active,2024-02-28
f6b38c33-2c56-c894-cd8f-a84f30274284,Richard,Mitchell,richard.mitchell2@yahoo.com,+1-604-774-5964,1969-02-19,851 Oak Ave,Indianapolis,IN,46201,US,HR,active,2024-05-18
77b28ef7-cbd6-91f2-23f6-1b0f4bf0d344,Andrew,Brown,andrew.brown@yahoo.com,+1-439-465-2788,1983-05-14,9367 Maple Dr,New York,NY,10001,US,Marketing,active,2024-08-22
29c5b616-c05f-1eb0-d3b5-8e5087e113ef,Steven,Ramirez,steven.ramirez2@outlook.com,+1-777-543-2299,1991-12-01,2749 Main St,Dallas,TX,75201,US,Operations,active,2024-11-17
fd491137-2867-9cc1-606d-7b610c33c21f,Mark,Johnson,mark.johnson@gmail.com,+1-492-536-7104,1985-10-14,2494 Oak Ave,Houston,TX,77001,US,Sales,active,2024-06-13
d69ef2b5-273e-a833-cccc-464f6a334a55,Barbara,Taylor,barbara.taylor@outlook.com,+1-824-259-1623,1980-09-06,6945 Park Blvd,San Diego,CA,92101,US,Operations,active,2024-06-14
f8a35ed8-70bc-e799-308c-78c0ec1db871,Michelle,Green,michelle.green@hotmail.com,+1-249-550-1770,1962-06-01,1100 Main St,Indianapolis,IN,46201,US,Operations,active,2024-08-25
c67542b6-57b9-19a4-fbbc-198b210f214c,Daniel,Anderson,daniel.anderson@icloud.com,+1-917-563-5176,1992-08-02,3373 Lake Dr,San Francisco,CA,94102,US,Marketing,active,2024-08-21
a479e642-b250-50f4-eedc-cefcda8d5e09,Deborah,Jones,deborah.jones@example.com,+1-613-732-2751,1975-09-20,1026 Lake Dr,Seattle,WA,98101,US,Marketing,suspended,2024-09-16
874aabc6-1e9c-4a25-c9d5-842696ef256d,Lisa,Allen,lisa.allen@gmail.com,+1-845-539-3277,1984-08-30,3865 Cedar Ln,Jacksonville,FL,32099,US,Legal,suspended,2024-05-02
583d9255-143b-a1cc-7a10-ecf75d3282f1,Steven,Adams,steven.adams@hotmail.com,+1-611-948-3897,1985-10-17,1740 Main St,Chicago,IL,60601,US,Engineering,active,2024-05-16
e54faf22-5419-aae0-a7d9-46fc6f288de4,Amanda,Jones,amanda.jones@icloud.com,+1-643-628-6557,1961-12-31,9695 Main St,San Jose,CA,95101,US,Engineering,active,2024-08-01
1510fac2-96cd-51b5-348b-9ddfd8c373f7,Paul,Clark,paul.clark@gmail.com,+1-255-245-8534,1978-12-22,4808 Maple Dr,San Jose,CA,95101,US,Finance,inactive,2024-09-07
de184422-b943-dd6d-1c54-65c23cac2f91,Mark,Adams,mark.adams@hotmail.com,+1-481-583-1067,2000-06-06,1521 Maple Dr,Phoenix,AZ,85001,US,Product,active,2024-12-12
9686bb83-6340-93f9-6727-6f7120f9e3ab,Anthony,Rivera,anthony.rivera3@example.com,+1-366-339-7352,1988-01-03,2196 Main St,Philadelphia,PA,19101,US,Marketing,active,2024-05-05
07f85676-3aac-fca3-6fe8-6bb47fd25d5d,Michael,Taylor,michael.taylor@example.com,+1-350-821-9200,1996-09-29,6456 Maple Dr,San Francisco,CA,94102,US,Marketing,active,2024-09-01
312d02d5-546d-de04-8b12-4792854db45f,Richard,Davis,richard.davis2@icloud.com,+1-573-704-2130,1990-11-04,3144 Elm St,Fort Worth,TX,76101,US,Sales,inactive,2024-04-16
e6b9849a-878b-011f-b33a-5ba2dc95c07a,George,Jackson,george.jackson@hotmail.com,+1-344-404-6427,1983-06-22,2041 Lake Dr,San Francisco,CA,94102,US,Marketing,active,2024-04-19
28626655-84cf-cb10-8dba-e5d1214ffcb9,Linda,Young,linda.young@yahoo.com,+1-858-880-4687,1994-03-03,3000 Lake Dr,San Antonio,TX,78201,US,Operations,active,2024-02-25
ce486033-491d-ff05-51a3-3e02ec39228b,Susan,King,susan.king@hotmail.com,+1-488-127-6496,1976-09-15,4872 Lake Dr,Los Angeles,CA,90001,US,Operations,active,2024-04-06
7a105b0d-cffc-e595-0a62-65899e9cbd5a,Charles,Davis,charles.davis2@yahoo.com,+1-235-915-3591,1997-05-31,4905 Oak Ave,Columbus,OH,43085,US,HR,active,2024-01-23
7ee8f866-6bb3-6df2-90a1-8d9b83a35a85,Donald,Miller,donald.miller@hotmail.com,+1-968-464-4337,1980-08-05,6271 Main St,Seattle,WA,98101,US,Engineering,active,2024-06-25
5ea6f62e-dc8d-e4b9-7f09-6df723c2deaa,Karen,Perez,karen.perez@hotmail.com,+1-435-577-4516,1972-08-24,7451 Cedar Ln,Nashville,TN,37201,US,Sales,inactive,2024-12-19
f308f8b2-91c4-f384-4623-43654ff43344,Daniel,Gonzalez,daniel.gonzalez@hotmail.com,+1-687-840-2972,1971-06-21,2678 Maple Dr,Phoenix,AZ,85001,US,Product,suspended,2024-06-03
e00bda93-ecad-c1ec-2985-862698f35bb3,Charles,Adams,charles.adams@example.com,+1-247-161-2579,1978-09-04,2356 Elm St,San Diego,CA,92101,US,Operations,active,2024-05-24
936bd4e5-ec3a-f1c0-820c-82d60451c06e,Patricia,Rodriguez,patricia.rodriguez2@icloud.com,+1-563-341-9316,2000-11-15,9982 Lake Dr,Indianapolis,IN,46201,US,Engineering,inactive,2024-11-09
d553b1fb-645b-21a6-9321-aef18defc2cd,John,Jones,john.jones@yahoo.com,+1-711-670-3134,1972-02-02,7020 Cedar Ln,Indianapolis,IN,46201,US,Legal,inactive,2024-10-05
a1435b48-924b-ba7e-ea90-2fcdb85bd1c9,Thomas,Sanchez,thomas.sanchez2@gmail.com,+1-814-761-4992,1974-11-04,1830 Main St,New York,NY,10001,US,HR,active,2024-08-20
53fe9e4e-b06c-5762-fd17-65aabd582d2e,Charles,Johnson,charles.johnson2@outlook.com,+1-305-441-5476,1995-10-07,9914 Main St,Los Angeles,CA,90001,US,Product,active,2024-04-11
048a7b42-134f-1a1e-629f-69fae4192fd4,Anthony,Green,anthony.green2@yahoo.com,+1-872-470-1648,1960-06-23,954 Oak Ave,Charlotte,NC,28201,US,Legal,active,2024-10-21
7ba122a0-7612-e42b-1898-fe69e2ea4d43,Nancy,Thomas,nancy.thomas2@hotmail.com,+1-964-368-1099,1984-12-10,9143 Pine Rd,Phoenix,AZ,85001,US,Legal,suspended,2024-08-12
5286d5d5-4a5b-3c0f-dbc7-4ea1bccf4d6f,Kevin,Wilson,kevin.wilson@gmail.com,+1-965-165-7898,1976-04-05,4899 Cedar Ln,Houston,TX,77001,US,Finance,suspended,2024-09-05
f77f34ff-763b-4dcb-d5c5-05ebca353dbb,Dorothy,Wright,dorothy.wright@yahoo.com,+1-201-141-8456,1997-11-14,4132 Oak Ave,Fort Worth,TX,76101,US,Product,suspended,2024-03-25
1892a5dd-ed7d-7aaf-7d52-9d815a42592c,Kimberly,Baker,kimberly.baker2@example.com,+1-801-790-9878,1992-10-04,8960 Lake Dr,Indianapolis,IN,46201,US,Sales,active,2024-01-22
68277f1e-8c9a-f5b3-d42d-5943792e5da7,Mark,Perez,mark.perez@example.com,+1-865-196-7218,1997-03-26,5188 Pine Rd,Jacksonville,FL,32099,US,Marketing,active,2024-01-02
66de99c7-4ad4-7ade-6865-7a0b05912a14,George,Flores,george.flores@yahoo.com,+1-382-122-7882,1967-05-12,7016 Lake Dr,Philadelphia,PA,19101,US,Sales,suspended,2024-09-08
b93ba1c4-1516-a9f0-b6a5-19cd4e23a74a,Anthony,Roberts,anthony.roberts@gmail.com,+1-229-285-9243,1988-02-15,2910 Park Blvd,Denver,CO,80201,US,Finance,suspended,2024-11-01
d5537a58-2756-e9b1-bc95-63f2a78effe7,Elizabeth,Ramirez,elizabeth.ramirez2@outlook.com,+1-984-672-1893,1999-02-13,3784 Oak Ave,Nashville,TN,37201,US,Operations,active,2024-11-06
b33d6beb-15cb-da0f-86b4-76acc87db458,David,Mitchell,david.mitchell@hotmail.com,+1-652-573-3860,1988-10-24,9529 Maple Dr,Austin,TX,73301,US,Operations,inactive,2024-09-07
534c8ff1-0471-14eb-38f7-fe2420a030f6,Margaret,Anderson,margaret.anderson3@hotmail.com,+1-907-325-3433,1964-10-20,5363 Maple Dr,San Francisco,CA,94102,US,Product,active,2024-01-03
3e9318f0-e6df-3370-eaf7-588f2f652492,Kenneth,Garcia,kenneth.garcia@icloud.com,+1-216-591-4480,1999-11-10,8601 Main St,Houston,TX,77001,US,Marketing,active,2024-03-03
caa7eb21-aea7-de61-c1ff-ecadc65b8e2b,William,Taylor,william.taylor2@example.com,+1-625-458-3091,1993-06-24,1559 Main St,San Antonio,TX,78201,US,Marketing,active,2024-08-26
5917a56f-b9b4-c191-0c0e-f1dadd14f6df,Kenneth,Moore,kenneth.moore@outlook.com,+1-920-152-1564,2000-09-22,9652 Oak Ave,Philadelphia,PA,19101,US,Marketing,suspended,2024-11-24
a0b5ff79-5f19-287a-cdb2-18f182b9da38,Sandra,Davis,sandra.davis2@outlook.com,+1-326-185-2035,1961-04-05,5290 Main St,San Francisco,CA,94102,US,HR,active,2024-03-27
2aa3cf39-f9f0-4a1f-1d10-6f9113685e0d,David,Campbell,david.campbell@outlook.com,+1-715-566-6431,1997-08-22,983 Maple Dr,Los Angeles,CA,90001,US,Product,inactive,2024-01-07
9dd12d2b-7056-c0c8-021e-83458ec67684,Andrew,Brown,andrew.brown@icloud.com,+1-803-196-5657,1971-01-18,9915 Cedar Ln,Indianapolis,IN,46201,US,Legal,active,2024-10-03
b44a8c33-61a5-e9ec-417d-76dd1f4cd5b2,John,Moore,john.moore@outlook.com,+1-750-613-2980,1973-08-04,8108 Elm St,Houston,TX,77001,US,Product,active,2024-01-19
ee47ba00-56dd-14df-3d4a-bc3cb908e8e1,Daniel,Scott,daniel.scott@yahoo.com,+1-810-166-3608,1984-03-13,7661 Elm St,San Jose,CA,95101,US,Finance,inactive,2024-12-06
c3d914ac-2ee6-202d-5a9d-4d370e538edc,Karen,Walker,karen.walker@icloud.com,+1-435-799-4160,1993-05-05,5045 Lake Dr,Nashville,TN,37201,US,Operations,active,2024-10-28
eb3259f2-3102-a3e6-6bf5-6b5ebb2f3234,Robert,Walker,robert.walker@icloud.com,+1-862-486-5425,1975-12-21,575 Elm St,San Antonio,TX,78201,US,Operations,suspended,2024-09-03
fb53ab5c-788c-bda7-15b9-a6f179a3fb91,Michael,Wright,michael.wright@outlook.com,+1-223-553-8394,1980-03-12,5913 Lake Dr,Jacksonville,FL,32099,US,Product,inactive,2024-03-15
2c2be64b-48f9-b17a-08a2-1434f20d0262,Robert,Brown,robert.brown2@example.com,+1-996-879-1540,1964-08-21,4095 Main St,Fort Worth,TX,76101,US,Legal,active,2024-12-24
10c469e3-8027-ea01-dbff-671c24d9a6d7,Daniel,Anderson,daniel.anderson2@icloud.com,+1-529-737-8649,1983-09-23,8788 Main St,Fort Worth,TX,76101,US,Engineering,inactive,2024-11-28
854df41b-d24d-7603-0fe5-919a002c1b6f,Kimberly,Harris,kimberly.harris@gmail.com,+1-525-351-5269,1987-02-19,7641 Elm St,Columbus,OH,43085,US,Operations,active,2024-12-15
c34135ed-3caa-9046-4e40-4427ed2b9320,Karen,King,karen.king@gmail.com,+1-804-368-5599,1973-06-02,6730 Maple Dr,Dallas,TX,75201,US,Product,inactive,2024-03-14
85b5caa8-b253-a0bc-f6e9-a7ca95ca5e3f,Deborah,Wilson,deborah.wilson@icloud.com,+1-310-831-4739,1964-04-18,8754 Cedar Ln,Jacksonville,FL,32099,US,Finance,active,2024-12-28
2e26f1ac-e6da-6b46-5651-3a60ea7e628d,Donna,Adams,donna.adams@outlook.com,+1-787-858-3608,1974-04-21,7572 Lake Dr,Chicago,IL,60601,US,Legal,inactive,2024-02-07
ead65e0d-1e0c-8279-695e-15d8a5aa338b,Nancy,Wright,nancy.wright@icloud.com,+1-601-123-1957,1997-02-04,1326 Cedar Ln,Nashville,TN,37201,US,Marketing,active,2024-04-27
